login_hour,day_of_week,session_duration,command_length,unique_resources,failed_login_count,is_known_device,is_known_location,auth_method_encoded,entity_type_encoded,target_label
9,3,0,0,1,1.0,0,0,6,0,Failed Login
8,1,1734,1,1,0.0,1,1,6,0,Normal
18,3,7880,1,1,0.0,1,1,4,0,Normal
8,1,6856,1,1,0.0,1,1,4,0,Normal
13,2,1569,0,1,0.0,0,0,1,0,Normal
11,5,10837,0,1,0.0,1,1,4,0,Normal
23,3,10807,1,1,1.0,1,0,3,0,Off-Hours Access
11,3,2642,1,1,1.0,1,1,6,0,Normal
18,3,4209,1,1,0.0,1,0,0,0,Unusual Resource Access
10,3,5037,1,1,0.0,1,1,3,0,Normal
13,2,2009,1,1,0.0,1,1,0,0,Normal
8,4,3012,1,1,0.0,1,1,4,0,Normal
11,3,9623,1,1,0.0,1,0,0,0,Normal
15,0,10115,1,1,0.0,1,1,0,0,Normal
11,3,10269,1,1,0.0,1,1,1,0,Normal
16,6,5140,1,1,0.0,1,1,3,0,Normal
16,3,1647,1,1,0.0,1,1,1,0,Normal
10,1,5330,1,1,0.0,1,1,1,0,Normal
11,2,11527,1,1,0.0,1,1,6,0,Normal
16,3,10918,1,1,0.0,1,1,0,0,Normal
8,1,5482,1,1,0.0,1,1,1,0,Normal
18,5,7158,1,1,0.0,1,1,6,0,Normal
17,1,4514,1,1,0.0,1,1,0,0,Normal
14,1,8009,1,1,0.0,1,1,1,0,Normal
15,4,3785,1,1,0.0,0,0,1,0,Normal
10,4,5981,1,1,0.0,1,1,6,0,Normal
17,2,2080,1,1,0.0,1,1,1,0,Normal
14,1,1093,1,1,0.0,1,1,1,0,Normal
9,2,3065,1,1,0.0,0,0,6,0,Normal
17,1,9786,1,1,0.0,1,1,6,0,Normal
11,4,8179,1,1,0.0,1,1,3,0,Normal
10,3,5282,1,1,0.0,1,1,3,0,Normal
8,0,0,0,1,1.0,0,0,6,0,Failed Login
18,6,2741,1,1,0.0,1,1,0,0,Normal
9,2,10987,1,1,0.0,1,1,6,0,Normal
9,3,3375,1,1,0.0,1,1,3,0,Normal
10,0,11832,1,1,0.0,1,1,1,0,Normal
13,4,9079,1,1,0.0,1,1,4,0,Normal
9,6,11645,1,1,0.0,1,1,1,0,Normal
15,2,0,0,1,1.0,0,0,2,0,Failed Login
15,1,11330,1,1,0.0,1,1,3,0,Normal
11,1,9044,1,1,0.0,1,1,3,0,Normal
11,5,7811,1,1,0.0,1,1,3,0,Normal
11,6,6826,0,1,0.0,1,1,1,0,Normal
13,2,2704,0,1,0.0,0,0,1,0,Normal
10,1,9935,1,1,1.0,1,1,1,0,Normal
8,2,3244,1,1,0.0,1,1,6,0,Normal
13,1,2108,1,1,0.0,1,1,3,0,Normal
10,6,5807,1,1,0.0,1,0,3,0,Suspicious Command
15,5,2722,1,1,1.0,1,1,4,0,Normal
17,3,3527,0,1,0.0,0,0,3,0,Normal
15,2,9122,1,1,2.0,1,1,3,0,Normal
12,0,2950,1,1,0.0,1,1,0,0,Normal
11,3,10813,1,1,0.0,1,1,3,0,Normal
15,2,3600,0,1,0.0,1,1,0,0,Normal
12,1,6842,1,1,0.0,1,0,6,0,Normal
10,4,2293,1,1,1.0,1,0,1,0,Unusual Resource Access
15,6,2427,1,1,0.0,1,1,4,0,Normal
12,5,6052,1,1,0.0,1,1,1,0,Normal
18,6,9150,0,1,0.0,0,0,0,0,Normal
8,6,10506,1,1,0.0,1,1,0,0,Normal
18,6,4694,1,1,0.0,1,1,6,0,Normal
16,0,6493,1,1,0.0,1,1,3,0,Normal
17,6,7250,1,1,0.0,1,0,6,0,Normal
9,0,2495,1,1,0.0,1,1,0,0,Normal
12,1,0,0,1,1.0,0,0,4,0,Failed Login
15,0,5596,1,1,0.0,1,0,4,0,Suspicious Command
18,0,9296,1,1,0.0,1,1,4,0,Normal
14,2,1599,1,1,1.0,1,1,4,0,Normal
16,2,5662,1,1,1.0,1,1,6,0,Normal
9,1,11863,0,1,0.0,1,1,0,0,Normal
16,1,2306,1,1,0.0,1,1,6,0,Normal
14,3,7478,1,1,0.0,1,1,1,0,Normal
15,0,5460,1,1,0.0,1,1,6,0,Normal
10,3,10209,0,1,0.0,1,1,4,0,Normal
21,6,2034,1,1,0.0,1,0,6,0,Off-Hours Access
15,4,4407,1,1,1.0,1,1,3,0,Normal
9,3,3532,1,1,0.0,1,0,3,0,Suspicious Command
17,3,10683,1,1,0.0,1,1,3,0,Normal
17,6,1132,1,1,1.0,1,1,4,0,Normal
13,3,9431,1,1,0.0,1,1,4,0,Normal
10,0,2496,0,1,0.0,1,1,3,0,Normal
14,1,10745,1,1,0.0,1,0,1,0,Normal
18,1,6860,0,1,0.0,1,1,4,0,Normal
9,4,7683,1,1,0.0,1,1,0,0,Normal
14,5,3780,1,1,0.0,1,1,6,0,Normal
17,5,7151,1,1,0.0,1,1,0,0,Normal
17,3,2600,0,1,0.0,1,1,6,0,Normal
9,1,2533,1,1,0.0,1,1,3,0,Normal
8,6,4371,1,1,0.0,1,1,0,0,Normal
11,5,6644,1,1,0.0,1,1,6,0,Normal
18,0,7038,1,1,0.0,1,1,6,0,Normal
18,3,11931,1,1,0.0,1,1,0,0,Normal
8,1,7034,1,1,0.0,1,1,1,0,Normal
13,0,7945,1,1,1.0,1,1,3,0,Normal
17,1,10367,1,1,0.0,1,1,6,0,Normal
10,0,3495,1,1,0.0,1,1,3,0,Normal
10,6,0,0,1,1.0,0,0,2,0,Failed Login
22,2,11246,1,1,0.0,1,0,0,0,Off-Hours Access
11,1,11179,1,1,0.0,1,0,6,0,Unusual Resource Access
9,6,2910,0,1,0.0,1,1,3,0,Normal
10,2,6821,1,1,0.0,1,1,0,0,Normal
8,3,11151,0,1,2.0,1,1,0,0,Normal
13,0,3845,1,1,0.0,1,1,1,0,Normal
17,2,2820,1,1,0.0,1,1,6,0,Normal
17,0,9448,1,1,0.0,1,1,1,0,Normal
17,1,9386,1,1,0.0,1,1,6,0,Normal
9,6,6266,1,1,0.0,1,1,6,0,Normal
10,3,7452,1,1,0.0,1,0,0,0,Unusual Resource Access
18,1,2585,1,1,0.0,1,1,0,0,Normal
15,1,0,0,1,1.0,0,0,0,0,Failed Login
18,2,3640,0,1,1.0,1,1,0,0,Normal
12,1,7425,0,1,0.0,1,1,4,0,Normal
14,5,0,0,1,1.0,0,0,6,0,Failed Login
13,3,6168,1,1,0.0,1,1,3,0,Normal
17,4,6144,1,1,0.0,1,0,4,0,Suspicious Command
15,6,10343,1,1,0.0,1,0,0,0,Unusual Resource Access
17,1,3047,1,1,0.0,1,1,4,0,Normal
23,5,10016,0,1,0.0,1,0,0,0,Off-Hours Access
14,3,11403,0,1,0.0,1,1,0,0,Normal
8,5,3173,0,1,0.0,1,1,6,0,Normal
14,4,4031,1,1,0.0,1,1,6,0,Normal
8,5,1605,0,1,0.0,1,1,4,0,Normal
12,4,5322,1,1,1.0,1,1,0,0,Normal
15,6,3324,1,1,1.0,1,1,4,0,Normal
14,2,9448,1,1,0.0,1,1,6,0,Normal
15,2,4600,0,1,0.0,1,1,0,0,Normal
9,3,11704,1,1,0.0,1,1,1,0,Normal
15,4,11885,1,1,0.0,1,1,6,0,Normal
15,1,10575,1,1,1.0,1,1,1,0,Normal
12,5,9165,0,1,0.0,1,1,1,0,Normal
14,6,4226,1,1,1.0,1,1,3,0,Normal
14,3,0,0,1,1.0,0,0,2,0,Failed Login
15,4,9916,0,1,0.0,1,1,6,0,Normal
14,6,6367,0,1,0.0,1,1,3,0,Normal
8,5,4077,1,1,1.0,1,1,0,0,Normal
12,0,9397,1,1,1.0,1,1,0,0,Normal
11,1,1770,0,1,0.0,1,1,6,0,Normal
16,4,11061,1,1,0.0,1,1,1,0,Normal
11,5,4270,1,1,1.0,1,1,0,0,Normal
17,4,3932,1,1,1.0,1,1,6,0,Normal
11,1,3630,1,1,1.0,1,1,6,0,Normal
8,6,6373,0,1,0.0,1,1,0,0,Normal
9,2,6669,1,1,0.0,1,1,3,0,Normal
11,1,2438,1,1,0.0,1,0,1,0,Unusual Resource Access
13,4,9840,1,1,0.0,1,1,4,0,Normal
8,2,6367,1,1,0.0,1,1,4,0,Normal
3,2,4280,1,1,0.0,1,0,0,0,Off-Hours Access
6,0,1573,1,1,1.0,1,0,4,0,Off-Hours Access
17,5,10184,1,1,0.0,1,1,0,0,Normal
15,2,3361,1,1,0.0,0,0,0,0,Normal
10,2,1958,1,1,0.0,1,1,4,0,Normal
0,3,6637,1,1,0.0,0,0,4,0,Off-Hours Access
18,4,2309,1,1,0.0,1,1,1,0,Normal
11,4,0,0,1,1.0,0,0,0,0,Failed Login
12,3,10139,1,1,0.0,1,1,1,0,Normal
18,6,3123,1,1,0.0,0,0,4,0,Normal
9,4,0,0,1,2.0,0,0,3,0,Failed Login
13,3,8543,1,1,0.0,1,1,0,0,Normal
16,3,3203,1,1,0.0,1,1,6,0,Normal
16,6,9800,1,1,0.0,1,1,3,0,Normal
14,1,0,0,1,1.0,1,0,5,0,Failed Login
12,0,1897,0,1,0.0,1,1,4,0,Normal
8,4,3261,1,1,0.0,1,1,3,0,Normal
18,2,900,0,1,0.0,1,0,6,0,Unusual Resource Access
16,5,2597,1,1,1.0,1,1,1,0,Normal
14,2,7528,1,1,0.0,1,1,4,0,Normal
16,0,11683,1,1,0.0,1,1,0,0,Normal
8,1,3697,1,1,0.0,1,1,1,0,Normal
12,3,8976,1,1,1.0,1,1,3,0,Normal
9,3,3327,0,1,0.0,1,1,0,0,Normal
14,6,1458,1,1,0.0,1,1,4,0,Normal
13,3,9502,1,1,0.0,1,0,4,0,Suspicious Command
18,0,6458,1,1,0.0,1,1,3,0,Normal
18,5,11469,1,1,1.0,1,1,6,0,Normal
18,0,11695,1,1,0.0,1,1,3,0,Normal
17,5,0,0,1,1.0,0,0,0,0,Failed Login
11,5,7782,0,1,0.0,1,1,0,0,Normal
8,5,7032,1,1,0.0,0,0,0,0,Normal
9,5,3082,1,1,0.0,1,1,0,0,Normal
12,1,4594,1,1,0.0,1,1,4,0,Normal
11,4,11207,1,1,0.0,1,1,6,0,Normal
10,6,7585,1,1,0.0,1,1,4,0,Normal
10,5,4015,1,1,0.0,1,1,0,0,Normal
16,3,10053,1,1,0.0,1,1,3,0,Normal
14,2,10224,0,1,0.0,1,1,6,0,Normal
9,4,1743,1,1,0.0,1,1,1,0,Normal
12,2,6763,0,1,0.0,1,1,0,0,Normal
16,4,10914,1,1,0.0,1,1,3,0,Normal
16,3,8616,1,1,0.0,1,1,3,0,Normal
12,1,0,0,1,1.0,0,0,5,0,Failed Login
14,4,9934,1,1,0.0,1,1,6,0,Normal
9,3,4590,1,1,0.0,1,1,3,0,Normal
11,4,4114,1,1,0.0,1,1,6,0,Normal
8,4,7242,1,1,0.0,1,1,6,0,Normal
14,1,8075,0,1,0.0,1,1,6,0,Normal
14,5,4701,0,1,1.0,1,1,1,0,Normal
16,4,4994,1,1,0.0,1,1,6,0,Normal
15,6,0,0,1,1.0,0,0,0,0,Failed Login
21,5,6124,1,1,1.0,1,0,3,0,Off-Hours Access
13,3,8866,1,1,0.0,1,1,3,0,Normal
16,6,4353,0,1,0.0,1,0,3,0,Normal
10,6,11548,1,1,2.0,1,1,0,0,Normal
15,2,5454,1,1,0.0,1,1,4,0,Normal
8,4,9015,0,1,0.0,1,1,0,0,Normal
11,3,11712,1,1,0.0,1,0,1,0,Normal
8,4,6486,1,1,0.0,1,0,6,0,Suspicious Command
8,6,7258,1,1,0.0,1,1,3,0,Normal
15,5,9401,1,1,0.0,1,1,3,0,Normal
11,2,5395,0,1,0.0,1,1,4,0,Normal
13,4,10985,1,1,0.0,1,1,6,0,Normal
18,3,2936,1,1,0.0,1,1,6,0,Normal
12,0,8481,0,1,0.0,1,1,0,0,Normal
13,3,8116,1,1,1.0,1,0,6,0,Suspicious Command
12,6,4626,1,1,0.0,1,1,1,0,Normal
19,0,5144,1,1,0.0,1,0,6,0,Off-Hours Access
13,1,10244,1,1,0.0,1,0,1,0,Unusual Resource Access
14,2,3244,0,1,0.0,1,1,4,0,Normal
13,6,5717,1,1,0.0,1,1,0,0,Normal
12,3,6536,1,1,0.0,0,0,3,0,Unusual Resource Access
8,6,11536,0,1,0.0,1,1,0,0,Normal
17,2,7749,1,1,0.0,1,1,3,0,Normal
8,4,9425,1,1,0.0,1,1,3,0,Normal
17,0,4882,1,1,0.0,1,1,4,0,Normal
9,5,7616,1,1,0.0,1,1,0,0,Normal
9,4,10815,1,1,0.0,1,1,0,0,Normal
17,2,4913,1,1,0.0,1,1,3,0,Normal
10,2,6496,1,1,0.0,1,1,4,0,Normal
16,1,0,0,1,1.0,0,0,0,0,Failed Login
9,3,1292,1,1,0.0,1,1,0,0,Normal
16,6,7819,1,1,1.0,1,1,0,0,Normal
11,5,6418,1,1,0.0,1,1,6,0,Normal
9,0,6715,1,1,0.0,1,1,6,0,Normal
14,4,3905,1,1,1.0,1,1,1,0,Normal
19,2,2487,1,1,0.0,1,0,4,0,Off-Hours Access
8,5,10399,1,1,0.0,1,1,3,0,Normal
13,0,1587,1,1,0.0,1,1,1,0,Normal
17,3,2529,1,1,0.0,1,1,4,0,Normal
12,4,9946,1,1,0.0,1,0,6,0,Unusual Resource Access
17,2,9713,1,1,0.0,0,0,3,0,Normal
8,0,0,0,1,1.0,1,0,1,0,Failed Login
15,1,5462,1,1,1.0,1,1,1,0,Normal
9,6,6259,1,1,0.0,1,1,6,0,Normal
18,2,6057,0,1,0.0,1,1,6,0,Normal
16,3,8602,1,1,0.0,1,0,1,0,Unusual Resource Access
15,0,11300,0,1,0.0,1,1,1,0,Normal
11,4,8939,1,1,0.0,1,1,6,0,Normal
14,3,7130,1,1,0.0,1,1,3,0,Normal
15,6,4699,1,1,1.0,1,1,4,0,Normal
14,1,8780,1,1,0.0,1,1,3,0,Normal
12,2,4953,1,1,0.0,1,1,4,0,Normal
13,2,7650,1,1,0.0,1,0,3,0,Suspicious Command
23,3,5171,1,1,1.0,1,0,0,0,Off-Hours Access
11,4,8234,1,1,1.0,1,1,4,0,Normal
16,0,10906,1,1,0.0,1,1,3,0,Normal
8,2,6360,1,1,0.0,0,0,6,0,Normal
2,3,4432,1,1,0.0,1,0,4,0,Off-Hours Access
8,2,2579,1,1,0.0,0,0,3,0,Normal
10,3,4668,1,1,1.0,0,0,6,0,Normal
9,4,0,0,1,1.0,0,0,3,0,Failed Login
16,0,7865,1,1,0.0,1,0,4,0,Suspicious Command
12,4,5229,1,1,0.0,1,1,6,0,Normal
14,4,10091,1,1,0.0,1,1,0,0,Normal
16,3,1182,1,1,0.0,1,1,0,0,Normal
16,5,4571,1,1,0.0,1,1,0,0,Normal
15,2,2685,1,1,0.0,1,1,3,0,Normal
18,6,3673,1,1,1.0,1,1,3,0,Normal
10,4,9475,1,1,0.0,0,0,0,0,Normal
15,3,6435,1,1,0.0,1,0,4,0,Normal
21,3,8813,1,1,0.0,1,0,4,0,Off-Hours Access
9,4,2169,1,1,0.0,1,1,0,0,Normal
16,0,4133,1,1,0.0,1,1,1,0,Normal
15,1,0,0,1,2.0,0,0,0,0,Failed Login
13,0,5654,1,1,0.0,1,1,1,0,Normal
13,3,8635,1,1,0.0,1,1,4,0,Normal
10,3,1060,1,1,1.0,1,1,0,0,Normal
9,3,0,0,1,3.0,0,0,0,0,Failed Login
16,1,5909,1,1,1.0,1,0,3,0,Suspicious Command
12,0,2169,1,1,0.0,1,1,1,0,Normal
12,1,10990,1,1,0.0,1,0,3,0,Unusual Resource Access
11,2,3300,1,1,0.0,0,0,3,0,Normal
13,2,9283,1,1,0.0,0,0,1,0,Normal
13,3,4844,1,1,0.0,1,1,6,0,Normal
15,0,6093,1,1,0.0,1,1,3,0,Normal
11,0,8063,1,1,0.0,1,1,1,0,Normal
12,6,8033,1,1,0.0,1,1,3,0,Normal
22,1,6814,1,1,1.0,1,0,1,0,Off-Hours Access
12,6,5045,0,1,0.0,1,0,0,0,Unusual Resource Access
8,6,11258,1,1,0.0,1,1,3,0,Normal
18,4,2856,1,1,0.0,1,0,0,0,Suspicious Command
8,3,5446,1,1,0.0,1,1,3,0,Normal
8,4,10514,1,1,1.0,1,1,1,0,Normal
14,2,4061,1,1,0.0,1,1,6,0,Normal
9,3,10084,1,1,0.0,1,0,4,0,Unusual Resource Access
17,2,0,0,1,1.0,0,0,3,0,Failed Login
18,1,4942,1,1,0.0,1,1,6,0,Normal
10,4,5603,1,1,0.0,1,1,0,0,Normal
7,5,6615,1,1,0.0,1,0,3,0,Off-Hours Access
18,1,10488,1,1,0.0,1,1,6,0,Normal
14,1,6506,1,1,0.0,1,1,1,0,Normal
12,4,5130,1,1,0.0,1,1,1,0,Normal
9,3,3190,1,1,0.0,1,1,0,0,Normal
18,0,2613,1,1,0.0,1,1,4,0,Normal
10,2,6416,1,1,0.0,0,0,4,0,Normal
12,6,4890,1,1,1.0,1,0,0,0,Unusual Resource Access
13,0,1557,1,1,1.0,1,1,4,0,Normal
12,1,3186,1,1,1.0,1,0,3,0,Suspicious Command
8,6,6570,1,1,1.0,1,1,1,0,Normal
18,2,3425,1,1,0.0,0,0,1,0,Suspicious Command
8,6,2536,1,1,1.0,1,1,4,0,Normal
11,3,8493,1,1,0.0,1,1,0,0,Normal
14,5,7451,1,1,0.0,1,1,1,0,Normal
18,0,7352,1,1,0.0,1,1,3,0,Normal
17,2,3818,1,1,0.0,1,1,3,0,Normal
16,5,10716,1,1,1.0,1,1,3,0,Normal
11,1,1624,1,1,0.0,1,1,1,0,Normal
14,5,3369,1,1,0.0,1,1,0,0,Normal
15,0,3841,1,1,0.0,1,1,0,0,Normal
9,0,2561,1,1,0.0,1,1,4,0,Normal
10,2,9206,1,1,0.0,0,0,3,0,Normal
18,1,8658,1,1,0.0,1,0,4,0,Suspicious Command
9,6,9611,1,1,0.0,1,1,0,0,Normal
10,4,5124,1,1,0.0,1,1,3,0,Normal
15,4,5515,0,1,0.0,1,1,0,0,Normal
13,2,5034,1,1,0.0,1,1,4,0,Normal
8,5,5704,1,1,0.0,1,1,1,0,Normal
12,5,0,0,1,1.0,0,0,6,0,Failed Login
12,1,4899,1,1,0.0,1,1,3,0,Normal
9,3,3304,1,1,0.0,0,0,6,0,Normal
9,4,7465,0,1,0.0,1,1,0,0,Normal
18,3,2807,1,1,0.0,1,1,0,0,Normal
17,4,1700,1,1,0.0,1,1,1,0,Normal
14,5,9117,1,1,0.0,1,1,4,0,Normal
10,3,982,1,1,0.0,1,1,4,0,Normal
18,1,0,0,1,2.0,0,0,3,0,Failed Login
17,4,6137,1,1,0.0,1,0,4,0,Suspicious Command
15,6,9620,1,1,0.0,1,1,1,0,Normal
14,3,11244,1,1,0.0,1,1,6,0,Normal
11,4,5881,1,1,0.0,0,0,4,0,Normal
8,2,3631,1,1,0.0,1,1,3,0,Normal
8,1,8940,1,1,0.0,1,1,3,0,Normal
14,6,7383,1,1,0.0,1,1,6,0,Normal
12,6,9912,1,1,0.0,1,1,0,0,Normal
17,1,11226,0,1,0.0,1,1,4,0,Normal
14,5,8500,1,1,0.0,1,1,0,0,Normal
10,1,11600,1,1,0.0,1,0,0,0,Unusual Resource Access
11,1,4573,1,1,0.0,1,1,3,0,Normal
17,0,6225,1,1,0.0,1,1,6,0,Normal
15,1,6946,1,1,0.0,1,0,1,0,Unusual Resource Access
11,3,0,0,1,1.0,1,0,0,0,Failed Login
18,4,3509,1,1,0.0,1,1,4,0,Normal
8,4,9415,1,1,0.0,0,0,0,0,Normal
22,1,7427,1,1,1.0,1,0,4,0,Off-Hours Access
16,3,2932,0,1,0.0,1,1,0,0,Normal
17,5,6904,1,1,1.0,1,1,1,0,Normal
15,2,6510,1,1,0.0,1,0,4,0,Suspicious Command
15,5,5410,1,1,0.0,1,1,3,0,Normal
16,6,6976,1,1,0.0,1,1,1,0,Normal
10,4,8106,1,1,0.0,1,1,0,0,Normal
10,6,10472,1,1,0.0,1,0,1,0,Suspicious Command
16,4,8714,1,1,0.0,1,1,0,0,Normal
10,1,9474,1,1,1.0,1,1,4,0,Normal
18,3,3773,1,1,0.0,1,1,0,0,Normal
7,4,9487,1,1,0.0,0,0,6,0,Off-Hours Access
18,6,6298,1,1,0.0,1,1,6,0,Normal
16,5,8217,1,1,0.0,1,1,6,0,Normal
10,3,8372,1,1,0.0,1,1,1,0,Normal
16,3,1943,1,1,0.0,1,1,1,0,Normal
11,1,8719,1,1,0.0,1,1,3,0,Normal
8,6,8736,0,1,0.0,1,1,1,0,Normal
1,1,11302,1,1,0.0,1,0,1,0,Off-Hours Access
14,3,11240,1,1,0.0,1,1,0,0,Normal
12,4,9619,1,1,0.0,1,1,4,0,Normal
16,5,3884,1,1,0.0,1,1,6,0,Normal
15,4,1974,1,1,0.0,1,1,1,0,Normal
15,5,4071,1,1,0.0,1,1,1,0,Normal
12,1,9590,1,1,0.0,1,1,4,0,Normal
17,3,6204,1,1,0.0,1,1,1,0,Normal
10,6,11755,1,1,0.0,1,1,3,0,Normal
18,3,4647,1,1,0.0,1,1,4,0,Normal
12,0,6367,1,1,0.0,1,1,4,0,Normal
15,5,7347,1,1,0.0,1,1,3,0,Normal
8,0,0,0,1,2.0,0,0,1,0,Failed Login
14,6,4167,1,1,1.0,1,1,3,0,Normal
12,2,3528,1,1,0.0,1,1,1,0,Normal
15,6,4993,1,1,1.0,1,1,0,0,Normal
18,3,3386,1,1,0.0,1,0,0,0,Suspicious Command
11,6,4917,1,1,1.0,1,1,0,0,Normal
12,2,1258,1,1,0.0,1,1,4,0,Normal
13,3,4419,1,1,0.0,1,1,0,0,Normal
13,2,5083,1,1,0.0,1,1,4,0,Normal
20,1,6258,1,1,0.0,1,0,6,0,Off-Hours Access
13,6,10161,0,1,0.0,1,1,6,0,Normal
10,5,10303,1,1,0.0,1,1,6,0,Normal
18,5,8293,1,1,0.0,1,1,0,0,Normal
10,4,8339,1,1,0.0,1,1,4,0,Normal
17,0,7288,0,1,0.0,1,1,3,0,Normal
10,1,11951,1,1,0.0,1,1,3,0,Normal
18,1,10351,1,1,0.0,1,1,4,0,Normal
12,1,9639,1,1,1.0,0,0,6,0,Normal
13,5,4670,1,1,0.0,1,1,4,0,Normal
14,0,6721,0,1,0.0,1,1,1,0,Normal
9,2,8173,1,1,0.0,1,1,6,0,Normal
15,2,7134,1,1,2.0,1,1,1,0,Normal
16,0,4029,1,1,0.0,1,0,4,0,Unusual Resource Access
16,6,9235,0,1,0.0,1,1,4,0,Normal
14,0,2283,1,1,0.0,1,0,1,0,Suspicious Command
12,2,3205,1,1,0.0,1,1,6,0,Normal
10,2,11018,1,1,0.0,1,0,4,0,Unusual Resource Access
10,1,11855,1,1,0.0,1,1,1,0,Normal
10,5,5914,1,1,1.0,0,0,1,0,Normal
17,3,6332,0,1,1.0,1,1,6,0,Normal
10,1,0,0,1,2.0,0,0,2,0,Failed Login
15,5,8115,1,1,0.0,0,0,3,0,Normal
12,3,6889,1,1,0.0,1,1,3,0,Normal
17,4,9333,1,1,0.0,1,1,1,0,Normal
9,4,10976,0,1,0.0,1,1,4,0,Normal
18,0,11850,1,1,0.0,1,1,0,0,Normal
12,2,7814,1,1,0.0,1,1,4,0,Normal
8,3,4142,1,1,1.0,1,1,6,0,Normal
11,3,0,0,1,1.0,0,0,0,0,Failed Login
16,3,11639,1,1,0.0,1,1,4,0,Normal
10,5,9893,1,1,0.0,1,1,0,0,Normal
16,5,7888,1,1,0.0,1,1,4,0,Normal
9,6,2870,1,1,0.0,1,1,6,0,Normal
12,6,0,0,1,1.0,0,0,5,0,Failed Login
16,6,9592,1,1,0.0,1,1,3,0,Normal
16,6,7035,1,1,0.0,1,1,1,0,Normal
18,1,3391,1,1,0.0,1,1,1,0,Normal
8,3,9448,1,1,0.0,1,1,0,0,Normal
12,6,10005,1,1,0.0,1,1,4,0,Normal
17,4,7623,1,1,1.0,1,1,6,0,Normal
11,0,7306,1,1,0.0,1,1,0,0,Normal
9,6,7477,0,1,1.0,1,1,1,0,Normal
11,6,6265,0,1,0.0,1,1,4,0,Normal
9,4,4704,1,1,1.0,1,1,0,0,Normal
16,5,3417,0,1,0.0,1,1,0,0,Normal
14,3,11171,1,1,0.0,0,0,6,0,Normal
15,2,9466,0,1,0.0,1,1,1,0,Normal
17,0,11793,1,1,0.0,1,1,1,0,Normal
9,1,5023,1,1,0.0,1,1,4,0,Normal
12,2,2556,1,1,0.0,1,1,6,0,Normal
11,3,2603,1,1,1.0,1,1,4,0,Normal
17,0,11837,1,1,0.0,1,1,3,0,Normal
18,6,2824,1,1,0.0,1,1,6,0,Normal
17,2,6590,1,1,0.0,1,1,6,0,Normal
16,6,11862,0,1,0.0,1,1,0,0,Normal
18,2,7652,1,1,0.0,1,1,4,0,Normal
12,1,4974,1,1,0.0,1,1,4,0,Normal
15,5,4330,1,1,0.0,1,1,1,0,Normal
14,4,9089,1,1,0.0,1,1,1,0,Normal
16,0,5910,0,1,0.0,1,1,4,0,Normal
17,5,4212,1,1,0.0,1,1,0,0,Normal
15,6,3661,1,1,1.0,1,1,1,0,Normal
12,6,2383,0,1,1.0,1,0,1,0,Unusual Resource Access
13,6,3079,1,1,1.0,1,1,0,0,Normal
12,4,6205,1,1,1.0,1,1,6,0,Normal
16,2,9001,1,1,0.0,1,1,6,0,Normal
15,2,1103,1,1,0.0,1,1,1,0,Normal
17,1,10014,1,1,0.0,1,1,0,0,Normal
5,0,6750,1,1,0.0,1,0,4,0,Off-Hours Access
13,6,10385,1,1,0.0,1,1,3,0,Normal
16,6,6036,0,1,0.0,1,1,3,0,Normal
18,3,5309,1,1,0.0,1,1,0,0,Normal
15,2,3707,0,1,0.0,1,1,6,0,Normal
8,1,3322,0,1,0.0,1,1,0,0,Normal
12,4,9721,1,1,0.0,1,0,4,0,Suspicious Command
16,6,10515,1,1,0.0,1,1,3,0,Normal
13,3,10957,0,1,0.0,1,1,6,0,Normal
11,0,3869,0,1,0.0,1,1,1,0,Normal
9,5,7247,1,1,1.0,1,1,3,0,Normal
10,3,2470,1,1,0.0,1,1,1,0,Normal
12,1,8301,1,1,0.0,1,0,4,0,Suspicious Command
17,2,7013,0,1,0.0,0,0,6,0,Normal
8,4,3878,1,1,1.0,1,0,0,0,Suspicious Command
9,6,7030,1,1,1.0,1,1,3,0,Normal
10,3,1397,1,1,0.0,1,1,0,0,Normal
9,2,2665,1,1,0.0,1,1,4,0,Normal
9,0,3443,1,1,0.0,1,1,3,0,Normal
18,3,2806,1,1,1.0,1,1,0,0,Normal
13,2,0,0,1,1.0,0,0,5,0,Failed Login
18,4,10124,1,1,0.0,0,0,3,0,Normal
16,5,6148,1,1,0.0,1,1,4,0,Normal
18,4,7077,0,1,0.0,1,1,0,0,Normal
13,5,5931,0,1,0.0,1,0,1,0,Unusual Resource Access
13,1,1358,0,1,0.0,1,1,3,0,Normal
16,6,9484,1,1,1.0,1,1,3,0,Normal
8,2,8391,1,1,0.0,1,1,6,0,Normal
11,4,11392,1,1,0.0,1,1,3,0,Normal
11,0,7485,1,1,1.0,1,0,4,0,Suspicious Command
11,0,1067,1,1,0.0,1,0,0,0,Suspicious Command
12,0,5052,1,1,0.0,1,1,0,0,Normal
8,0,11761,1,1,0.0,1,1,1,0,Normal
9,5,9686,1,1,0.0,1,0,4,0,Suspicious Command
12,6,4211,0,1,0.0,1,1,0,0,Normal
10,1,8744,0,1,0.0,1,1,0,0,Normal
14,0,4860,1,1,0.0,1,1,6,0,Normal
15,6,3996,1,1,0.0,1,1,3,0,Normal
17,3,5009,1,1,0.0,1,1,4,0,Normal
18,2,3408,1,1,0.0,1,1,0,0,Normal
18,0,3248,1,1,0.0,1,0,3,0,Unusual Resource Access
9,3,9387,1,1,0.0,1,0,0,0,Normal
13,0,2600,1,1,0.0,1,0,1,0,Normal
17,2,11464,1,1,0.0,0,0,0,0,Unusual Resource Access
14,0,10936,1,1,0.0,1,1,0,0,Normal
15,1,9689,1,1,0.0,1,1,0,0,Normal
10,1,0,0,1,1.0,0,0,0,0,Failed Login
18,6,7799,1,1,0.0,1,1,0,0,Normal
14,2,6241,1,1,0.0,1,1,4,0,Normal
11,4,5928,1,1,0.0,1,0,4,0,Unusual Resource Access
9,3,11116,1,1,0.0,1,1,4,0,Normal
16,5,3723,1,1,0.0,1,0,3,0,Unusual Resource Access
17,2,10321,1,1,0.0,1,1,0,0,Normal
15,5,1764,1,1,1.0,1,0,6,0,Suspicious Command
13,5,5939,1,1,0.0,1,1,1,0,Normal
13,3,6447,1,1,0.0,1,1,0,0,Normal
16,5,7702,0,1,0.0,1,1,1,0,Normal
10,1,5507,1,1,0.0,1,1,0,0,Normal
10,2,1545,1,1,0.0,1,1,6,0,Normal
10,3,6837,1,1,0.0,1,1,3,0,Normal
8,2,6466,0,1,0.0,1,1,4,0,Normal
23,6,9005,1,1,0.0,1,0,4,0,Off-Hours Access
14,6,4046,1,1,1.0,1,1,4,0,Normal
8,2,1752,1,1,0.0,1,1,1,0,Normal
15,3,5370,1,1,0.0,1,1,6,0,Normal
16,5,1074,1,1,0.0,1,1,3,0,Normal
23,0,6505,1,1,0.0,1,0,0,0,Off-Hours Access
12,4,5514,1,1,1.0,1,1,0,0,Normal
18,3,2759,0,1,0.0,1,1,3,0,Normal
11,5,1964,1,1,0.0,1,1,4,0,Normal
9,5,1120,1,1,0.0,1,1,6,0,Normal
9,0,11238,1,1,0.0,1,1,0,0,Normal
17,5,4168,1,1,0.0,1,1,1,0,Normal
19,3,4132,1,1,0.0,1,0,0,0,Off-Hours Access
15,0,8150,1,1,1.0,1,1,6,0,Normal
11,0,0,0,1,1.0,1,0,5,0,Failed Login
17,0,9201,1,1,0.0,1,1,0,0,Normal
13,3,1014,1,1,0.0,1,1,3,0,Normal
9,0,6539,1,1,0.0,1,1,0,0,Normal
14,0,11951,0,1,0.0,1,1,6,0,Normal
13,3,10225,1,1,0.0,1,1,6,0,Normal
15,4,8913,1,1,0.0,1,1,4,0,Normal
11,1,6681,1,1,0.0,1,1,6,0,Normal
14,5,3401,1,1,0.0,1,1,0,0,Normal
10,2,11257,1,1,0.0,0,0,0,0,Normal
18,1,10614,1,1,1.0,1,1,1,0,Normal
19,0,8871,1,1,0.0,1,0,1,0,Off-Hours Access
10,1,2636,0,1,0.0,1,1,4,0,Normal
12,0,8997,1,1,0.0,1,1,3,0,Normal
12,2,11229,1,1,0.0,0,0,4,0,Normal
10,0,7017,1,1,0.0,1,1,4,0,Normal
9,3,7732,1,1,0.0,1,1,4,0,Normal
11,3,5496,1,1,0.0,1,1,0,0,Normal
11,5,11265,1,1,0.0,1,1,4,0,Normal
11,0,10129,1,1,1.0,1,1,0,0,Normal
9,2,6169,0,1,1.0,1,1,3,0,Normal
12,0,4065,1,1,0.0,1,1,0,0,Normal
8,6,11272,0,1,0.0,1,1,1,0,Normal
15,0,6143,1,1,0.0,1,1,4,0,Normal
11,5,10813,0,1,1.0,1,1,3,0,Normal
11,4,4966,1,1,0.0,1,1,4,0,Normal
8,0,3260,1,1,0.0,1,1,1,0,Normal
14,1,0,0,1,1.0,0,0,5,0,Failed Login
12,2,5565,1,1,0.0,1,1,0,0,Normal
9,2,8716,1,1,0.0,0,0,3,0,Normal
14,4,11489,1,1,0.0,1,1,0,0,Normal
8,0,0,0,1,1.0,1,0,0,0,Failed Login
23,5,9831,1,1,0.0,1,0,0,0,Off-Hours Access
14,1,2365,1,1,0.0,1,1,3,0,Normal
12,5,11463,1,1,0.0,1,1,6,0,Normal
11,1,11292,1,1,0.0,1,0,0,0,Unusual Resource Access
12,5,0,0,1,2.0,1,0,4,0,Failed Login
17,4,3589,1,1,1.0,1,1,3,0,Normal
18,2,6380,1,1,0.0,0,0,4,0,Suspicious Command
14,3,1372,1,1,1.0,1,1,0,0,Normal
10,1,2648,1,1,0.0,1,1,0,0,Normal
12,6,5870,1,1,0.0,1,1,3,0,Normal
11,1,9085,1,1,0.0,1,0,1,0,Suspicious Command
14,2,8767,1,1,0.0,1,1,0,0,Normal
11,2,904,1,1,0.0,1,1,6,0,Normal
8,1,8191,1,1,1.0,1,1,4,0,Normal
8,5,7833,1,1,0.0,1,1,1,0,Normal
18,1,11331,1,1,0.0,1,0,6,0,Suspicious Command
15,3,2310,1,1,1.0,1,1,6,0,Normal
17,2,5324,0,1,1.0,1,1,4,0,Normal
10,4,7083,0,1,1.0,1,1,0,0,Normal
15,0,10349,0,1,0.0,1,1,6,0,Normal
12,2,4221,1,1,0.0,1,1,0,0,Normal
11,3,5594,1,1,0.0,1,0,6,0,Suspicious Command
15,6,3750,1,1,0.0,1,0,4,0,Unusual Resource Access
13,2,11920,1,1,0.0,1,1,1,0,Normal
13,1,5048,1,1,0.0,1,1,3,0,Normal
15,1,1600,1,1,0.0,1,1,1,0,Normal
10,1,11266,1,1,0.0,1,1,3,0,Normal
10,6,2239,1,1,0.0,1,1,0,0,Normal
16,4,10328,0,1,0.0,1,1,6,0,Normal
10,2,8914,0,1,0.0,1,1,4,0,Normal
13,6,11662,1,1,0.0,1,1,3,0,Normal
14,6,11393,1,1,0.0,1,1,1,0,Normal
11,3,11357,1,1,0.0,1,0,3,0,Suspicious Command
8,1,2883,1,1,0.0,1,1,4,0,Normal
9,2,2848,1,1,0.0,1,1,0,0,Normal
17,2,7042,1,1,0.0,1,1,0,0,Normal
15,6,1586,1,1,0.0,1,1,3,0,Normal
13,3,8659,1,1,0.0,1,1,4,0,Normal
9,5,6651,1,1,0.0,1,1,3,0,Normal
8,0,5031,1,1,0.0,1,1,0,0,Normal
18,4,9954,1,1,0.0,1,0,4,0,Suspicious Command
9,1,11963,1,1,0.0,1,1,3,0,Normal
9,2,5401,1,1,0.0,1,1,0,0,Normal
16,3,10495,0,1,0.0,1,1,4,0,Normal
15,2,5656,1,1,0.0,1,1,6,0,Normal
10,2,8799,1,1,0.0,1,1,1,0,Normal
18,5,8185,1,1,0.0,1,0,1,0,Suspicious Command
10,6,7758,0,1,0.0,1,0,3,0,Unusual Resource Access
3,1,3554,0,1,0.0,1,0,6,0,Off-Hours Access
11,2,10031,1,1,0.0,1,1,4,0,Normal
18,6,0,0,1,1.0,0,0,3,0,Failed Login
8,4,10494,1,1,0.0,1,1,4,0,Normal
10,6,4398,1,1,0.0,1,1,0,0,Normal
9,1,11277,1,1,0.0,1,1,3,0,Normal
10,4,3282,1,1,0.0,1,1,3,0,Normal
17,4,11150,1,1,0.0,1,0,0,0,Normal
8,1,6150,1,1,0.0,1,1,6,0,Normal
13,2,0,0,1,2.0,0,0,1,0,Failed Login
14,2,3284,1,1,0.0,0,0,6,0,Normal
12,0,9670,1,1,0.0,1,1,4,0,Normal
15,1,10559,1,1,0.0,1,1,0,0,Normal
17,0,8589,1,1,0.0,1,1,1,0,Normal
16,5,5022,1,1,0.0,1,1,6,0,Normal
12,1,6029,1,1,0.0,1,1,1,0,Normal
12,6,11977,1,1,0.0,1,1,3,0,Normal
18,1,3181,1,1,0.0,1,1,3,0,Normal
13,2,10699,1,1,0.0,1,0,1,0,Unusual Resource Access
4,1,2938,1,1,0.0,1,0,6,0,Off-Hours Access
8,0,9010,1,1,0.0,1,1,4,0,Normal
16,3,5253,0,1,0.0,1,1,1,0,Normal
17,3,7238,1,1,0.0,1,1,0,0,Normal
13,5,7834,1,1,0.0,0,0,6,0,Unusual Resource Access
3,2,10248,1,1,0.0,1,0,3,0,Off-Hours Access
11,6,10470,1,1,0.0,1,1,3,0,Normal
14,0,0,0,1,1.0,0,0,5,0,Failed Login
10,0,5478,0,1,0.0,1,1,1,0,Normal
14,4,8209,1,1,0.0,1,1,0,0,Normal
14,4,4260,1,1,0.0,1,0,4,0,Suspicious Command
16,2,9076,1,1,0.0,1,1,6,0,Normal
11,0,10746,1,1,0.0,1,1,6,0,Normal
7,0,11475,1,1,0.0,1,0,3,0,Off-Hours Access
8,6,6790,1,1,0.0,1,1,4,0,Normal
15,4,8065,1,1,0.0,1,1,6,0,Normal
12,6,4490,1,1,0.0,1,1,1,0,Normal
16,0,7149,1,1,0.0,1,1,6,0,Normal
10,4,1720,1,1,1.0,1,1,3,0,Normal
15,3,8041,1,1,0.0,1,1,1,0,Normal
10,4,2411,1,1,0.0,1,1,1,0,Normal
10,6,7834,1,1,0.0,1,1,0,0,Normal
17,1,0,0,1,1.0,0,0,4,0,Failed Login
10,3,7352,1,1,0.0,1,0,6,0,Suspicious Command
10,3,3769,1,1,0.0,1,0,0,0,Suspicious Command
18,0,7083,1,1,1.0,1,1,6,0,Normal
15,4,9771,1,1,0.0,1,1,3,0,Normal
18,2,10361,1,1,0.0,1,1,3,0,Normal
14,4,2968,1,1,0.0,1,1,0,0,Normal
13,0,10802,1,1,0.0,1,1,6,0,Normal
8,6,1162,1,1,0.0,1,1,1,0,Normal
10,5,11534,1,1,0.0,1,1,1,0,Normal
8,6,5043,1,1,0.0,0,0,0,0,Normal
13,2,3036,1,1,1.0,1,1,0,0,Normal
18,6,7028,0,1,0.0,1,1,4,0,Normal
18,0,10701,1,1,0.0,1,1,6,0,Normal
15,5,6675,1,1,0.0,1,1,6,0,Normal
10,4,10101,1,1,0.0,1,1,1,0,Normal
18,1,9370,0,1,0.0,1,0,4,0,Unusual Resource Access
15,2,11307,1,1,0.0,1,0,0,0,Suspicious Command
2,5,4072,1,1,0.0,1,0,0,0,Off-Hours Access
10,2,5080,1,1,2.0,1,1,3,0,Normal
8,0,4489,1,1,0.0,1,1,6,0,Normal
9,3,11005,1,1,0.0,1,1,4,0,Normal
17,3,11246,1,1,1.0,1,1,4,0,Normal
18,2,5470,1,1,0.0,1,1,3,0,Normal
14,2,9236,1,1,0.0,1,1,4,0,Normal
8,0,2644,1,1,0.0,1,1,4,0,Normal
11,1,3410,0,1,0.0,1,1,0,0,Normal
14,1,5800,0,1,0.0,1,1,4,0,Normal
0,3,5946,0,1,0.0,1,0,4,0,Off-Hours Access
14,3,7946,1,1,1.0,1,1,0,0,Normal
10,0,6259,1,1,1.0,1,1,3,0,Normal
9,5,9753,1,1,0.0,1,1,1,0,Normal
18,3,8620,1,1,0.0,1,1,6,0,Normal
13,0,0,0,1,1.0,0,0,6,0,Failed Login
10,1,2661,1,1,0.0,1,1,0,0,Normal
9,4,3171,0,1,0.0,1,1,4,0,Normal
10,3,9033,1,1,0.0,1,1,6,0,Normal
14,3,8644,1,1,0.0,1,1,1,0,Normal
12,4,4752,1,1,1.0,1,1,0,0,Normal
11,1,1502,0,1,0.0,1,1,1,0,Normal
10,5,3346,1,1,0.0,1,1,1,0,Normal
13,5,8032,1,1,0.0,1,1,0,0,Normal
18,2,4336,1,1,0.0,1,1,4,0,Normal
11,0,1414,1,1,0.0,1,1,6,0,Normal
15,0,8266,1,1,1.0,1,1,4,0,Normal
14,3,3914,0,1,0.0,1,1,3,0,Normal
9,1,1588,1,1,0.0,1,1,1,0,Normal
12,3,7746,0,1,0.0,1,1,1,0,Normal
13,3,6424,0,1,0.0,1,1,4,0,Normal
16,0,6347,1,1,1.0,1,1,1,0,Normal
16,0,4122,1,1,0.0,1,1,3,0,Normal
17,4,8378,0,1,0.0,1,1,3,0,Normal
17,1,7736,1,1,0.0,1,1,0,0,Normal
17,5,5819,1,1,0.0,1,1,4,0,Normal
17,2,970,1,1,0.0,1,1,4,0,Normal
15,0,9120,1,1,1.0,1,0,6,0,Suspicious Command
8,2,9650,1,1,0.0,1,1,1,0,Normal
11,5,6283,1,1,1.0,1,1,3,0,Normal
18,2,11497,1,1,0.0,0,0,4,0,Normal
12,6,5631,1,1,0.0,1,0,6,0,Unusual Resource Access
16,3,3448,1,1,1.0,1,1,6,0,Normal
11,2,2757,1,1,0.0,0,0,1,0,Normal
16,4,8784,1,1,1.0,1,1,6,0,Normal
9,6,4001,1,1,0.0,1,1,0,0,Normal
17,3,3558,1,1,1.0,1,1,6,0,Normal
16,0,0,0,1,1.0,0,0,5,0,Failed Login
18,0,4162,1,1,0.0,1,0,4,0,Suspicious Command
8,1,8493,1,1,1.0,1,0,4,0,Unusual Resource Access
17,5,11139,1,1,1.0,1,0,6,0,Suspicious Command
13,1,7873,1,1,0.0,1,1,3,0,Normal
12,3,7119,1,1,0.0,0,0,4,0,Normal
9,1,9063,1,1,1.0,1,1,6,0,Normal
12,2,3151,1,1,0.0,1,1,6,0,Normal
12,5,2927,1,1,0.0,1,1,4,0,Normal
9,6,6003,1,1,0.0,1,1,4,0,Normal
9,3,9846,1,1,0.0,1,1,3,0,Normal
14,5,7784,0,1,1.0,1,1,4,0,Normal
10,3,965,0,1,0.0,0,0,3,0,Normal
2,6,1175,1,1,0.0,1,0,6,0,Off-Hours Access
10,3,7583,0,1,0.0,1,1,1,0,Normal
11,6,1872,1,1,0.0,1,1,1,0,Normal
11,0,6540,1,1,0.0,1,1,4,0,Normal
17,1,10998,1,1,0.0,1,1,1,0,Normal
18,3,2777,1,1,0.0,1,1,6,0,Normal
10,3,2865,1,1,0.0,1,1,3,0,Normal
11,3,2714,1,1,0.0,1,0,1,0,Suspicious Command
11,5,11516,1,1,1.0,1,1,1,0,Normal
14,5,8164,1,1,0.0,1,1,4,0,Normal
11,6,11809,1,1,2.0,1,0,1,0,Normal
14,3,7999,1,1,0.0,1,1,6,0,Normal
2,2,9576,1,1,0.0,1,0,6,0,Off-Hours Access
12,6,4191,1,1,0.0,1,1,0,0,Normal
12,0,8078,1,1,0.0,1,1,1,0,Normal
15,1,9250,1,1,1.0,1,1,3,0,Normal
13,4,0,0,1,1.0,0,0,6,0,Failed Login
18,2,10311,1,1,0.0,1,1,3,0,Normal
15,1,1220,1,1,0.0,1,1,1,0,Normal
8,5,2677,1,1,1.0,1,1,1,0,Normal
12,1,4168,1,1,0.0,1,1,3,0,Normal
17,0,7124,1,1,0.0,1,1,6,0,Normal
8,5,8623,1,1,1.0,1,1,4,0,Normal
11,3,2149,0,1,1.0,1,1,6,0,Normal
14,2,8552,1,1,0.0,1,1,1,0,Normal
9,4,3123,1,1,0.0,1,1,0,0,Normal
8,5,7603,0,1,0.0,1,1,3,0,Normal
15,2,6483,1,1,0.0,1,1,6,0,Normal
17,3,6318,1,1,1.0,1,0,0,0,Suspicious Command
11,6,2497,1,1,0.0,1,0,6,0,Suspicious Command
11,3,8450,1,1,0.0,1,0,4,0,Suspicious Command
17,2,4245,1,1,0.0,1,1,6,0,Normal
10,1,8661,1,1,0.0,1,1,1,0,Normal
16,3,0,0,1,1.0,0,0,0,0,Failed Login
16,4,10494,1,1,0.0,1,1,3,0,Normal
20,0,7548,1,1,1.0,1,0,6,0,Off-Hours Access
15,5,2789,1,1,1.0,1,1,3,0,Normal
16,2,8753,1,1,1.0,1,1,3,0,Normal
10,0,9731,1,1,0.0,1,1,1,0,Normal
16,3,2115,1,1,0.0,1,1,3,0,Normal
16,5,5178,1,1,0.0,1,1,4,0,Normal
8,0,7816,0,1,0.0,1,0,0,0,Unusual Resource Access
13,5,2270,1,1,0.0,1,0,6,0,Suspicious Command
18,4,11235,1,1,0.0,1,0,6,0,Suspicious Command
13,6,11477,1,1,0.0,1,1,3,0,Normal
16,4,11846,1,1,0.0,0,0,3,0,Normal
16,3,3779,1,1,0.0,1,1,1,0,Normal
8,6,1561,1,1,0.0,1,1,0,0,Normal
17,3,4924,1,1,0.0,0,0,4,0,Normal
13,4,9584,1,1,0.0,1,1,4,0,Normal
11,5,9283,1,1,1.0,1,1,4,0,Normal
13,3,7049,1,1,0.0,0,0,3,0,Normal
18,3,4306,1,1,0.0,1,1,0,0,Normal
16,0,1178,1,1,0.0,1,1,4,0,Normal
8,4,11149,1,1,0.0,1,0,4,0,Suspicious Command
10,1,4979,1,1,2.0,1,1,0,0,Normal
11,5,5287,1,1,1.0,1,1,0,0,Normal
14,6,9447,1,1,0.0,1,1,1,0,Normal
8,0,6933,1,1,0.0,1,1,1,0,Normal
12,5,8468,1,1,0.0,1,1,6,0,Normal
18,4,7022,1,1,0.0,1,1,4,0,Normal
10,3,6469,1,1,0.0,1,1,4,0,Normal
8,1,7081,1,1,0.0,1,1,0,0,Normal
12,1,9177,0,1,0.0,1,1,3,0,Normal
11,6,3823,1,1,0.0,1,1,3,0,Normal
15,6,1515,1,1,0.0,1,0,4,0,Normal
11,4,6717,1,1,1.0,1,1,1,0,Normal
9,5,2574,0,1,0.0,1,1,1,0,Normal
16,2,1691,1,1,0.0,1,1,3,0,Normal
18,4,4451,1,1,1.0,1,1,0,0,Normal
8,2,2158,0,1,0.0,1,1,6,0,Normal
14,5,7571,1,1,0.0,1,1,3,0,Normal
8,4,1335,1,1,0.0,1,1,1,0,Normal
14,5,10684,1,1,0.0,1,1,1,0,Normal
13,0,5547,1,1,0.0,1,1,4,0,Normal
14,3,4401,1,1,0.0,1,1,3,0,Normal
10,6,5999,1,1,1.0,1,1,6,0,Normal
16,1,2683,1,1,0.0,1,1,4,0,Normal
16,0,10510,1,1,0.0,1,1,6,0,Normal
1,0,5716,0,1,0.0,1,0,4,0,Off-Hours Access
8,1,6429,1,1,1.0,1,1,6,0,Normal
14,1,2472,0,1,0.0,1,1,3,0,Normal
8,1,9423,1,1,0.0,1,1,6,0,Normal
17,2,3423,1,1,0.0,1,1,0,0,Normal
11,4,2682,1,1,0.0,1,0,0,0,Unusual Resource Access
14,3,11077,1,1,1.0,1,1,1,0,Normal
8,4,9985,0,1,0.0,1,1,4,0,Normal
11,5,8713,1,1,0.0,1,1,1,0,Normal
10,4,4729,1,1,0.0,1,1,1,0,Normal
8,5,1195,1,1,0.0,1,1,0,0,Normal
17,6,5581,1,1,1.0,1,1,4,0,Normal
15,3,7500,1,1,0.0,1,1,1,0,Normal
14,1,7058,1,1,0.0,1,1,3,0,Normal
17,1,2368,1,1,1.0,1,1,0,0,Normal
13,6,0,0,1,1.0,0,0,1,0,Failed Login
11,2,5723,1,1,1.0,1,1,1,0,Normal
14,1,7581,1,1,0.0,1,1,6,0,Normal
10,3,7743,0,1,0.0,1,1,0,0,Normal
12,1,1186,1,1,0.0,1,0,3,0,Suspicious Command
13,2,10177,1,1,0.0,1,1,1,0,Normal
10,5,9821,1,1,0.0,1,1,4,0,Normal
9,3,10286,1,1,0.0,1,1,0,0,Normal
11,4,7878,0,1,0.0,1,1,0,0,Normal
16,6,2869,1,1,1.0,1,1,4,0,Normal
16,0,5991,1,1,0.0,1,1,3,0,Normal
8,2,8738,1,1,0.0,1,1,1,0,Normal
16,2,4067,1,1,1.0,1,0,6,0,Unusual Resource Access
8,0,9547,0,1,1.0,1,1,0,0,Normal
17,1,0,0,1,1.0,0,0,0,0,Failed Login
2,6,7506,1,1,0.0,1,0,0,0,Off-Hours Access
10,0,2408,1,1,0.0,1,1,3,0,Normal
15,0,3537,1,1,0.0,1,1,6,0,Normal
8,3,5205,0,1,0.0,1,1,3,0,Normal
11,2,9824,1,1,1.0,1,0,0,0,Suspicious Command
10,1,10778,1,1,0.0,1,1,6,0,Normal
14,2,3068,1,1,0.0,1,1,4,0,Normal
14,6,8231,0,1,0.0,1,1,1,0,Normal
17,3,6192,0,1,0.0,1,1,3,0,Normal
16,4,5412,1,1,0.0,1,1,0,0,Normal
18,1,8607,1,1,0.0,1,1,0,0,Normal
15,2,3690,1,1,0.0,1,1,3,0,Normal
18,0,9847,1,1,0.0,1,0,3,0,Suspicious Command
18,3,7879,1,1,0.0,1,1,1,0,Normal
11,5,3803,1,1,0.0,1,1,3,0,Normal
11,5,8974,1,1,1.0,1,1,6,0,Normal
14,1,8736,1,1,0.0,1,1,0,0,Normal
11,3,3300,1,1,0.0,1,1,3,0,Normal
14,2,11695,1,1,0.0,1,1,6,0,Normal
13,1,5240,1,1,0.0,1,0,6,0,Suspicious Command
9,4,10249,1,1,0.0,1,1,6,0,Normal
17,2,9653,1,1,0.0,1,1,3,0,Normal
17,0,1164,1,1,0.0,1,1,3,0,Normal
13,3,4665,1,1,0.0,0,0,3,0,Normal
17,4,5681,1,1,0.0,1,1,3,0,Normal
13,0,9969,1,1,0.0,1,1,3,0,Normal
13,4,8401,1,1,0.0,1,1,3,0,Normal
9,2,9812,1,1,0.0,1,1,1,0,Normal
16,1,10985,1,1,0.0,1,1,6,0,Normal
17,4,10901,1,1,0.0,1,1,0,0,Normal
17,6,9046,1,1,0.0,0,0,3,0,Normal
13,6,8992,1,1,1.0,1,1,1,0,Normal
13,5,7430,1,1,0.0,1,1,6,0,Normal
11,6,1389,1,1,0.0,1,1,4,0,Normal
14,0,8381,1,1,0.0,1,1,4,0,Normal
19,5,7356,1,1,0.0,1,0,0,0,Off-Hours Access
17,0,10281,1,1,0.0,1,0,3,0,Suspicious Command
12,0,9633,1,1,0.0,1,1,1,0,Normal
15,3,3647,1,1,1.0,1,1,0,0,Normal
11,6,9579,1,1,1.0,1,1,4,0,Normal
6,1,10892,0,1,0.0,1,0,4,0,Off-Hours Access
18,5,1024,1,1,0.0,1,1,1,0,Normal
18,5,2120,1,1,0.0,1,1,3,0,Normal
15,0,9444,1,1,0.0,1,1,1,0,Normal
8,3,7363,1,1,0.0,1,1,1,0,Normal
9,2,2656,1,1,0.0,1,1,1,0,Normal
11,2,9493,0,1,1.0,1,1,0,0,Normal
13,2,5254,1,1,0.0,1,1,3,0,Normal
9,1,6697,1,1,0.0,1,1,6,0,Normal
9,4,8647,1,1,0.0,1,1,3,0,Normal
10,0,5351,1,1,0.0,1,1,6,0,Normal
16,4,3567,1,1,0.0,1,1,0,0,Normal
14,3,10461,1,1,0.0,1,1,4,0,Normal
16,2,3645,1,1,0.0,1,1,4,0,Normal
13,4,11257,1,1,0.0,1,1,3,0,Normal
13,6,3812,1,1,0.0,1,1,4,0,Normal
9,0,1316,1,1,0.0,1,1,4,0,Normal
10,3,11372,1,1,0.0,0,0,4,0,Normal
7,2,11277,1,1,0.0,1,0,3,0,Off-Hours Access
18,0,5559,1,1,0.0,1,1,4,0,Normal
14,0,3260,1,1,0.0,1,1,0,0,Normal
18,2,11437,1,1,0.0,1,1,4,0,Normal
13,6,6942,1,1,0.0,1,1,1,0,Normal
16,4,2634,1,1,0.0,1,1,3,0,Normal
10,4,0,0,1,1.0,0,0,3,0,Failed Login
12,1,9956,1,1,0.0,1,1,1,0,Normal
5,0,11184,1,1,0.0,1,0,4,0,Off-Hours Access
10,0,6231,1,1,0.0,1,1,6,0,Normal
18,5,11675,1,1,0.0,1,1,0,0,Normal
8,0,2881,1,1,1.0,1,1,0,0,Normal
18,2,3878,1,1,1.0,1,0,6,0,Unusual Resource Access
17,6,0,0,1,1.0,0,0,2,0,Failed Login
10,2,2901,1,1,0.0,1,0,4,0,Unusual Resource Access
15,2,5648,1,1,0.0,1,1,0,0,Normal
12,3,2808,1,1,0.0,1,1,3,0,Normal
17,1,10255,1,1,0.0,1,1,1,0,Normal
13,3,0,0,1,1.0,0,0,2,0,Failed Login
11,4,11962,1,1,0.0,1,1,6,0,Normal
14,6,9397,1,1,0.0,1,0,0,0,Suspicious Command
15,6,11833,1,1,0.0,1,1,4,0,Normal
16,1,10301,1,1,0.0,1,0,3,0,Suspicious Command
13,4,10515,1,1,0.0,1,0,1,0,Suspicious Command
12,4,11611,1,1,0.0,0,0,4,0,Normal
11,0,1693,1,1,0.0,1,0,1,0,Unusual Resource Access
11,5,7619,1,1,0.0,1,1,0,0,Normal
18,0,0,0,1,1.0,1,0,3,0,Failed Login
3,5,4314,1,1,0.0,1,0,0,0,Off-Hours Access
15,0,0,0,1,1.0,0,0,6,0,Failed Login
13,6,11794,1,1,0.0,1,1,3,0,Normal
14,4,11827,1,1,1.0,1,0,1,0,Suspicious Command
17,6,4649,1,1,0.0,1,1,6,0,Normal
14,1,0,0,1,1.0,1,0,1,0,Failed Login
0,3,1907,1,1,0.0,1,0,3,0,Off-Hours Access
14,4,7655,1,1,0.0,1,1,6,0,Normal
16,4,0,0,1,1.0,0,0,6,0,Failed Login
23,0,6976,0,1,0.0,1,0,3,0,Off-Hours Access
13,5,3725,1,1,0.0,1,1,0,0,Normal
10,5,8013,0,1,0.0,0,0,0,0,Normal
9,3,0,0,1,1.0,0,0,0,0,Failed Login
16,1,9368,0,1,0.0,1,1,6,0,Normal
17,6,1896,1,1,0.0,1,1,4,0,Normal
14,3,0,0,1,1.0,0,0,5,0,Failed Login
15,3,3766,0,1,0.0,1,1,0,0,Normal
0,6,989,1,1,1.0,1,0,6,0,Off-Hours Access
11,2,6687,1,1,0.0,1,0,6,0,Suspicious Command
4,2,2011,0,1,0.0,1,0,3,0,Off-Hours Access
15,6,0,0,1,1.0,0,0,6,0,Failed Login
11,5,3720,0,1,0.0,1,1,4,0,Normal
8,4,11493,1,1,0.0,1,1,4,0,Normal
17,0,11517,0,1,0.0,1,1,1,0,Normal
18,2,10779,1,1,0.0,1,1,0,0,Normal
14,3,3754,1,1,0.0,1,0,1,0,Unusual Resource Access
16,1,5636,1,1,0.0,1,1,3,0,Normal
15,0,5227,1,1,0.0,1,1,6,0,Normal
10,2,1735,1,1,1.0,1,1,0,0,Normal
10,5,1799,1,1,0.0,1,1,0,0,Normal
8,2,9841,1,1,0.0,1,1,6,0,Normal
17,2,9165,1,1,0.0,1,1,3,0,Normal
9,6,9706,1,1,0.0,1,1,6,0,Normal
8,4,7437,1,1,0.0,1,1,3,0,Normal
9,0,9307,1,1,1.0,0,0,3,0,Normal
16,2,9732,1,1,0.0,1,1,6,0,Normal
16,3,6146,1,1,0.0,1,1,0,0,Normal
11,0,5807,1,1,0.0,1,1,6,0,Normal
18,1,3364,1,1,1.0,1,0,3,0,Unusual Resource Access
17,0,5276,0,1,0.0,1,1,6,0,Normal
12,5,7838,0,1,0.0,1,1,3,0,Normal
16,3,8887,1,1,0.0,1,1,1,0,Normal
14,5,10419,1,1,1.0,1,1,0,0,Normal
8,1,1319,1,1,0.0,1,0,3,0,Unusual Resource Access
10,4,3405,1,1,0.0,1,1,6,0,Normal
10,6,4537,1,1,0.0,1,0,3,0,Unusual Resource Access
16,5,8041,1,1,0.0,1,1,6,0,Normal
16,6,2016,1,1,0.0,1,1,3,0,Normal
9,4,2750,1,1,0.0,0,0,1,0,Normal
17,5,7574,0,1,0.0,1,1,1,0,Normal
14,4,3956,1,1,0.0,1,1,4,0,Normal
16,5,6346,1,1,1.0,1,1,0,0,Normal
12,6,3269,1,1,0.0,1,1,0,0,Normal
13,1,5637,1,1,0.0,1,1,1,0,Normal
14,1,8833,1,1,0.0,1,1,0,0,Normal
12,6,9855,1,1,0.0,1,1,3,0,Normal
8,3,9930,1,1,0.0,1,1,0,0,Normal
12,2,4610,1,1,0.0,1,1,6,0,Normal
14,3,9844,1,1,0.0,1,1,4,0,Normal
11,3,11034,1,1,0.0,1,1,0,0,Normal
14,4,6262,1,1,0.0,1,1,6,0,Normal
18,6,10954,1,1,0.0,1,1,6,0,Normal
6,2,10664,1,1,0.0,1,0,1,0,Off-Hours Access
14,5,4972,1,1,0.0,1,1,4,0,Normal
12,6,3126,1,1,0.0,1,0,4,0,Unusual Resource Access
12,6,7065,1,1,0.0,1,1,4,0,Normal
16,4,9051,1,1,0.0,1,1,0,0,Normal
12,1,6056,1,1,0.0,1,1,4,0,Normal
13,2,8282,1,1,0.0,1,1,3,0,Normal
11,2,1373,1,1,0.0,1,1,3,0,Normal
13,6,3043,1,1,1.0,1,1,0,0,Normal
12,5,11264,1,1,0.0,1,1,0,0,Normal
8,3,3959,0,1,0.0,1,1,1,0,Normal
15,0,0,0,1,1.0,0,0,6,0,Failed Login
9,5,9639,1,1,0.0,1,1,4,0,Normal
8,3,2675,1,1,1.0,0,0,6,0,Normal
15,3,2196,1,1,1.0,1,1,1,0,Normal
15,6,8209,1,1,0.0,1,1,4,0,Normal
10,1,3312,1,1,1.0,1,1,6,0,Normal
11,3,8743,1,1,1.0,1,1,1,0,Normal
17,3,1687,1,1,0.0,1,1,3,0,Normal
18,0,9322,1,1,1.0,1,1,4,0,Normal
16,2,0,0,1,1.0,0,0,1,0,Failed Login
13,2,2156,0,1,0.0,1,1,1,0,Normal
15,6,8948,1,1,0.0,1,1,3,0,Normal
14,2,11787,1,1,1.0,1,1,1,0,Normal
11,2,7117,1,1,1.0,0,0,3,0,Normal
15,2,1895,1,1,1.0,1,1,3,0,Normal
11,0,6289,1,1,0.0,1,1,4,0,Normal
11,0,11293,1,1,1.0,1,0,6,0,Suspicious Command
14,3,5595,1,1,1.0,1,1,3,0,Normal
10,6,11877,1,1,0.0,1,1,4,0,Normal
16,3,1980,1,1,0.0,1,1,4,0,Normal
16,6,4847,1,1,1.0,1,1,4,0,Normal
16,2,5914,0,1,0.0,1,0,3,0,Unusual Resource Access
10,3,5393,1,1,0.0,1,1,6,0,Normal
14,3,10701,1,1,0.0,1,1,6,0,Normal
12,0,11528,1,1,0.0,1,1,3,0,Normal
2,2,9371,1,1,0.0,1,0,1,0,Off-Hours Access
17,3,3287,0,1,0.0,1,1,1,0,Normal
10,2,1166,0,1,0.0,0,0,6,0,Normal
14,1,9221,1,1,0.0,1,1,6,0,Normal
15,2,1083,1,1,0.0,1,1,6,0,Normal
13,1,1911,1,1,1.0,1,1,4,0,Normal
13,4,10560,1,1,1.0,1,1,6,0,Normal
14,3,4094,1,1,0.0,1,1,1,0,Normal
13,6,959,1,1,0.0,1,1,6,0,Normal
14,5,6963,1,1,0.0,1,1,6,0,Normal
17,4,6329,0,1,1.0,1,1,6,0,Normal
18,2,2407,0,1,0.0,1,1,4,0,Normal
13,0,4583,1,1,0.0,1,1,6,0,Normal
13,5,10590,1,1,1.0,1,1,3,0,Normal
8,0,10197,1,1,0.0,1,0,3,0,Unusual Resource Access
14,0,9550,1,1,0.0,1,1,6,0,Normal
16,5,8641,1,1,0.0,1,1,6,0,Normal
13,4,7924,1,1,0.0,1,1,3,0,Normal
17,4,10643,1,1,0.0,0,0,6,0,Normal
10,4,0,0,1,1.0,0,0,4,0,Failed Login
9,6,6398,1,1,0.0,1,1,4,0,Normal
15,5,2378,1,1,0.0,1,1,4,0,Normal
17,0,9777,1,1,0.0,1,1,6,0,Normal
17,4,0,0,1,1.0,0,0,1,0,Failed Login
12,6,3060,0,1,0.0,1,1,4,0,Normal
13,4,8028,1,1,2.0,1,1,4,0,Normal
17,1,0,0,1,1.0,0,0,2,0,Failed Login
15,3,5462,1,1,0.0,0,0,1,0,Normal
10,4,6275,1,1,1.0,1,1,3,0,Normal
15,4,0,0,1,1.0,0,0,6,0,Failed Login
13,6,1865,1,1,0.0,1,1,6,0,Normal
8,1,6991,0,1,1.0,1,1,3,0,Normal
9,2,3946,1,1,0.0,1,1,4,0,Normal
13,3,10230,1,1,0.0,0,0,6,0,Normal
9,2,10304,1,1,0.0,1,0,3,0,Suspicious Command
12,5,9450,1,1,1.0,1,1,3,0,Normal
11,6,3054,1,1,0.0,1,1,4,0,Normal
9,3,9332,1,1,0.0,1,1,3,0,Normal
16,4,1481,1,1,0.0,1,1,6,0,Normal
16,6,5094,1,1,0.0,1,0,0,0,Suspicious Command
11,0,9582,0,1,0.0,1,1,0,0,Normal
14,5,4074,1,1,0.0,1,1,0,0,Normal
12,3,9147,1,1,0.0,1,1,3,0,Normal
13,0,11232,1,1,0.0,1,1,0,0,Normal
16,6,1769,1,1,0.0,1,1,4,0,Normal
8,3,11056,1,1,0.0,1,1,0,0,Normal
10,0,1596,1,1,0.0,1,0,6,0,Suspicious Command
8,4,4726,0,1,0.0,1,1,6,0,Normal
16,2,1212,1,1,0.0,1,1,3,0,Normal
15,3,3802,1,1,1.0,1,1,6,0,Normal
13,0,5291,1,1,0.0,1,1,4,0,Normal
9,2,8071,1,1,0.0,0,0,1,0,Normal
8,3,2193,1,1,0.0,0,0,6,0,Normal
10,1,5153,1,1,0.0,1,1,3,0,Normal
19,4,10564,1,1,2.0,1,0,4,0,Off-Hours Access
11,3,1059,1,1,0.0,1,1,6,0,Normal
11,0,10385,0,1,0.0,1,1,1,0,Normal
8,6,1647,1,1,0.0,0,0,0,0,Normal
23,5,10191,1,1,0.0,1,0,4,0,Off-Hours Access
6,6,9857,0,1,0.0,1,0,6,0,Off-Hours Access
12,3,9107,1,1,0.0,1,1,0,0,Normal
18,1,5925,1,1,1.0,1,1,4,0,Normal
8,2,7076,1,1,0.0,0,0,0,0,Normal
11,2,2094,1,1,0.0,0,0,6,0,Normal
12,5,5583,0,1,0.0,1,1,1,0,Normal
17,0,3348,1,1,0.0,1,0,3,0,Normal
9,1,10260,0,1,0.0,1,1,6,0,Normal
13,3,10005,1,1,0.0,0,0,3,0,Normal
10,2,7191,1,1,0.0,1,0,6,0,Normal
17,6,6380,1,1,0.0,1,1,4,0,Normal
16,6,6196,1,1,0.0,1,1,0,0,Normal
10,4,6006,1,1,0.0,1,1,0,0,Normal
11,0,8491,1,1,1.0,1,0,4,0,Unusual Resource Access
8,6,2388,1,1,0.0,0,0,6,0,Normal
16,2,7968,1,1,1.0,1,1,1,0,Normal
17,6,6897,1,1,1.0,1,0,6,0,Unusual Resource Access
9,5,3643,1,1,0.0,1,0,0,0,Suspicious Command
8,4,4772,1,1,0.0,1,1,4,0,Normal
17,3,9870,1,1,0.0,1,1,6,0,Normal
15,6,5423,1,1,0.0,1,1,3,0,Normal
9,2,8711,1,1,1.0,1,1,1,0,Normal
11,5,0,0,1,1.0,0,0,1,0,Failed Login
11,1,2697,0,1,0.0,1,1,3,0,Normal
17,6,11928,1,1,0.0,1,1,6,0,Normal
2,1,4077,1,1,0.0,1,0,1,0,Off-Hours Access
10,5,6396,0,1,0.0,1,1,0,0,Normal
8,1,10646,1,1,0.0,1,1,4,0,Normal
14,6,10912,1,1,0.0,1,1,6,0,Normal
20,4,9598,1,1,0.0,1,0,1,0,Off-Hours Access
8,6,0,0,1,1.0,0,0,5,0,Failed Login
16,2,10028,1,1,0.0,0,0,0,0,Normal
14,3,4731,1,1,0.0,1,1,0,0,Normal
17,4,6825,0,1,0.0,0,0,4,0,Normal
12,5,7969,1,1,0.0,1,1,0,0,Normal
11,0,7729,1,1,0.0,1,1,3,0,Normal
14,0,3021,1,1,0.0,1,1,1,0,Normal
9,1,5089,1,1,1.0,1,1,1,0,Normal
13,3,5267,1,1,0.0,1,1,4,0,Normal
16,4,2286,1,1,1.0,1,0,4,0,Suspicious Command
11,3,4822,1,1,0.0,1,1,4,0,Normal
13,0,9610,1,1,0.0,1,1,4,0,Normal
8,1,2189,1,1,0.0,1,1,6,0,Normal
15,4,5275,1,1,0.0,1,1,4,0,Normal
17,0,6320,1,1,0.0,1,1,0,0,Normal
12,3,6806,1,1,0.0,1,1,1,0,Normal
12,3,9137,1,1,0.0,1,1,3,0,Normal
12,2,6523,1,1,0.0,1,1,1,0,Normal
8,3,6981,1,1,1.0,1,0,4,0,Suspicious Command
15,4,1121,1,1,2.0,1,1,1,0,Normal
17,6,4101,1,1,0.0,1,0,3,0,Suspicious Command
14,0,6089,1,1,0.0,1,1,4,0,Normal
15,3,11677,1,1,0.0,0,0,1,0,Normal
18,3,9651,1,1,0.0,1,1,6,0,Normal
13,4,2870,0,1,0.0,1,1,1,0,Normal
9,2,6115,1,1,0.0,1,1,4,0,Normal
12,2,9181,1,1,0.0,1,1,0,0,Normal
18,1,2742,1,1,0.0,1,1,6,0,Normal
18,0,7632,1,1,0.0,1,1,3,0,Normal
10,0,8321,1,1,0.0,1,1,0,0,Normal
13,2,8568,0,1,0.0,1,1,1,0,Normal
18,3,3398,1,1,0.0,0,0,4,0,Normal
8,4,11534,1,1,0.0,0,0,4,0,Normal
10,3,1333,1,1,0.0,1,0,6,0,Unusual Resource Access
9,6,9568,1,1,0.0,1,1,0,0,Normal
8,0,7094,1,1,0.0,1,1,1,0,Normal
16,6,1338,1,1,0.0,1,1,1,0,Normal
15,1,2994,1,1,0.0,1,1,4,0,Normal
18,6,3330,1,1,1.0,1,1,1,0,Normal
15,5,9455,1,1,0.0,1,1,1,0,Normal
15,6,0,0,1,2.0,0,0,6,0,Failed Login
16,3,1532,1,1,1.0,1,0,0,0,Suspicious Command
10,5,8977,1,1,0.0,1,0,6,0,Unusual Resource Access
12,5,8739,1,1,0.0,1,1,0,0,Normal
10,3,3402,1,1,0.0,1,1,1,0,Normal
8,4,5684,1,1,0.0,1,1,3,0,Normal
17,2,6695,1,1,0.0,1,1,1,0,Normal
17,0,11649,0,1,1.0,1,1,4,0,Normal
18,2,1992,1,1,0.0,1,1,1,0,Normal
14,3,2612,1,1,0.0,1,1,4,0,Normal
13,2,0,0,1,1.0,0,0,2,0,Failed Login
16,3,4655,1,1,0.0,1,1,0,0,Normal
9,0,1637,1,1,0.0,1,1,0,0,Normal
10,4,2316,1,1,1.0,1,1,4,0,Normal
18,6,6159,1,1,0.0,1,0,1,0,Unusual Resource Access
10,6,3146,0,1,0.0,1,1,6,0,Normal
3,0,7945,1,1,0.0,0,0,1,0,Off-Hours Access
18,6,10179,1,1,0.0,1,1,6,0,Normal
14,0,2209,1,1,0.0,1,1,1,0,Normal
3,1,5958,1,1,0.0,1,0,3,0,Off-Hours Access
18,4,0,0,1,1.0,0,0,6,0,Failed Login
8,6,7095,1,1,1.0,1,1,0,0,Normal
12,2,919,1,1,0.0,1,1,6,0,Normal
14,2,11801,1,1,0.0,1,1,3,0,Normal
17,4,5971,0,1,0.0,1,1,0,0,Normal
13,0,6316,0,1,0.0,1,1,4,0,Normal
13,6,4163,0,1,0.0,1,1,0,0,Normal
14,6,8131,0,1,0.0,1,1,0,0,Normal
18,6,7128,1,1,1.0,1,1,3,0,Normal
13,3,3836,1,1,0.0,1,1,6,0,Normal
10,4,10068,1,1,1.0,1,0,3,0,Unusual Resource Access
14,0,11671,1,1,0.0,1,1,0,0,Normal
12,5,5936,1,1,1.0,1,1,1,0,Normal
12,6,10228,1,1,0.0,1,1,0,0,Normal
12,2,5570,1,1,0.0,1,1,0,0,Normal
14,2,11975,1,1,0.0,1,1,3,0,Normal
8,2,10445,1,1,0.0,1,0,3,0,Suspicious Command
9,0,6254,1,1,0.0,1,0,0,0,Suspicious Command
13,4,6970,1,1,0.0,1,1,0,0,Normal
10,6,1603,1,1,0.0,1,1,6,0,Normal
12,1,10909,1,1,0.0,1,1,1,0,Normal
6,2,10646,1,1,0.0,0,0,3,0,Off-Hours Access
13,6,6806,1,1,0.0,1,0,4,0,Unusual Resource Access
13,3,2286,0,1,0.0,1,1,1,0,Normal
13,5,3907,1,1,0.0,1,1,4,0,Normal
21,2,4700,1,1,0.0,1,0,6,0,Off-Hours Access
16,1,1359,0,1,0.0,1,1,3,0,Normal
13,1,5497,1,1,0.0,1,1,3,0,Normal
18,6,5586,0,1,0.0,1,1,0,0,Normal
12,3,3442,1,1,0.0,0,0,6,0,Normal
13,0,10060,1,1,2.0,1,1,1,0,Normal
10,5,4159,1,1,1.0,1,0,1,0,Normal
17,6,3133,0,1,1.0,1,1,6,0,Normal
9,6,4663,0,1,0.0,1,1,6,0,Normal
15,1,3226,1,1,0.0,1,0,0,0,Suspicious Command
13,6,5454,1,1,1.0,1,1,1,0,Normal
10,4,10011,1,1,0.0,1,1,3,0,Normal
11,0,3059,0,1,0.0,1,1,4,0,Normal
9,2,2388,1,1,0.0,1,1,6,0,Normal
10,2,1858,1,1,0.0,1,1,4,0,Normal
18,3,2564,1,1,0.0,1,1,0,0,Normal
15,3,2634,1,1,1.0,1,1,0,0,Normal
14,3,9695,1,1,0.0,0,0,1,0,Normal
0,2,7358,1,1,0.0,1,0,4,0,Off-Hours Access
16,3,8853,1,1,0.0,1,1,1,0,Normal
9,5,3029,0,1,0.0,1,1,6,0,Normal
16,5,4761,1,1,0.0,1,1,6,0,Normal
14,5,11870,0,1,0.0,1,1,6,0,Normal
15,1,10701,1,1,1.0,1,1,1,0,Normal
17,0,0,0,1,1.0,0,0,2,0,Failed Login
11,2,3579,0,1,0.0,1,1,1,0,Normal
10,6,7074,1,1,0.0,1,1,1,0,Normal
17,3,4099,1,1,0.0,1,1,1,0,Normal
11,0,5848,1,1,0.0,1,1,4,0,Normal
16,0,10404,1,1,1.0,1,1,3,0,Normal
10,2,7085,1,1,0.0,0,0,3,0,Normal
17,4,8243,1,1,0.0,1,0,1,0,Normal
10,2,3520,1,1,0.0,1,1,1,0,Normal
10,3,6124,1,1,0.0,1,1,0,0,Normal
17,6,10283,1,1,0.0,1,0,4,0,Suspicious Command
9,4,4710,1,1,0.0,1,0,0,0,Suspicious Command
10,2,11097,1,1,0.0,1,1,1,0,Normal
8,0,6392,1,1,0.0,1,1,6,0,Normal
18,2,2490,1,1,0.0,0,0,4,0,Normal
18,2,5366,1,1,1.0,1,1,6,0,Normal
10,2,3387,0,1,0.0,1,1,1,0,Normal
12,6,9719,1,1,0.0,1,1,4,0,Normal
15,5,2603,1,1,0.0,1,1,6,0,Normal
12,5,0,0,1,1.0,0,0,2,0,Failed Login
15,3,4906,1,1,0.0,1,1,0,0,Normal
14,5,7442,1,1,0.0,1,1,4,0,Normal
17,5,5752,1,1,0.0,1,1,1,0,Normal
14,6,10922,1,1,0.0,1,0,4,0,Unusual Resource Access
9,6,10211,1,1,1.0,1,1,3,0,Normal
17,1,4163,1,1,0.0,1,0,1,0,Unusual Resource Access
8,2,7614,0,1,0.0,0,0,0,0,Normal
8,3,9734,1,1,0.0,0,0,1,0,Normal
9,1,6251,1,1,0.0,1,1,6,0,Normal
16,2,931,1,1,0.0,1,1,3,0,Normal
14,3,11713,1,1,0.0,1,1,1,0,Normal
8,3,7981,1,1,0.0,1,1,3,0,Normal
11,3,10006,1,1,0.0,1,1,1,0,Normal
18,0,8824,1,1,0.0,1,1,1,0,Normal
9,1,3800,1,1,0.0,1,1,0,0,Normal
16,1,2524,1,1,1.0,1,0,1,0,Suspicious Command
11,4,10731,1,1,1.0,1,1,0,0,Normal
8,5,7218,0,1,1.0,1,1,0,0,Normal
13,1,1002,1,1,0.0,1,1,1,0,Normal
18,1,2129,1,1,0.0,1,1,1,0,Normal
14,2,2713,1,1,0.0,1,1,3,0,Normal
18,5,6633,1,1,0.0,1,1,4,0,Normal
2,2,2443,1,1,0.0,1,0,4,0,Off-Hours Access
12,1,10165,1,1,0.0,1,1,3,0,Normal
12,0,8180,1,1,0.0,1,1,6,0,Normal
17,6,11179,1,1,0.0,1,1,4,0,Normal
14,1,8074,1,1,0.0,1,1,6,0,Normal
8,5,5929,1,1,0.0,1,1,0,0,Normal
18,6,7545,1,1,0.0,1,1,4,0,Normal
17,1,2743,1,1,0.0,1,1,4,0,Normal
15,0,7431,1,1,0.0,1,1,1,0,Normal
9,5,9644,0,1,0.0,1,1,3,0,Normal
17,2,1062,1,1,0.0,1,1,0,0,Normal
8,2,9818,1,1,0.0,1,0,6,0,Unusual Resource Access
12,0,4528,0,1,0.0,1,1,6,0,Normal
16,6,8804,1,1,0.0,1,1,4,0,Normal
17,0,2636,1,1,0.0,1,1,4,0,Normal
11,1,6971,0,1,0.0,1,1,0,0,Normal
18,3,0,0,1,1.0,0,0,0,0,Failed Login
17,5,11794,1,1,0.0,1,1,3,0,Normal
8,6,11609,0,1,0.0,1,1,6,0,Normal
18,1,2751,1,1,0.0,1,1,6,0,Normal
9,2,5743,1,1,0.0,1,1,4,0,Normal
8,0,0,0,1,1.0,0,0,0,0,Failed Login
13,3,10877,1,1,1.0,1,0,6,0,Suspicious Command
18,1,1381,1,1,0.0,1,1,0,0,Normal
14,2,6235,1,1,0.0,1,1,4,0,Normal
10,5,4590,1,1,0.0,1,1,3,0,Normal
10,4,4474,0,1,1.0,1,1,4,0,Normal
17,1,7361,1,1,1.0,1,1,1,0,Normal
9,3,11387,1,1,0.0,1,1,1,0,Normal
12,1,11016,1,1,1.0,1,1,1,0,Normal
13,2,3864,1,1,0.0,1,1,1,0,Normal
1,0,6404,0,1,0.0,1,0,6,0,Off-Hours Access
8,1,2419,1,1,0.0,1,1,3,0,Normal
15,3,6742,1,1,0.0,1,1,1,0,Normal
16,1,8457,0,1,0.0,1,1,6,0,Normal
17,3,5641,1,1,0.0,1,1,4,0,Normal
15,2,0,0,1,1.0,0,0,3,0,Failed Login
17,4,9304,1,1,0.0,1,1,6,0,Normal
16,0,8762,1,1,1.0,1,1,1,0,Normal
4,4,11728,1,1,0.0,1,0,4,0,Off-Hours Access
11,4,2563,1,1,0.0,1,1,6,0,Normal
14,6,5692,1,1,0.0,1,1,1,0,Normal
15,4,10607,1,1,1.0,1,1,1,0,Normal
12,4,3137,1,1,1.0,1,1,0,0,Normal
18,0,6494,0,1,1.0,1,1,4,0,Normal
8,2,10657,1,1,0.0,0,0,3,0,Normal
8,6,3582,0,1,0.0,1,1,4,0,Normal
18,1,3688,1,1,1.0,1,1,4,0,Normal
16,4,11045,1,1,0.0,1,1,4,0,Normal
10,2,6283,1,1,0.0,1,1,0,0,Normal
10,4,1741,1,1,1.0,1,1,3,0,Normal
17,4,1135,1,1,0.0,1,0,0,0,Suspicious Command
12,4,2520,1,1,0.0,1,1,4,0,Normal
14,1,7309,1,1,0.0,0,0,3,0,Normal
11,4,0,0,1,1.0,1,0,4,0,Failed Login
12,4,1086,1,1,0.0,1,1,3,0,Normal
18,0,2626,1,1,0.0,1,1,1,0,Normal
13,6,7829,1,1,0.0,1,1,0,0,Normal
13,6,9722,1,1,0.0,1,1,3,0,Normal
8,2,2973,1,1,0.0,1,1,1,0,Normal
9,4,8671,1,1,2.0,1,0,3,0,Suspicious Command
19,1,2915,1,1,0.0,1,0,3,0,Off-Hours Access
10,3,4284,1,1,0.0,1,1,0,0,Normal
16,3,7487,1,1,0.0,1,1,0,0,Normal
13,3,9821,1,1,0.0,1,0,4,0,Suspicious Command
14,5,8278,1,1,0.0,1,1,4,0,Normal
1,5,4932,1,1,1.0,1,0,0,0,Off-Hours Access
8,0,4831,1,1,0.0,1,1,3,0,Normal
3,2,2246,1,1,0.0,0,0,1,0,Off-Hours Access
9,3,1472,0,1,0.0,1,1,6,0,Normal
18,5,9672,1,1,0.0,1,1,4,0,Normal
8,3,3995,1,1,0.0,1,1,6,0,Normal
15,6,3238,1,1,0.0,0,0,4,0,Normal
16,6,11283,1,1,0.0,1,1,4,0,Normal
17,4,4363,0,1,1.0,1,1,4,0,Normal
8,6,5161,1,1,1.0,1,1,0,0,Normal
16,0,9241,1,1,0.0,1,1,3,0,Normal
13,5,9708,1,1,1.0,1,1,4,0,Normal
9,3,4227,1,1,1.0,1,0,6,0,Suspicious Command
16,6,9210,1,1,0.0,1,1,6,0,Normal
18,2,4544,1,1,0.0,1,1,3,0,Normal
15,4,2444,1,1,0.0,1,1,4,0,Normal
9,0,11335,1,1,0.0,1,1,3,0,Normal
16,0,6612,1,1,0.0,1,1,1,0,Normal
12,3,2292,1,1,1.0,1,1,1,0,Normal
15,6,5299,1,1,0.0,1,1,6,0,Normal
23,3,2133,1,1,0.0,0,0,3,0,Off-Hours Access
17,3,3262,1,1,0.0,1,1,1,0,Normal
8,2,3374,1,1,0.0,1,1,0,0,Normal
17,1,3807,1,1,0.0,1,1,1,0,Normal
12,0,5645,0,1,0.0,1,1,1,0,Normal
18,3,7768,0,1,0.0,1,1,1,0,Normal
8,0,7168,1,1,0.0,1,1,4,0,Normal
11,0,0,0,1,1.0,0,0,5,0,Failed Login
11,5,2048,1,1,0.0,1,1,1,0,Normal
17,5,0,0,1,1.0,1,0,2,0,Failed Login
8,6,10981,1,1,0.0,1,1,1,0,Normal
8,5,8643,1,1,0.0,1,0,3,0,Suspicious Command
10,3,5059,1,1,0.0,1,1,6,0,Normal
9,6,3639,1,1,0.0,1,1,3,0,Normal
15,2,7569,0,1,0.0,0,0,1,0,Normal
12,5,6807,1,1,1.0,1,1,1,0,Normal
10,2,10529,1,1,0.0,0,0,1,0,Normal
18,4,4311,1,1,0.0,1,0,6,0,Suspicious Command
13,1,3038,1,1,0.0,1,1,1,0,Normal
17,2,1507,1,1,0.0,1,0,6,0,Unusual Resource Access
18,6,8747,1,1,1.0,1,0,0,0,Unusual Resource Access
16,2,4404,1,1,0.0,1,1,1,0,Normal
8,3,6011,1,1,0.0,1,1,4,0,Normal
20,4,5827,1,1,0.0,1,0,6,0,Off-Hours Access
16,6,5307,1,1,0.0,1,0,3,0,Suspicious Command
8,2,4570,1,1,0.0,1,1,6,0,Normal
14,3,3655,0,1,0.0,1,1,6,0,Normal
15,4,0,0,1,1.0,0,0,6,0,Failed Login
12,6,4820,1,1,0.0,1,1,0,0,Normal
16,2,2374,0,1,0.0,1,1,3,0,Normal
8,6,0,0,1,1.0,0,0,2,0,Failed Login
17,5,1632,1,1,0.0,1,1,3,0,Normal
13,4,9872,1,1,0.0,1,1,6,0,Normal
11,0,10676,1,1,1.0,1,1,6,0,Normal
11,2,4902,1,1,0.0,1,1,6,0,Normal
9,4,9997,1,1,0.0,1,1,3,0,Normal
16,5,3358,0,1,0.0,1,1,4,0,Normal
18,6,4233,1,1,0.0,1,1,4,0,Normal
8,1,10316,1,1,0.0,1,1,0,0,Normal
12,2,8135,1,1,0.0,1,1,0,0,Normal
10,5,0,0,1,1.0,0,0,3,0,Failed Login
12,3,3205,0,1,0.0,1,1,0,0,Normal
9,2,3127,1,1,0.0,1,1,4,0,Normal
18,6,3517,1,1,0.0,1,1,4,0,Normal
8,2,11054,0,1,0.0,0,0,1,0,Normal
13,5,7759,0,1,0.0,1,1,6,0,Normal
13,5,11804,1,1,0.0,1,1,4,0,Normal
8,3,0,0,1,1.0,0,0,2,0,Failed Login
9,2,4185,1,1,0.0,1,1,1,0,Normal
18,3,2367,1,1,1.0,1,1,4,0,Normal
16,3,9055,1,1,0.0,1,1,6,0,Normal
11,5,7155,1,1,0.0,1,1,4,0,Normal
18,4,7764,1,1,0.0,1,1,0,0,Normal
9,2,4776,0,1,0.0,0,0,4,0,Normal
18,4,3339,1,1,0.0,1,1,0,0,Normal
9,1,3670,1,1,0.0,1,1,3,0,Normal
18,4,7359,1,1,0.0,1,1,1,0,Normal
14,1,7456,1,1,0.0,1,1,4,0,Normal
17,4,9842,1,1,0.0,1,1,0,0,Normal
17,3,2219,1,1,0.0,1,1,0,0,Normal
11,1,7663,0,1,0.0,1,1,6,0,Normal
15,6,4755,1,1,0.0,1,1,1,0,Normal
8,4,9873,1,1,0.0,0,0,0,0,Normal
18,5,11431,1,1,0.0,1,0,4,0,Suspicious Command
18,5,4104,1,1,0.0,1,1,0,0,Normal
15,6,1961,1,1,0.0,1,0,1,0,Suspicious Command
14,6,7538,1,1,0.0,1,1,0,0,Normal
9,5,3537,1,1,0.0,1,1,6,0,Normal
12,2,1380,0,1,1.0,1,1,1,0,Normal
16,0,4203,1,1,0.0,1,0,6,0,Suspicious Command
17,5,2213,0,1,1.0,1,1,6,0,Normal
11,2,1646,1,1,0.0,0,0,3,0,Unusual Resource Access
14,5,11006,1,1,1.0,1,1,4,0,Normal
9,3,9483,1,1,0.0,1,1,0,0,Normal
9,1,6482,1,1,0.0,1,1,0,0,Normal
9,3,10044,1,1,0.0,1,1,1,0,Normal
15,2,1821,1,1,0.0,1,0,3,0,Normal
9,1,9288,0,1,0.0,1,1,3,0,Normal
10,6,10535,1,1,1.0,0,0,3,0,Normal
9,3,6451,1,1,0.0,1,1,0,0,Normal
5,2,1141,0,1,0.0,1,0,3,0,Off-Hours Access
12,2,7375,1,1,1.0,1,1,1,0,Normal
14,5,10770,1,1,0.0,1,1,0,0,Normal
15,1,1226,1,1,1.0,1,1,0,0,Normal
9,6,4928,1,1,0.0,1,1,6,0,Normal
10,2,2791,1,1,0.0,1,1,6,0,Normal
10,0,8769,0,1,0.0,1,1,6,0,Normal
18,3,5627,1,1,0.0,0,0,3,0,Unusual Resource Access
9,4,5838,0,1,0.0,1,1,6,0,Normal
9,6,4645,0,1,0.0,1,1,4,0,Normal
23,3,10967,1,1,0.0,1,0,1,0,Off-Hours Access
9,5,1179,1,1,0.0,1,1,4,0,Normal
15,3,8937,1,1,1.0,1,1,1,0,Normal
9,1,9940,1,1,0.0,1,1,1,0,Normal
9,3,8257,1,1,0.0,1,1,6,0,Normal
11,6,9055,1,1,0.0,1,1,3,0,Normal
10,3,8467,1,1,0.0,1,1,3,0,Normal
10,2,6958,1,1,0.0,0,0,0,0,Normal
15,2,1959,1,1,1.0,1,1,4,0,Normal
8,1,1902,1,1,0.0,1,0,0,0,Unusual Resource Access
12,5,6213,1,1,0.0,1,0,3,0,Suspicious Command
8,0,6344,1,1,0.0,1,1,1,0,Normal
10,0,9993,1,1,0.0,1,1,1,0,Normal
14,2,1068,1,1,0.0,1,1,1,0,Normal
15,6,4311,1,1,0.0,1,1,4,0,Normal
15,0,10791,1,1,0.0,1,1,4,0,Normal
16,1,1753,1,1,0.0,1,1,3,0,Normal
16,4,3789,0,1,1.0,1,1,1,0,Normal
11,5,1316,1,1,1.0,1,1,4,0,Normal
10,0,7750,1,1,0.0,1,1,3,0,Normal
17,5,5116,1,1,1.0,1,1,0,0,Normal
18,2,8276,0,1,0.0,1,1,0,0,Normal
15,2,5072,1,1,0.0,1,1,4,0,Normal
8,6,3311,1,1,0.0,1,1,4,0,Normal
14,1,4279,1,1,0.0,1,1,0,0,Normal
18,0,2643,1,1,0.0,1,1,6,0,Normal
13,0,10840,0,1,0.0,1,1,0,0,Normal
19,0,4712,1,1,0.0,1,0,3,0,Off-Hours Access
14,5,10476,1,1,0.0,0,0,1,0,Normal
1,2,1314,1,1,0.0,1,0,0,0,Off-Hours Access
8,2,7454,1,1,0.0,1,1,6,0,Normal
13,3,5671,1,1,0.0,0,0,6,0,Normal
15,1,7072,1,1,0.0,1,1,4,0,Normal
15,1,8167,1,1,0.0,1,1,4,0,Normal
16,2,7415,1,1,0.0,0,0,6,0,Normal
13,0,6225,0,1,0.0,1,1,3,0,Normal
10,2,3852,1,1,0.0,1,1,0,0,Normal
9,6,7777,1,1,0.0,1,0,0,0,Suspicious Command
10,5,11459,1,1,0.0,1,1,3,0,Normal
15,6,7021,0,1,0.0,1,1,3,0,Normal
16,4,7759,1,1,1.0,1,1,6,0,Normal
14,5,1630,1,1,0.0,1,1,1,0,Normal
9,3,1661,1,1,0.0,1,1,3,0,Normal
13,2,11053,0,1,0.0,1,1,1,0,Normal
8,6,3470,1,1,0.0,1,1,1,0,Normal
8,0,2001,0,1,0.0,1,0,4,0,Normal
18,2,1872,0,1,0.0,1,1,4,0,Normal
13,4,7532,1,1,0.0,1,1,1,0,Normal
16,6,4072,1,1,0.0,1,1,3,0,Normal
12,0,9720,1,1,0.0,1,0,3,0,Suspicious Command
12,0,10749,1,1,1.0,1,0,3,0,Suspicious Command
10,5,4145,0,1,1.0,1,1,0,0,Normal
13,6,1143,1,1,0.0,1,1,6,0,Normal
12,1,4228,1,1,0.0,1,1,3,0,Normal
9,6,7380,1,1,0.0,1,1,1,0,Normal
15,5,2998,1,1,0.0,1,1,0,0,Normal
18,6,5026,1,1,0.0,1,1,0,0,Normal
8,6,2873,1,1,0.0,1,1,0,0,Normal
17,6,0,0,1,1.0,0,0,6,0,Failed Login
8,6,4338,1,1,0.0,1,1,4,0,Normal
2,1,2978,1,1,1.0,1,0,0,0,Off-Hours Access
10,3,9833,1,1,1.0,1,1,3,0,Normal
13,2,10578,1,1,0.0,1,1,6,0,Normal
15,5,8972,1,1,0.0,1,1,0,0,Normal
11,1,10548,1,1,0.0,1,1,1,0,Normal
13,5,3618,1,1,0.0,0,0,6,0,Normal
12,2,9415,1,1,0.0,1,1,6,0,Normal
16,6,3714,1,1,1.0,1,1,3,0,Normal
15,3,1194,1,1,0.0,1,1,1,0,Normal
10,3,6837,1,1,0.0,1,1,1,0,Normal
13,1,10494,1,1,0.0,1,1,6,0,Normal
10,0,2641,1,1,0.0,1,1,6,0,Normal
18,6,5813,1,1,0.0,1,1,1,0,Normal
17,1,11486,0,1,0.0,1,1,1,0,Normal
10,0,5609,1,1,0.0,1,1,6,0,Normal
8,2,0,0,1,1.0,0,0,6,0,Failed Login
17,3,3932,0,1,0.0,1,1,1,0,Normal
8,1,2126,0,1,1.0,1,1,3,0,Normal
13,2,11044,1,1,1.0,1,0,3,0,Normal
15,0,8860,1,1,0.0,1,0,0,0,Suspicious Command
14,3,8666,1,1,0.0,1,1,6,0,Normal
16,1,1141,1,1,0.0,1,1,6,0,Normal
11,0,8185,1,1,0.0,1,1,6,0,Normal
11,1,4147,1,1,0.0,1,1,1,0,Normal
4,1,4121,1,1,0.0,1,0,6,0,Off-Hours Access
18,3,5689,1,1,0.0,1,0,3,0,Suspicious Command
12,3,8655,1,1,0.0,1,1,6,0,Normal
2,5,10080,1,1,0.0,1,0,1,0,Off-Hours Access
12,3,4488,1,1,0.0,1,1,1,0,Normal
11,5,5086,1,1,1.0,1,1,3,0,Normal
10,2,6957,1,1,0.0,0,0,3,0,Normal
10,5,1579,1,1,0.0,1,1,3,0,Normal
14,4,5289,1,1,0.0,1,0,4,0,Unusual Resource Access
12,4,5892,0,1,0.0,1,0,0,0,Unusual Resource Access
14,1,4539,1,1,0.0,1,1,4,0,Normal
12,4,1739,1,1,0.0,1,1,0,0,Normal
15,5,9967,1,1,0.0,1,0,1,0,Unusual Resource Access
9,4,10876,1,1,0.0,1,1,3,0,Normal
15,6,2702,0,1,0.0,1,1,3,0,Normal
15,3,1234,1,1,1.0,1,1,0,0,Normal
14,5,4633,1,1,1.0,1,1,6,0,Normal
14,3,4361,0,1,1.0,1,1,1,0,Normal
18,2,8616,1,1,0.0,1,1,0,0,Normal
10,6,7622,1,1,0.0,1,0,0,0,Normal
12,1,1164,1,1,1.0,1,1,3,0,Normal
16,1,9131,1,1,0.0,1,1,1,0,Normal
8,6,10282,1,1,1.0,1,1,1,0,Normal
10,0,9152,1,1,0.0,1,1,3,0,Normal
13,2,11889,1,1,0.0,0,0,6,0,Normal
9,6,5198,1,1,0.0,1,1,6,0,Normal
9,3,1387,1,1,0.0,1,1,0,0,Normal
8,0,3568,1,1,0.0,1,1,0,0,Normal
17,6,10987,0,1,0.0,1,1,3,0,Normal
10,3,3421,1,1,1.0,1,1,3,0,Normal
11,5,2381,1,1,0.0,1,1,0,0,Normal
12,0,7539,1,1,0.0,1,1,1,0,Normal
17,1,5524,0,1,0.0,1,0,6,0,Unusual Resource Access
14,0,10710,1,1,1.0,1,1,0,0,Normal
16,0,6927,1,1,0.0,1,1,6,0,Normal
11,3,9727,1,1,0.0,1,0,0,0,Suspicious Command
8,4,11767,1,1,0.0,1,1,4,0,Normal
16,1,7119,1,1,2.0,1,1,6,0,Normal
18,6,6283,0,1,0.0,1,1,6,0,Normal
8,5,10715,1,1,0.0,1,1,6,0,Normal
15,3,1409,1,1,0.0,0,0,1,0,Normal
9,1,0,0,1,1.0,1,0,5,0,Failed Login
18,2,3313,1,1,0.0,0,0,0,0,Normal
17,5,2355,0,1,1.0,1,1,4,0,Normal
17,1,7205,1,1,0.0,1,1,3,0,Normal
14,3,0,0,1,1.0,1,0,0,0,Failed Login
11,1,5312,1,1,1.0,1,1,4,0,Normal
18,0,6372,1,1,0.0,1,1,4,0,Normal
10,4,5786,1,1,0.0,1,1,1,0,Normal
8,0,4550,1,1,0.0,1,1,1,0,Normal
16,0,8294,1,1,0.0,1,1,3,0,Normal
18,0,3060,1,1,0.0,1,1,6,0,Normal
10,5,6666,1,1,0.0,1,0,6,0,Normal
12,1,8102,1,1,1.0,1,1,3,0,Normal
18,3,5356,1,1,1.0,1,1,0,0,Normal
13,5,9065,1,1,0.0,1,1,0,0,Normal
14,3,2983,1,1,0.0,1,1,1,0,Normal
15,0,11821,1,1,0.0,1,0,0,0,Unusual Resource Access
6,3,10458,1,1,0.0,0,0,0,0,Off-Hours Access
19,2,9333,1,1,0.0,1,0,0,0,Off-Hours Access
17,2,1102,1,1,1.0,1,1,0,0,Normal
10,4,10861,1,1,0.0,1,1,4,0,Normal
17,1,0,0,1,1.0,0,0,1,0,Failed Login
15,2,11007,1,1,0.0,1,1,1,0,Normal
18,4,5557,1,1,0.0,1,1,6,0,Normal
9,4,0,0,1,2.0,0,0,4,0,Failed Login
12,0,1086,1,1,0.0,1,1,4,0,Normal
11,0,10053,1,1,0.0,1,0,4,0,Suspicious Command
5,6,10987,1,1,0.0,1,0,6,0,Off-Hours Access
16,3,8769,1,1,1.0,1,1,4,0,Normal
12,2,5120,0,1,0.0,0,0,0,0,Normal
18,4,6073,1,1,0.0,0,0,3,0,Normal
15,3,0,0,1,1.0,0,0,6,0,Failed Login
13,6,10691,1,1,0.0,0,0,3,0,Normal
15,4,1560,1,1,0.0,1,1,0,0,Normal
12,6,8249,1,1,0.0,1,1,4,0,Normal
12,5,8173,1,1,0.0,1,1,6,0,Normal
11,6,8607,1,1,0.0,1,1,6,0,Normal
3,5,6587,1,1,0.0,1,0,3,0,Off-Hours Access
11,0,2102,1,1,0.0,1,1,3,0,Normal
13,6,6158,1,1,0.0,1,1,6,0,Normal
17,3,10767,1,1,0.0,1,1,1,0,Normal
18,3,1728,1,1,0.0,0,0,6,0,Normal
8,2,6007,0,1,0.0,1,1,4,0,Normal
11,2,3819,0,1,0.0,1,1,1,0,Normal
17,1,5466,1,1,0.0,1,0,3,0,Unusual Resource Access
16,5,6170,1,1,0.0,1,1,0,0,Normal
14,2,4010,0,1,0.0,1,0,1,0,Unusual Resource Access
8,1,7977,1,1,0.0,1,1,6,0,Normal
16,0,3655,0,1,0.0,1,1,3,0,Normal
9,0,2192,0,1,1.0,1,1,1,0,Normal
10,3,2542,0,1,0.0,1,1,0,0,Normal
13,5,3570,1,1,0.0,1,1,4,0,Normal
9,2,1429,1,1,0.0,1,1,0,0,Normal
10,2,4600,1,1,0.0,1,1,4,0,Normal
15,3,5754,1,1,1.0,1,1,4,0,Normal
18,2,2209,1,1,1.0,1,1,1,0,Normal
9,4,6453,1,1,0.0,1,1,3,0,Normal
15,1,3067,1,1,0.0,1,1,0,0,Normal
17,5,7027,1,1,0.0,1,0,6,0,Unusual Resource Access
15,3,9369,1,1,0.0,1,1,0,0,Normal
8,0,7391,1,1,1.0,1,1,6,0,Normal
13,2,11403,0,1,0.0,0,0,3,0,Normal
17,2,1079,1,1,0.0,0,0,6,0,Normal
9,6,11370,0,1,0.0,1,1,1,0,Normal
17,2,4177,1,1,0.0,0,0,1,0,Normal
15,6,4689,1,1,0.0,1,1,4,0,Normal
10,0,11111,1,1,0.0,1,1,6,0,Normal
15,6,11739,1,1,0.0,1,1,4,0,Normal
17,1,5583,1,1,0.0,1,1,4,0,Normal
12,4,9318,0,1,0.0,1,1,1,0,Normal
16,1,7278,1,1,0.0,1,1,3,0,Normal
12,4,7554,1,1,0.0,1,1,0,0,Normal
13,2,11001,1,1,0.0,1,1,0,0,Normal
14,1,2580,1,1,0.0,1,1,0,0,Normal
16,4,1071,1,1,0.0,1,1,0,0,Normal
14,6,3047,1,1,0.0,0,0,6,0,Normal
13,4,2063,1,1,0.0,0,0,6,0,Normal
15,4,9043,1,1,0.0,0,0,0,0,Normal
13,3,1913,1,1,0.0,1,1,3,0,Normal
9,4,2490,1,1,0.0,1,0,4,0,Unusual Resource Access
15,3,8440,0,1,0.0,1,1,4,0,Normal
18,4,9608,1,1,1.0,1,1,3,0,Normal
12,3,4419,1,1,0.0,1,1,3,0,Normal
16,5,10849,1,1,0.0,1,1,4,0,Normal
15,5,7031,1,1,0.0,1,1,6,0,Normal
11,0,3941,1,1,1.0,1,0,3,0,Suspicious Command
14,6,10165,1,1,0.0,1,0,1,0,Unusual Resource Access
10,3,6178,1,1,0.0,1,1,1,0,Normal
15,3,11594,1,1,0.0,1,1,3,0,Normal
11,3,0,0,1,2.0,1,0,3,0,Failed Login
8,3,3994,1,1,0.0,1,1,3,0,Normal
10,4,11710,0,1,1.0,1,1,0,0,Normal
8,0,7273,1,1,0.0,1,0,1,0,Suspicious Command
13,2,11096,0,1,0.0,1,1,3,0,Normal
9,2,5558,1,1,2.0,1,1,0,0,Normal
14,0,8973,1,1,0.0,1,1,1,0,Normal
9,1,7427,1,1,1.0,1,1,6,0,Normal
15,2,6822,0,1,0.0,1,1,3,0,Normal
13,3,11122,1,1,0.0,1,1,1,0,Normal
9,4,8653,1,1,1.0,1,0,0,0,Suspicious Command
15,1,10225,0,1,0.0,1,1,4,0,Normal
8,2,9228,1,1,0.0,0,0,1,0,Normal
14,6,2062,1,1,0.0,1,1,0,0,Normal
17,5,2611,1,1,0.0,1,1,1,0,Normal
17,3,9774,1,1,0.0,1,1,3,0,Normal
9,0,7900,0,1,0.0,1,1,3,0,Normal
12,2,7731,1,1,0.0,0,0,1,0,Normal
10,6,5114,1,1,0.0,0,0,3,0,Normal
16,0,5020,1,1,0.0,1,0,4,0,Unusual Resource Access
10,4,5883,1,1,0.0,0,0,3,0,Suspicious Command
18,0,8454,1,1,0.0,1,1,0,0,Normal
16,4,3215,1,1,0.0,1,1,3,0,Normal
16,1,6303,1,1,0.0,1,1,6,0,Normal
9,4,7198,1,1,0.0,1,1,6,0,Normal
12,1,5912,1,1,0.0,1,1,0,0,Normal
12,1,9342,1,1,0.0,1,1,4,0,Normal
14,6,960,1,1,0.0,1,1,1,0,Normal
0,0,6738,1,1,0.0,1,0,0,0,Off-Hours Access
16,2,9079,1,1,1.0,1,1,4,0,Normal
13,5,6668,0,1,0.0,1,1,0,0,Normal
12,1,7231,1,1,0.0,1,1,6,0,Normal
14,6,5670,1,1,0.0,1,1,1,0,Normal
14,1,2645,1,1,0.0,1,1,4,0,Normal
12,1,10545,1,1,2.0,1,1,3,0,Normal
10,2,9571,1,1,0.0,0,0,1,0,Normal
16,2,8599,1,1,0.0,0,0,4,0,Normal
8,2,1646,1,1,0.0,1,1,1,0,Normal
10,3,11434,1,1,0.0,1,1,3,0,Normal
13,6,0,0,1,1.0,0,0,6,0,Failed Login
17,0,10334,1,1,0.0,1,1,0,0,Normal
10,5,4336,1,1,0.0,1,1,6,0,Normal
8,4,8502,1,1,0.0,1,1,6,0,Normal
15,0,10288,1,1,0.0,1,1,6,0,Normal
17,2,10476,1,1,0.0,1,1,4,0,Normal
14,2,3192,1,1,0.0,1,0,3,0,Suspicious Command
8,0,3416,0,1,0.0,1,1,4,0,Normal
15,4,9312,0,1,0.0,1,0,4,0,Unusual Resource Access
18,3,960,1,1,0.0,1,1,1,0,Normal
17,6,9326,1,1,0.0,0,0,0,0,Normal
20,1,7781,1,1,0.0,1,0,1,0,Off-Hours Access
11,4,940,1,1,2.0,1,1,1,0,Normal
11,6,3303,1,1,0.0,1,0,4,0,Unusual Resource Access
13,0,11104,1,1,1.0,1,1,0,0,Normal
10,3,3266,1,1,0.0,1,1,0,0,Normal
16,0,5368,1,1,0.0,1,0,4,0,Unusual Resource Access
8,2,8535,1,1,0.0,1,1,4,0,Normal
9,3,9033,1,1,0.0,1,0,0,0,Normal
9,4,11128,1,1,1.0,1,1,3,0,Normal
11,4,6679,1,1,0.0,1,1,6,0,Normal
8,0,6955,1,1,0.0,1,1,4,0,Normal
16,0,8747,1,1,0.0,1,0,6,0,Unusual Resource Access
17,2,3434,0,1,0.0,1,0,3,0,Unusual Resource Access
16,5,9268,1,1,0.0,1,1,6,0,Normal
18,2,7482,1,1,0.0,1,1,6,0,Normal
15,3,8781,1,1,0.0,0,0,1,0,Normal
14,6,4568,1,1,0.0,1,1,1,0,Normal
14,1,8340,0,1,1.0,1,1,3,0,Normal
14,3,9272,1,1,0.0,1,1,0,0,Normal
11,6,8208,0,1,0.0,1,1,4,0,Normal
9,4,2540,1,1,0.0,1,1,1,0,Normal
18,3,11977,0,1,0.0,0,0,0,0,Normal
16,4,0,0,1,1.0,0,0,4,0,Failed Login
12,4,4151,1,1,0.0,1,0,6,0,Suspicious Command
9,2,10758,0,1,0.0,1,1,3,0,Normal
15,2,1775,1,1,0.0,1,1,3,0,Normal
18,4,9294,1,1,0.0,1,1,0,0,Normal
17,3,4699,1,1,0.0,1,1,6,0,Normal
12,1,7977,1,1,1.0,1,1,6,0,Normal
11,3,11744,1,1,0.0,1,1,3,0,Normal
13,3,11866,1,1,1.0,1,1,3,0,Normal
14,4,3139,1,1,0.0,1,1,6,0,Normal
18,6,4613,1,1,1.0,1,1,1,0,Normal
6,1,5813,1,1,1.0,1,0,0,0,Off-Hours Access
15,1,3794,1,1,0.0,1,1,0,0,Normal
17,1,11554,0,1,0.0,1,1,4,0,Normal
17,3,8140,0,1,0.0,1,1,6,0,Normal
10,0,5380,1,1,0.0,1,0,4,0,Suspicious Command
8,2,10115,1,1,0.0,1,1,4,0,Normal
8,4,2954,1,1,0.0,1,1,3,0,Normal
11,1,7859,1,1,0.0,1,1,1,0,Normal
8,4,3966,0,1,1.0,1,1,0,0,Normal
14,1,10726,1,1,0.0,1,1,6,0,Normal
14,1,6035,1,1,0.0,1,1,1,0,Normal
10,3,2997,1,1,0.0,1,1,1,0,Normal
16,6,8071,1,1,0.0,1,1,1,0,Normal
15,1,2436,1,1,0.0,1,1,6,0,Normal
10,5,7512,0,1,0.0,1,1,4,0,Normal
10,0,1926,1,1,0.0,1,1,4,0,Normal
13,3,7075,1,1,1.0,1,1,1,0,Normal
11,0,10446,1,1,0.0,1,0,4,0,Suspicious Command
18,3,2418,1,1,1.0,1,1,4,0,Normal
16,3,5627,1,1,0.0,1,0,4,0,Unusual Resource Access
15,0,9680,1,1,0.0,1,1,3,0,Normal
11,3,4143,1,1,0.0,1,0,3,0,Unusual Resource Access
12,5,9517,1,1,0.0,1,1,0,0,Normal
11,5,5643,0,1,0.0,1,1,6,0,Normal
15,2,2452,1,1,0.0,1,1,0,0,Normal
13,4,0,0,1,1.0,1,0,4,0,Failed Login
19,4,2494,1,1,0.0,1,0,3,0,Off-Hours Access
18,0,5834,1,1,0.0,1,1,0,0,Normal
8,0,3239,1,1,0.0,1,1,6,0,Normal
11,2,5213,1,1,0.0,1,1,4,0,Normal
8,3,3655,1,1,0.0,1,0,1,0,Suspicious Command
12,5,7514,1,1,0.0,1,1,6,0,Normal
9,5,3009,1,1,1.0,1,0,1,0,Suspicious Command
8,3,10519,1,1,0.0,1,1,1,0,Normal
13,3,2466,1,1,0.0,1,0,6,0,Normal
11,5,4325,1,1,1.0,1,1,4,0,Normal
18,2,0,0,1,2.0,0,0,1,0,Failed Login
10,5,9101,1,1,0.0,1,1,1,0,Normal
17,4,3738,1,1,0.0,1,1,6,0,Normal
11,1,10457,1,1,1.0,1,1,6,0,Normal
18,2,5433,1,1,0.0,1,1,1,0,Normal
13,1,4701,1,1,0.0,1,1,0,0,Normal
13,4,7523,1,1,1.0,1,1,0,0,Normal
12,4,6957,1,1,0.0,1,1,1,0,Normal
8,4,5817,0,1,0.0,1,1,0,0,Normal
11,6,6976,1,1,0.0,1,1,3,0,Normal
12,5,6106,1,1,0.0,1,1,0,0,Normal
17,5,11284,1,1,0.0,1,1,1,0,Normal
11,5,7261,1,1,0.0,1,1,1,0,Normal
15,5,11465,1,1,0.0,1,1,0,0,Normal
18,4,5347,1,1,0.0,1,1,4,0,Normal
16,5,11856,1,1,0.0,1,1,1,0,Normal
14,5,5750,1,1,0.0,1,1,1,0,Normal
17,2,7703,0,1,1.0,1,1,6,0,Normal
16,2,9342,1,1,0.0,1,1,0,0,Normal
8,4,4311,1,1,0.0,1,1,0,0,Normal
10,3,5387,1,1,0.0,1,1,6,0,Normal
8,5,5407,1,1,0.0,1,1,0,0,Normal
4,5,11268,1,1,0.0,1,0,3,0,Off-Hours Access
12,3,4033,1,1,0.0,1,1,1,0,Normal
17,4,1085,1,1,0.0,1,1,4,0,Normal
16,3,3874,1,1,0.0,1,1,6,0,Normal
12,0,11064,1,1,0.0,1,1,6,0,Normal
14,2,4479,1,1,0.0,0,0,1,0,Normal
9,3,6632,1,1,0.0,1,1,1,0,Normal
11,0,0,0,1,1.0,0,0,1,0,Failed Login
15,1,9640,1,1,1.0,1,1,4,0,Normal
17,0,1917,0,1,0.0,1,1,6,0,Normal
8,1,2393,0,1,0.0,1,1,3,0,Normal
17,4,10104,1,1,1.0,1,0,3,0,Suspicious Command
9,3,2085,1,1,1.0,1,1,6,0,Normal
9,6,9123,1,1,0.0,1,1,4,0,Normal
10,3,4135,0,1,0.0,1,1,4,0,Normal
1,3,2315,0,1,0.0,1,0,0,0,Off-Hours Access
10,2,9432,1,1,0.0,1,0,1,0,Suspicious Command
12,4,9642,1,1,0.0,1,1,1,0,Normal
15,3,4391,1,1,0.0,1,1,3,0,Normal
15,6,3972,1,1,0.0,1,1,0,0,Normal
9,6,10970,0,1,0.0,1,1,4,0,Normal
12,6,6331,1,1,0.0,1,0,4,0,Unusual Resource Access
14,2,1988,1,1,0.0,1,1,0,0,Normal
13,6,11647,1,1,0.0,1,1,1,0,Normal
10,2,8871,1,1,0.0,0,0,4,0,Normal
17,2,5420,1,1,0.0,1,1,3,0,Normal
14,6,9201,1,1,0.0,1,1,4,0,Normal
13,2,7989,1,1,0.0,0,0,4,0,Normal
14,3,9171,1,1,0.0,1,1,4,0,Normal
15,0,3456,1,1,0.0,0,0,0,0,Normal
13,1,0,0,1,1.0,0,0,6,0,Failed Login
23,2,11355,0,1,1.0,1,0,6,0,Off-Hours Access
8,0,8860,1,1,0.0,1,1,6,0,Normal
14,3,0,0,1,1.0,0,0,2,0,Failed Login
8,4,6253,1,1,1.0,1,1,0,0,Normal
17,6,1423,0,1,0.0,1,1,4,0,Normal
16,4,4082,1,1,0.0,1,0,4,0,Suspicious Command
10,2,3050,1,1,0.0,1,1,3,0,Normal
12,1,10018,0,1,0.0,1,1,0,0,Normal
10,2,2092,0,1,0.0,0,0,6,0,Normal
13,4,8592,1,1,0.0,1,0,4,0,Suspicious Command
12,2,1496,1,1,1.0,1,1,3,0,Normal
16,2,1269,1,1,1.0,1,1,1,0,Normal
16,3,8512,1,1,1.0,1,1,1,0,Normal
10,2,8184,1,1,0.0,1,1,3,0,Normal
17,0,6338,1,1,0.0,1,1,4,0,Normal
15,3,10274,1,1,0.0,1,1,3,0,Normal
10,3,10775,1,1,0.0,1,1,0,0,Normal
12,3,10857,1,1,0.0,1,1,3,0,Normal
9,0,6332,1,1,0.0,1,1,0,0,Normal
12,2,2259,1,1,0.0,1,1,6,0,Normal
9,1,4503,1,1,0.0,1,0,4,0,Suspicious Command
15,1,10956,1,1,0.0,1,1,3,0,Normal
15,4,6193,1,1,0.0,1,1,1,0,Normal
10,2,3752,1,1,0.0,1,1,4,0,Normal
8,5,2964,1,1,0.0,1,1,0,0,Normal
11,5,2669,1,1,0.0,1,1,3,0,Normal
12,2,7194,1,1,1.0,1,1,6,0,Normal
8,0,6944,1,1,0.0,1,1,1,0,Normal
11,5,6436,1,1,0.0,1,1,3,0,Normal
11,3,11386,1,1,0.0,1,1,4,0,Normal
8,2,10813,1,1,0.0,1,1,1,0,Normal
17,2,2325,1,1,0.0,1,0,6,0,Unusual Resource Access
10,3,4844,1,1,0.0,1,1,4,0,Normal
17,0,7391,1,1,0.0,1,1,6,0,Normal
8,5,10507,1,1,1.0,1,1,1,0,Normal
13,5,11041,1,1,1.0,1,0,1,0,Unusual Resource Access
9,3,1852,1,1,0.0,1,1,6,0,Normal
18,6,9323,0,1,0.0,1,0,0,0,Unusual Resource Access
12,0,11085,1,1,0.0,1,1,3,0,Normal
13,4,4739,0,1,0.0,1,1,1,0,Normal
15,2,5567,1,1,1.0,1,1,6,0,Normal
12,4,1110,1,1,0.0,1,1,0,0,Normal
13,5,2215,1,1,0.0,1,1,6,0,Normal
14,1,1857,1,1,0.0,1,1,4,0,Normal
14,1,10328,1,1,0.0,1,1,6,0,Normal
18,3,0,0,1,1.0,0,0,3,0,Failed Login
18,5,7230,1,1,0.0,1,1,6,0,Normal
13,1,4150,1,1,0.0,1,1,1,0,Normal
3,6,5586,0,1,0.0,1,0,6,0,Off-Hours Access
8,1,8331,1,1,0.0,1,1,1,0,Normal
17,2,3333,1,1,0.0,1,1,3,0,Normal
11,4,6545,1,1,0.0,1,1,0,0,Normal
17,0,9671,1,1,1.0,1,1,0,0,Normal
16,2,2511,1,1,1.0,1,0,6,0,Suspicious Command
14,2,7911,1,1,0.0,0,0,1,0,Normal
5,2,6887,1,1,0.0,1,0,1,0,Off-Hours Access
14,5,5162,1,1,1.0,1,1,0,0,Normal
14,6,10365,1,1,0.0,1,1,4,0,Normal
12,2,995,1,1,0.0,0,0,4,0,Normal
14,6,8964,1,1,0.0,1,0,0,0,Suspicious Command
13,2,8122,1,1,0.0,1,1,3,0,Normal
12,2,3046,1,1,0.0,1,1,6,0,Normal
18,1,3314,1,1,0.0,1,1,1,0,Normal
15,3,6550,1,1,1.0,1,1,4,0,Normal
10,2,5672,1,1,1.0,1,1,3,0,Normal
11,1,3094,0,1,0.0,1,1,3,0,Normal
10,2,8186,1,1,0.0,1,1,1,0,Normal
17,3,1949,1,1,0.0,1,1,4,0,Normal
15,5,7568,1,1,2.0,1,1,1,0,Normal
16,1,2748,0,1,1.0,1,1,6,0,Normal
10,0,5687,1,1,0.0,1,1,3,0,Normal
12,0,9247,1,1,0.0,1,0,6,0,Unusual Resource Access
16,3,11355,0,1,0.0,1,1,0,0,Normal
13,1,5586,1,1,0.0,1,1,3,0,Normal
14,6,7030,1,1,1.0,1,0,3,0,Unusual Resource Access
8,2,5680,1,1,0.0,1,1,4,0,Normal
16,6,1699,1,1,1.0,1,1,3,0,Normal
18,6,5082,1,1,0.0,1,1,4,0,Normal
12,3,11292,1,1,0.0,0,0,1,0,Unusual Resource Access
11,1,6138,1,1,0.0,1,1,0,0,Normal
7,3,1491,1,1,0.0,1,0,3,0,Off-Hours Access
8,0,7532,1,1,1.0,1,1,6,0,Normal
11,1,2430,0,1,0.0,1,1,0,0,Normal
14,0,2748,0,1,0.0,1,1,0,0,Normal
14,0,9441,1,1,0.0,1,1,3,0,Normal
15,4,0,0,1,1.0,0,0,3,0,Failed Login
13,1,6955,1,1,0.0,1,1,3,0,Normal
17,2,3572,1,1,0.0,1,1,3,0,Normal
10,2,6391,1,1,0.0,1,1,0,0,Normal
16,5,3384,1,1,1.0,1,0,6,0,Suspicious Command
15,0,7945,1,1,0.0,1,1,0,0,Normal
12,2,1903,1,1,0.0,1,1,4,0,Normal
13,4,8631,1,1,1.0,1,0,3,0,Suspicious Command
8,0,10002,1,1,1.0,1,1,1,0,Normal
15,6,2880,1,1,1.0,1,1,6,0,Normal
10,5,7288,1,1,0.0,1,1,3,0,Normal
8,3,2099,0,1,0.0,0,0,1,0,Normal
10,3,8909,1,1,0.0,1,1,4,0,Normal
15,2,2439,1,1,0.0,1,1,0,0,Normal
17,2,7063,1,1,1.0,1,1,6,0,Normal
14,0,5749,0,1,1.0,1,1,0,0,Normal
11,2,1186,1,1,0.0,1,1,6,0,Normal
12,3,0,0,1,1.0,0,0,4,0,Failed Login
8,0,5561,1,1,3.0,1,1,4,0,Normal
9,5,2772,0,1,0.0,1,1,3,0,Normal
9,3,0,0,1,1.0,0,0,6,0,Failed Login
11,6,6409,1,1,0.0,1,1,0,0,Normal
11,3,9216,1,1,0.0,1,1,4,0,Normal
9,2,5547,1,1,0.0,1,1,6,0,Normal
12,4,7669,1,1,0.0,0,0,3,0,Normal
11,2,4302,0,1,0.0,1,1,6,0,Normal
18,0,3296,1,1,0.0,1,1,4,0,Normal
16,0,0,0,1,1.0,1,0,3,0,Failed Login
8,2,1186,1,1,0.0,1,1,0,0,Normal
13,5,9018,0,1,0.0,1,1,1,0,Normal
8,1,6147,1,1,0.0,1,1,1,0,Normal
11,3,1853,0,1,0.0,1,1,6,0,Normal
17,4,9961,1,1,0.0,1,1,6,0,Normal
12,2,9808,1,1,0.0,0,0,6,0,Unusual Resource Access
17,3,5200,1,1,0.0,1,1,6,0,Normal
14,1,7353,1,1,0.0,1,1,0,0,Normal
16,2,3146,1,1,0.0,1,1,1,0,Normal
17,6,8403,1,1,0.0,1,1,4,0,Normal
11,3,6615,1,1,0.0,1,1,6,0,Normal
11,2,9046,1,1,0.0,1,1,0,0,Normal
10,4,2944,1,1,0.0,1,1,3,0,Normal
7,1,2510,1,1,0.0,1,0,0,0,Off-Hours Access
10,0,4451,1,1,0.0,1,1,3,0,Normal
18,4,2338,1,1,1.0,1,1,6,0,Normal
18,6,3716,1,1,0.0,1,1,0,0,Normal
14,1,6222,1,1,0.0,1,0,0,0,Unusual Resource Access
18,3,6493,1,1,0.0,1,0,1,0,Unusual Resource Access
14,6,7128,1,1,0.0,0,0,0,0,Normal
16,1,6095,0,1,0.0,1,1,6,0,Normal
12,3,7249,1,1,0.0,1,1,6,0,Normal
17,1,6675,1,1,1.0,1,0,3,0,Normal
16,4,11521,0,1,0.0,1,0,6,0,Normal
8,3,971,1,1,0.0,0,0,6,0,Normal
18,0,10094,1,1,0.0,1,1,0,0,Normal
8,2,3214,1,1,0.0,1,1,6,0,Normal
20,5,11437,1,1,0.0,1,0,0,0,Off-Hours Access
10,0,0,0,1,1.0,0,0,6,0,Failed Login
10,2,7206,1,1,0.0,1,1,1,0,Normal
17,3,2407,1,1,0.0,1,0,0,0,Unusual Resource Access
17,2,5089,0,1,0.0,1,1,0,0,Normal
11,3,7005,1,1,0.0,1,1,4,0,Normal
12,4,9689,1,1,0.0,0,0,3,0,Normal
16,1,4148,1,1,0.0,1,1,3,0,Normal
11,1,7928,1,1,1.0,1,1,3,0,Normal
15,0,5810,1,1,0.0,1,1,0,0,Normal
18,2,6878,1,1,0.0,0,0,0,0,Normal
22,4,6424,1,1,1.0,1,0,3,0,Off-Hours Access
7,2,8401,0,1,0.0,0,0,6,0,Off-Hours Access
17,3,1648,1,1,0.0,1,1,3,0,Normal
15,3,6056,1,1,0.0,1,1,3,0,Normal
8,2,1939,1,1,0.0,1,1,6,0,Normal
9,6,11320,0,1,0.0,1,1,1,0,Normal
18,2,6006,1,1,0.0,1,1,6,0,Normal
10,4,5238,1,1,0.0,1,1,3,0,Normal
15,5,2188,1,1,0.0,1,1,1,0,Normal
18,2,0,0,1,1.0,1,0,5,0,Failed Login
18,0,2718,1,1,0.0,1,1,4,0,Normal
11,3,11990,1,1,0.0,1,1,3,0,Normal
12,4,10789,1,1,0.0,1,1,6,0,Normal
9,5,6536,1,1,0.0,1,1,4,0,Normal
11,2,7746,1,1,0.0,1,1,6,0,Normal
9,1,8692,1,1,0.0,1,0,4,0,Suspicious Command
10,4,2563,1,1,0.0,1,1,4,0,Normal
16,3,7969,1,1,0.0,1,0,3,0,Unusual Resource Access
0,1,10569,1,1,0.0,1,0,3,0,Off-Hours Access
10,0,9600,1,1,0.0,1,0,1,0,Suspicious Command
12,3,11673,1,1,0.0,0,0,6,0,Normal
17,6,0,0,1,1.0,1,0,6,0,Failed Login
13,6,5573,0,1,0.0,1,0,3,0,Unusual Resource Access
16,4,11786,1,1,0.0,1,0,1,0,Suspicious Command
18,5,1158,1,1,0.0,0,0,4,0,Normal
18,5,2972,1,1,0.0,1,1,3,0,Normal
15,3,2727,1,1,0.0,1,1,3,0,Normal
9,0,0,0,1,1.0,0,0,2,0,Failed Login
13,6,8029,1,1,0.0,1,1,0,0,Normal
13,2,7013,1,1,0.0,0,0,6,0,Suspicious Command
13,3,0,0,1,1.0,0,0,4,0,Failed Login
12,4,3686,1,1,0.0,1,1,6,0,Normal
14,2,5359,0,1,0.0,1,1,6,0,Normal
15,2,11147,0,1,0.0,1,1,4,0,Normal
11,6,9173,0,1,0.0,1,0,3,0,Normal
16,2,0,0,1,1.0,0,0,0,0,Failed Login
10,0,9672,1,1,0.0,1,1,1,0,Normal
11,6,0,0,1,1.0,0,0,2,0,Failed Login
18,6,4922,1,1,0.0,1,1,0,0,Normal
16,2,7919,1,1,0.0,1,1,0,0,Normal
13,2,4855,1,1,0.0,0,0,0,0,Suspicious Command
8,1,6153,0,1,0.0,1,1,3,0,Normal
16,2,10470,1,1,0.0,0,0,6,0,Normal
18,6,6853,1,1,0.0,1,1,4,0,Normal
13,0,0,0,1,2.0,1,0,0,0,Failed Login
10,5,10478,1,1,0.0,1,1,1,0,Normal
7,4,9497,1,1,0.0,1,0,1,0,Off-Hours Access
8,0,11636,1,1,1.0,1,1,1,0,Normal
12,4,3782,1,1,0.0,1,1,0,0,Normal
8,1,8388,1,1,0.0,1,1,6,0,Normal
18,0,3940,1,1,0.0,1,0,4,0,Normal
14,0,7710,1,1,0.0,1,1,1,0,Normal
14,3,0,0,1,1.0,0,0,4,0,Failed Login
11,5,10629,1,1,0.0,1,0,1,0,Unusual Resource Access
15,0,6303,1,1,0.0,1,1,0,0,Normal
12,3,10386,0,1,0.0,0,0,1,0,Normal
10,0,8761,0,1,0.0,1,1,4,0,Normal
16,4,9430,1,1,0.0,1,0,3,0,Unusual Resource Access
12,3,11128,1,1,0.0,1,1,0,0,Normal
10,3,2708,1,1,0.0,1,1,6,0,Normal
13,6,2455,1,1,0.0,1,1,3,0,Normal
8,2,4361,1,1,0.0,1,1,0,0,Normal
9,2,3655,1,1,0.0,1,1,6,0,Normal
13,6,2593,1,1,0.0,1,1,0,0,Normal
15,1,2063,0,1,0.0,1,1,3,0,Normal
16,1,10488,0,1,0.0,1,1,3,0,Normal
8,0,9085,0,1,0.0,1,1,6,0,Normal
11,6,7273,1,1,0.0,1,1,6,0,Normal
11,5,9532,1,1,0.0,0,0,3,0,Normal
8,5,4875,1,1,0.0,1,1,6,0,Normal
12,4,9149,1,1,0.0,1,1,4,0,Normal
11,2,9881,1,1,0.0,1,1,3,0,Normal
4,1,3918,1,1,0.0,1,0,3,0,Off-Hours Access
9,2,7797,1,1,0.0,1,1,0,0,Normal
11,0,9780,1,1,0.0,1,0,6,0,Normal
13,3,9990,1,1,0.0,1,1,1,0,Normal
14,5,4870,0,1,0.0,1,1,3,0,Normal
18,4,1655,1,1,0.0,1,1,3,0,Normal
13,4,8515,1,1,0.0,1,1,3,0,Normal
16,3,3780,1,1,0.0,1,1,3,0,Normal
11,1,7461,1,1,0.0,1,1,0,0,Normal
11,1,0,0,1,1.0,0,0,3,0,Failed Login
12,0,5329,0,1,0.0,1,1,1,0,Normal
11,0,11938,1,1,0.0,1,1,0,0,Normal
13,1,9817,0,1,0.0,1,1,6,0,Normal
12,0,3444,1,1,0.0,1,1,4,0,Normal
1,3,11670,1,1,1.0,1,0,3,0,Off-Hours Access
12,1,5569,0,1,0.0,1,1,3,0,Normal
17,1,4054,1,1,0.0,1,1,6,0,Normal
18,0,2429,1,1,0.0,1,1,4,0,Normal
10,0,1345,1,1,0.0,1,1,6,0,Normal
17,5,10626,1,1,0.0,1,1,3,0,Normal
11,0,7990,1,1,0.0,1,1,0,0,Normal
10,5,4696,1,1,0.0,1,1,1,0,Normal
9,3,0,0,1,1.0,0,0,1,0,Failed Login
16,0,7619,1,1,0.0,1,1,4,0,Normal
16,2,4801,1,1,0.0,1,1,1,0,Normal
16,5,5068,1,1,0.0,1,1,3,0,Normal
13,5,5557,1,1,0.0,1,1,1,0,Normal
10,0,3572,1,1,0.0,1,0,4,0,Suspicious Command
16,3,10874,1,1,0.0,1,1,4,0,Normal
8,1,10813,1,1,0.0,1,1,0,0,Normal
13,1,7533,1,1,0.0,1,1,0,0,Normal
16,5,1516,1,1,0.0,1,1,6,0,Normal
16,5,5566,1,1,0.0,1,1,4,0,Normal
14,4,9729,1,1,0.0,1,1,3,0,Normal
14,2,11426,0,1,0.0,1,1,0,0,Normal
12,4,2223,0,1,0.0,1,1,6,0,Normal
15,3,8771,1,1,0.0,1,1,0,0,Normal
13,4,9793,1,1,0.0,1,1,6,0,Normal
18,2,11749,1,1,0.0,0,0,0,0,Normal
18,4,4299,1,1,0.0,1,1,4,0,Normal
8,5,1172,1,1,0.0,1,1,4,0,Normal
17,1,6522,1,1,0.0,1,1,0,0,Normal
12,3,3030,1,1,0.0,1,0,6,0,Suspicious Command
18,1,2068,1,1,0.0,1,0,3,0,Suspicious Command
16,2,4905,1,1,0.0,1,0,3,0,Normal
8,1,6193,1,1,0.0,1,1,1,0,Normal
9,4,8097,1,1,1.0,1,1,1,0,Normal
9,5,925,1,1,0.0,1,1,1,0,Normal
13,4,6638,1,1,0.0,1,1,0,0,Normal
11,3,3303,0,1,0.0,1,1,0,0,Normal
12,1,11203,1,1,0.0,1,1,1,0,Normal
17,5,2619,1,1,0.0,1,1,1,0,Normal
11,6,7808,0,1,0.0,1,1,0,0,Normal
8,4,8215,1,1,0.0,1,1,6,0,Normal
15,2,11962,1,1,1.0,1,1,1,0,Normal
15,0,9246,1,1,0.0,1,1,6,0,Normal
15,0,9023,1,1,0.0,1,1,4,0,Normal
12,2,9131,1,1,0.0,1,1,4,0,Normal
6,6,1309,1,1,1.0,1,0,0,0,Off-Hours Access
15,2,2219,1,1,0.0,1,1,4,0,Normal
9,4,4302,1,1,0.0,1,1,0,0,Normal
5,6,5659,1,1,0.0,1,0,1,0,Off-Hours Access
13,4,4930,1,1,0.0,1,1,4,0,Normal
18,1,1422,1,1,0.0,1,1,0,0,Normal
12,3,2189,0,1,0.0,1,1,3,0,Normal
12,0,2174,0,1,0.0,1,1,0,0,Normal
14,4,2321,1,1,1.0,1,1,6,0,Normal
16,5,7482,1,1,0.0,1,1,4,0,Normal
15,4,9267,1,1,0.0,1,1,6,0,Normal
8,2,7643,1,1,1.0,1,1,3,0,Normal
17,6,6943,1,1,0.0,1,1,1,0,Normal
13,6,2010,1,1,0.0,1,1,3,0,Normal
11,3,3946,1,1,0.0,1,1,3,0,Normal
8,1,4864,1,1,0.0,1,1,0,0,Normal
10,3,6709,0,1,0.0,1,1,6,0,Normal
14,5,8838,1,1,0.0,1,1,4,0,Normal
16,1,8334,1,1,0.0,1,1,4,0,Normal
15,3,943,1,1,0.0,1,1,1,0,Normal
9,4,9166,1,1,0.0,1,1,1,0,Normal
16,4,5980,1,1,0.0,1,1,0,0,Normal
11,5,2150,1,1,0.0,0,0,4,0,Normal
16,6,0,0,1,1.0,0,0,4,0,Failed Login
9,3,6271,1,1,0.0,1,1,3,0,Normal
12,4,9976,1,1,0.0,1,1,1,0,Normal
9,4,11071,1,1,0.0,1,1,4,0,Normal
9,1,9624,1,1,0.0,1,1,4,0,Normal
8,2,0,0,1,1.0,0,0,3,0,Failed Login
9,0,10308,1,1,0.0,1,1,4,0,Normal
8,1,3740,0,1,0.0,1,1,6,0,Normal
11,3,5745,1,1,0.0,1,1,6,0,Normal
9,2,0,0,1,1.0,0,0,6,0,Failed Login
16,2,7564,1,1,1.0,1,0,4,0,Unusual Resource Access
12,6,10048,1,1,0.0,1,1,6,0,Normal
10,5,5272,1,1,0.0,1,1,3,0,Normal
18,4,9525,0,1,0.0,1,0,6,0,Unusual Resource Access
10,3,7488,1,1,0.0,0,0,4,0,Unusual Resource Access
17,0,1399,1,1,0.0,1,1,1,0,Normal
17,3,1082,1,1,0.0,1,1,6,0,Normal
18,2,3021,1,1,0.0,1,1,0,0,Normal
8,2,3288,0,1,1.0,1,1,1,0,Normal
15,2,6464,1,1,0.0,1,1,3,0,Normal
11,3,3271,1,1,0.0,1,1,6,0,Normal
10,5,7127,1,1,0.0,1,0,6,0,Suspicious Command
10,2,1109,1,1,0.0,1,1,4,0,Normal
15,2,10844,1,1,0.0,1,1,0,0,Normal
12,2,10475,1,1,0.0,0,0,3,0,Normal
12,3,7272,1,1,0.0,1,1,6,0,Normal
11,6,9597,1,1,0.0,1,1,0,0,Normal
14,2,11114,1,1,1.0,1,1,3,0,Normal
18,0,7161,1,1,0.0,1,0,3,0,Suspicious Command
17,3,10360,1,1,0.0,1,1,6,0,Normal
11,2,9436,1,1,0.0,1,1,4,0,Normal
10,5,5946,0,1,0.0,1,1,4,0,Normal
17,6,4723,1,1,0.0,1,1,4,0,Normal
3,2,1028,1,1,0.0,1,0,0,0,Off-Hours Access
16,4,6335,1,1,1.0,1,1,0,0,Normal
13,0,3502,1,1,0.0,1,1,1,0,Normal
8,2,4477,1,1,0.0,1,1,3,0,Normal
14,3,6517,1,1,0.0,1,1,3,0,Normal
14,2,9131,0,1,2.0,1,1,0,0,Normal
16,6,5499,1,1,0.0,1,1,4,0,Normal
13,3,6755,1,1,0.0,1,1,1,0,Normal
13,3,1954,0,1,0.0,1,0,4,0,Unusual Resource Access
18,0,8170,1,1,0.0,1,1,0,0,Normal
9,1,8977,1,1,1.0,1,1,3,0,Normal
17,3,2078,1,1,0.0,0,0,4,0,Normal
12,1,7507,1,1,1.0,1,1,3,0,Normal
8,2,4284,1,1,0.0,1,1,3,0,Normal
9,3,2306,1,1,0.0,1,1,6,0,Normal
18,1,3268,1,1,0.0,1,1,4,0,Normal
11,5,8757,1,1,0.0,1,1,1,0,Normal
18,6,11629,1,1,0.0,1,1,0,0,Normal
18,6,5398,0,1,0.0,1,1,6,0,Normal
16,4,8862,1,1,1.0,1,0,0,0,Suspicious Command
12,5,6553,1,1,0.0,1,1,6,0,Normal
0,0,5797,1,1,0.0,1,0,1,0,Off-Hours Access
0,0,6158,1,1,0.0,1,0,6,0,Off-Hours Access
8,1,6473,1,1,1.0,1,1,0,0,Normal
10,4,5156,1,1,1.0,0,0,0,0,Normal
16,1,941,1,1,1.0,1,1,0,0,Normal
8,0,2246,1,1,1.0,1,1,4,0,Normal
17,5,8817,1,1,0.0,1,1,0,0,Normal
18,6,0,0,1,1.0,0,0,0,0,Failed Login
5,5,1501,1,1,0.0,1,0,4,0,Off-Hours Access
12,5,0,0,1,1.0,0,0,4,0,Failed Login
14,1,4848,1,1,0.0,1,0,0,0,Suspicious Command
11,6,8545,0,1,0.0,1,1,0,0,Normal
9,5,8352,1,1,0.0,1,1,0,0,Normal
12,0,9690,1,1,1.0,1,1,4,0,Normal
15,6,7347,0,1,0.0,1,0,4,0,Unusual Resource Access
13,1,11798,1,1,0.0,1,1,3,0,Normal
16,6,9955,0,1,0.0,1,1,4,0,Normal
13,0,8892,1,1,0.0,1,1,4,0,Normal
14,1,0,0,1,1.0,0,0,3,0,Failed Login
15,2,4923,1,1,0.0,0,0,3,0,Unusual Resource Access
23,6,8460,0,1,0.0,1,0,6,0,Off-Hours Access
14,0,8436,1,1,1.0,1,0,0,0,Suspicious Command
17,3,7985,1,1,0.0,1,1,3,0,Normal
13,5,3457,0,1,0.0,1,1,0,0,Normal
11,5,7850,1,1,0.0,1,1,3,0,Normal
11,6,4834,1,1,1.0,1,1,0,0,Normal
14,0,8345,1,1,0.0,1,1,6,0,Normal
12,1,4676,1,1,1.0,1,1,1,0,Normal
11,5,5358,1,1,0.0,1,1,6,0,Normal
12,3,10967,1,1,0.0,1,1,4,0,Normal
11,2,7683,1,1,0.0,1,1,3,0,Normal
16,3,11782,0,1,1.0,1,1,6,0,Normal
13,2,10086,1,1,0.0,1,1,4,0,Normal
16,2,11867,1,1,0.0,0,0,1,0,Normal
17,3,9199,1,1,0.0,1,1,1,0,Normal
9,6,4113,1,1,0.0,1,1,1,0,Normal
21,1,3304,1,1,0.0,1,0,3,0,Off-Hours Access
12,1,5227,1,1,0.0,1,1,0,0,Normal
11,6,5490,1,1,0.0,1,1,4,0,Normal
16,5,1849,1,1,0.0,1,0,1,0,Suspicious Command
18,1,4445,1,1,0.0,1,1,3,0,Normal
9,5,2215,1,1,1.0,1,1,0,0,Normal
8,0,4894,1,1,0.0,1,1,3,0,Normal
9,3,3668,1,1,0.0,0,0,0,0,Normal
11,2,7369,1,1,0.0,0,0,0,0,Normal
17,3,8035,0,1,0.0,1,0,0,0,Normal
14,2,942,1,1,0.0,1,1,4,0,Normal
9,3,2436,1,1,0.0,1,1,1,0,Normal
16,5,4605,0,1,0.0,1,0,1,0,Unusual Resource Access
18,4,10972,1,1,0.0,1,1,4,0,Normal
17,6,6190,1,1,0.0,1,1,6,0,Normal
14,2,1443,1,1,0.0,0,0,3,0,Normal
12,2,10667,1,1,0.0,1,1,6,0,Normal
0,4,2831,1,1,0.0,1,0,4,0,Off-Hours Access
17,4,6485,1,1,0.0,1,1,1,0,Normal
10,6,1310,1,1,0.0,0,0,3,0,Normal
12,6,10787,1,1,1.0,1,1,1,0,Normal
16,6,4047,1,1,1.0,1,1,4,0,Normal
15,6,3569,0,1,0.0,1,0,6,0,Unusual Resource Access
9,3,4003,0,1,0.0,1,1,1,0,Normal
18,4,10373,0,1,1.0,1,1,3,0,Normal
17,5,8976,0,1,0.0,1,1,0,0,Normal
8,1,8303,0,1,0.0,1,1,3,0,Normal
12,6,6306,0,1,0.0,1,1,6,0,Normal
11,6,6155,1,1,1.0,1,1,3,0,Normal
12,5,7514,1,1,0.0,1,1,0,0,Normal
8,1,4577,1,1,0.0,1,1,4,0,Normal
17,1,2211,1,1,0.0,1,1,1,0,Normal
11,3,10405,1,1,0.0,1,1,4,0,Normal
15,4,6475,0,1,0.0,1,1,4,0,Normal
16,3,5872,1,1,0.0,1,1,3,0,Normal
9,1,7240,0,1,0.0,1,1,4,0,Normal
15,0,10462,1,1,0.0,1,1,3,0,Normal
15,4,2661,0,1,0.0,1,1,6,0,Normal
15,6,6831,1,1,0.0,1,1,0,0,Normal
10,2,3385,1,1,0.0,1,1,0,0,Normal
12,1,1305,1,1,0.0,1,1,4,0,Normal
16,0,6615,1,1,0.0,1,1,3,0,Normal
14,1,0,0,1,2.0,0,0,0,0,Failed Login
15,5,7556,1,1,1.0,1,0,3,0,Suspicious Command
15,3,2042,1,1,0.0,1,1,0,0,Normal
11,2,11601,1,1,1.0,1,0,0,0,Unusual Resource Access
11,0,3244,1,1,1.0,1,1,6,0,Normal
8,0,7090,1,1,0.0,1,1,6,0,Normal
8,2,11621,1,1,2.0,1,1,4,0,Normal
14,5,5905,0,1,0.0,1,1,3,0,Normal
15,2,7167,1,1,0.0,1,1,6,0,Normal
16,2,8745,1,1,0.0,1,1,3,0,Normal
17,5,5093,1,1,0.0,1,1,6,0,Normal
10,4,4956,1,1,0.0,1,1,4,0,Normal
10,4,8758,1,1,0.0,1,1,6,0,Normal
15,1,3856,0,1,0.0,1,1,6,0,Normal
10,6,8773,0,1,0.0,1,1,6,0,Normal
13,3,4321,1,1,0.0,1,1,0,0,Normal
15,5,3512,1,1,0.0,1,1,0,0,Normal
9,6,10196,1,1,0.0,1,1,4,0,Normal
9,0,0,0,1,1.0,0,0,4,0,Failed Login
8,2,3508,1,1,0.0,0,0,6,0,Unusual Resource Access
2,2,5308,1,1,0.0,1,0,6,0,Off-Hours Access
15,1,6724,1,1,0.0,1,1,6,0,Normal
15,6,1732,1,1,0.0,1,1,1,0,Normal
13,5,4441,1,1,0.0,1,0,3,0,Suspicious Command
8,1,5153,1,1,0.0,1,1,6,0,Normal
11,6,2136,1,1,0.0,1,1,0,0,Normal
9,3,2467,1,1,0.0,1,1,6,0,Normal
14,6,11865,1,1,0.0,1,1,0,0,Normal
9,6,2852,1,1,0.0,1,1,6,0,Normal
13,4,10492,1,1,0.0,1,0,0,0,Suspicious Command
9,6,6187,1,1,0.0,1,1,4,0,Normal
11,0,5859,1,1,0.0,1,0,0,0,Suspicious Command
10,4,4803,1,1,1.0,1,1,0,0,Normal
13,6,4760,1,1,0.0,0,0,0,0,Suspicious Command
15,2,4033,1,1,0.0,1,1,4,0,Normal
5,2,9395,1,1,0.0,1,0,4,0,Off-Hours Access
17,0,9648,1,1,0.0,1,1,4,0,Normal
12,6,1728,1,1,0.0,1,1,0,0,Normal
12,6,7764,1,1,1.0,1,1,6,0,Normal
14,3,7543,1,1,0.0,1,1,1,0,Normal
17,3,11214,1,1,0.0,1,0,4,0,Unusual Resource Access
13,2,2681,1,1,0.0,1,1,1,0,Normal
10,0,5137,1,1,0.0,1,1,6,0,Normal
8,6,9447,1,1,1.0,1,1,6,0,Normal
11,6,9542,1,1,1.0,1,1,3,0,Normal
10,4,11342,1,1,0.0,1,1,3,0,Normal
14,2,2250,1,1,0.0,1,1,0,0,Normal
10,2,5834,1,1,0.0,0,0,1,0,Normal
8,2,10814,1,1,0.0,0,0,1,0,Normal
18,3,8326,1,1,0.0,1,1,4,0,Normal
12,1,9145,1,1,0.0,1,1,0,0,Normal
13,3,5555,1,1,0.0,1,1,6,0,Normal
15,0,5909,1,1,0.0,1,0,1,0,Suspicious Command
17,0,4373,1,1,0.0,1,1,4,0,Normal
13,3,10041,1,1,0.0,1,1,0,0,Normal
11,1,4526,1,1,0.0,1,1,6,0,Normal
12,2,1726,1,1,0.0,1,1,1,0,Normal
10,5,5053,0,1,0.0,0,0,0,0,Normal
15,1,4670,1,1,0.0,1,1,1,0,Normal
14,4,3063,1,1,0.0,1,1,1,0,Normal
9,3,9654,1,1,0.0,1,1,4,0,Normal
1,6,3460,1,1,0.0,1,0,3,0,Off-Hours Access
9,1,9267,1,1,2.0,1,1,1,0,Normal
16,5,4987,1,1,0.0,1,1,6,0,Normal
11,6,5060,1,1,1.0,1,1,3,0,Normal
15,1,6045,1,1,0.0,1,1,0,0,Normal
14,2,9336,1,1,0.0,1,1,1,0,Normal
11,1,7625,1,1,0.0,1,1,6,0,Normal
16,1,4790,1,1,0.0,1,1,0,0,Normal
19,5,6773,1,1,1.0,1,0,3,0,Off-Hours Access
9,2,7821,0,1,0.0,1,1,1,0,Normal
17,5,3337,1,1,0.0,1,0,3,0,Suspicious Command
16,4,10630,1,1,1.0,1,1,3,0,Normal
14,2,4882,1,1,0.0,1,1,0,0,Normal
15,4,11727,1,1,0.0,1,0,6,0,Suspicious Command
16,0,8741,1,1,0.0,1,1,0,0,Normal
21,3,6662,1,1,0.0,1,0,0,0,Off-Hours Access
16,2,4536,0,1,0.0,1,1,3,0,Normal
16,2,11202,1,1,0.0,1,1,3,0,Normal
4,3,7108,1,1,1.0,1,0,6,0,Off-Hours Access
15,1,6431,1,1,0.0,1,1,3,0,Normal
14,4,1644,1,1,0.0,1,1,0,0,Normal
12,1,1699,1,1,0.0,1,1,3,0,Normal
10,3,6626,1,1,1.0,1,1,1,0,Normal
11,5,8798,1,1,0.0,1,1,0,0,Normal
9,1,0,0,1,1.0,0,0,4,0,Failed Login
10,5,0,0,1,1.0,0,0,1,0,Failed Login
8,4,9920,1,1,0.0,1,1,3,0,Normal
14,3,9426,1,1,1.0,1,1,1,0,Normal
9,0,10407,0,1,1.0,1,0,6,0,Unusual Resource Access
10,5,4603,0,1,0.0,1,1,3,0,Normal
12,3,10179,1,1,0.0,1,1,3,0,Normal
14,3,9288,1,1,0.0,1,1,1,0,Normal
9,6,3468,1,1,0.0,1,1,0,0,Normal
13,5,0,0,1,1.0,0,0,6,0,Failed Login
9,2,11701,1,1,0.0,1,1,6,0,Normal
12,3,9204,0,1,0.0,0,0,1,0,Normal
14,0,11301,1,1,0.0,1,0,4,0,Unusual Resource Access
11,0,3202,1,1,0.0,1,1,4,0,Normal
16,0,5863,1,1,0.0,1,1,4,0,Normal
12,6,8469,1,1,0.0,1,0,0,0,Unusual Resource Access
11,3,1417,1,1,0.0,1,1,3,0,Normal
18,0,2891,1,1,0.0,1,1,4,0,Normal
8,1,5220,1,1,0.0,1,1,6,0,Normal
9,6,10986,1,1,0.0,1,1,3,0,Normal
18,0,5877,1,1,0.0,1,1,1,0,Normal
18,5,1938,0,1,0.0,1,1,4,0,Normal
9,3,2598,0,1,0.0,1,1,3,0,Normal
8,4,3465,1,1,0.0,1,1,1,0,Normal
18,6,8279,0,1,1.0,1,1,4,0,Normal
17,2,7230,1,1,0.0,0,0,6,0,Normal
16,0,2033,0,1,0.0,1,1,1,0,Normal
7,6,1795,1,1,0.0,1,0,4,0,Off-Hours Access
11,2,5131,1,1,0.0,0,0,4,0,Normal
15,4,4945,1,1,0.0,1,1,1,0,Normal
17,0,11223,1,1,0.0,1,1,1,0,Normal
14,0,0,0,1,1.0,0,0,3,0,Failed Login
14,3,2230,0,1,0.0,1,1,6,0,Normal
13,1,3615,1,1,0.0,1,1,6,0,Normal
12,0,8122,1,1,0.0,1,1,4,0,Normal
12,0,11313,1,1,0.0,1,1,0,0,Normal
12,6,2036,1,1,1.0,1,1,3,0,Normal
14,2,1777,1,1,0.0,1,1,6,0,Normal
15,4,0,0,1,1.0,0,0,5,0,Failed Login
9,5,7832,1,1,0.0,1,1,3,0,Normal
17,3,5291,1,1,0.0,1,1,6,0,Normal
13,6,10151,1,1,0.0,1,0,4,0,Unusual Resource Access
13,3,10198,0,1,0.0,1,1,1,0,Normal
11,2,4894,0,1,0.0,0,0,4,0,Normal
17,3,11164,1,1,0.0,1,1,0,0,Normal
9,0,11510,1,1,0.0,1,1,0,0,Normal
11,2,3435,1,1,0.0,1,1,0,0,Normal
10,4,6617,1,1,0.0,1,1,3,0,Normal
18,5,8750,1,1,0.0,1,1,1,0,Normal
9,2,5380,1,1,0.0,1,1,1,0,Normal
15,2,8114,0,1,0.0,1,1,0,0,Normal
16,6,3132,1,1,0.0,1,0,6,0,Unusual Resource Access
20,3,1155,1,1,0.0,1,0,3,0,Off-Hours Access
18,2,8862,0,1,0.0,1,1,4,0,Normal
12,2,2522,1,1,0.0,1,1,0,0,Normal
17,0,2966,1,1,0.0,1,1,4,0,Normal
10,0,1684,1,1,0.0,1,1,6,0,Normal
9,6,6252,1,1,0.0,1,1,6,0,Normal
17,1,5125,1,1,0.0,1,1,3,0,Normal
17,4,3182,0,1,1.0,1,1,6,0,Normal
16,2,2994,1,1,0.0,1,0,0,0,Unusual Resource Access
9,1,9570,0,1,0.0,1,1,4,0,Normal
18,2,6093,1,1,0.0,1,1,4,0,Normal
10,6,8775,0,1,0.0,1,0,4,0,Unusual Resource Access
18,1,7839,1,1,0.0,1,0,3,0,Unusual Resource Access
18,3,0,0,1,1.0,1,0,2,0,Failed Login
17,3,6524,1,1,0.0,1,1,1,0,Normal
18,2,6157,1,1,0.0,1,0,3,0,Unusual Resource Access
10,5,5114,1,1,0.0,1,1,0,0,Normal
11,3,8027,1,1,0.0,1,1,3,0,Normal
9,2,4517,0,1,0.0,1,1,1,0,Normal
16,0,9086,1,1,1.0,1,1,3,0,Normal
13,5,3634,1,1,0.0,1,1,0,0,Normal
17,3,10355,0,1,0.0,1,1,4,0,Normal
0,4,6208,1,1,0.0,1,0,1,0,Off-Hours Access
8,5,6547,1,1,0.0,1,1,4,0,Normal
11,2,4104,1,1,0.0,1,1,3,0,Normal
17,1,10145,1,1,0.0,1,1,6,0,Normal
12,2,1954,1,1,0.0,1,1,6,0,Normal
15,3,7874,1,1,0.0,1,1,3,0,Normal
15,1,2594,1,1,0.0,1,1,6,0,Normal
10,4,1136,1,1,0.0,1,1,6,0,Normal
8,2,10370,1,1,1.0,1,1,1,0,Normal
10,5,3706,1,1,0.0,1,1,1,0,Normal
18,3,6616,1,1,1.0,1,0,4,0,Unusual Resource Access
10,3,3524,1,1,2.0,1,0,6,0,Unusual Resource Access
11,1,1984,1,1,0.0,1,1,4,0,Normal
18,4,6854,0,1,0.0,0,0,6,0,Normal
12,0,3011,1,1,0.0,1,1,4,0,Normal
8,1,1075,1,1,0.0,1,1,0,0,Normal
8,5,6321,1,1,1.0,1,0,1,0,Unusual Resource Access
17,1,10831,0,1,0.0,1,1,6,0,Normal
9,2,7216,1,1,0.0,1,1,3,0,Normal
12,2,923,1,1,0.0,1,1,1,0,Normal
9,3,8041,1,1,1.0,1,1,6,0,Normal
8,2,5653,1,1,0.0,0,0,4,0,Normal
13,5,7571,1,1,0.0,1,1,0,0,Normal
10,1,3023,1,1,0.0,1,1,3,0,Normal
13,2,3561,1,1,0.0,0,0,6,0,Unusual Resource Access
11,3,11724,1,1,0.0,1,1,1,0,Normal
16,5,8371,1,1,0.0,1,1,1,0,Normal
13,2,5914,1,1,0.0,1,1,6,0,Normal
18,5,6132,1,1,0.0,1,0,4,0,Suspicious Command
10,0,9946,1,1,0.0,1,1,3,0,Normal
9,2,10526,0,1,0.0,1,1,3,0,Normal
13,3,3050,1,1,0.0,1,0,4,0,Suspicious Command
11,2,11725,1,1,0.0,1,1,4,0,Normal
8,0,7564,1,1,1.0,1,1,3,0,Normal
17,0,3986,1,1,0.0,1,1,6,0,Normal
16,6,6328,1,1,1.0,1,1,4,0,Normal
12,2,7274,0,1,0.0,1,1,6,0,Normal
13,2,1538,1,1,0.0,1,1,0,0,Normal
10,2,4200,1,1,0.0,1,1,1,0,Normal
8,0,5361,1,1,0.0,1,1,1,0,Normal
10,4,9357,1,1,0.0,0,0,3,0,Normal
15,3,10638,1,1,0.0,1,0,3,0,Unusual Resource Access
13,1,4509,1,1,0.0,1,1,6,0,Normal
16,4,3284,1,1,0.0,1,1,4,0,Normal
17,5,11581,0,1,0.0,1,1,3,0,Normal
11,3,4876,0,1,0.0,1,1,0,0,Normal
21,2,2707,1,1,0.0,1,0,4,0,Off-Hours Access
10,6,7217,1,1,0.0,1,1,1,0,Normal
12,2,10206,0,1,0.0,1,1,4,0,Normal
12,6,6861,1,1,1.0,1,0,0,0,Suspicious Command
16,2,6304,1,1,0.0,1,1,0,0,Normal
16,3,8529,1,1,0.0,1,0,0,0,Suspicious Command
18,3,3467,1,1,0.0,1,0,0,0,Unusual Resource Access
16,3,4573,1,1,0.0,1,0,1,0,Suspicious Command
18,6,4104,1,1,0.0,1,1,4,0,Normal
18,3,5565,1,1,0.0,1,1,6,0,Normal
23,0,10487,0,1,0.0,1,0,4,0,Off-Hours Access
13,5,3337,0,1,0.0,1,1,6,0,Normal
12,3,5965,1,1,0.0,1,1,0,0,Normal
15,6,3523,0,1,1.0,1,1,6,0,Normal
18,3,8725,1,1,2.0,1,1,1,0,Normal
8,5,3420,1,1,1.0,1,1,6,0,Normal
18,5,7227,1,1,0.0,1,1,4,0,Normal
13,3,6978,1,1,0.0,1,1,4,0,Normal
17,5,7582,1,1,0.0,1,1,1,0,Normal
15,3,11912,1,1,0.0,1,1,3,0,Normal
15,6,10740,0,1,0.0,1,1,3,0,Normal
8,1,4900,1,1,0.0,1,1,1,0,Normal
10,2,3910,1,1,0.0,1,1,6,0,Normal
15,6,1999,1,1,0.0,1,0,6,0,Unusual Resource Access
8,0,4320,1,1,0.0,1,1,3,0,Normal
14,2,2776,1,1,0.0,1,1,1,0,Normal
18,5,10536,1,1,1.0,1,1,1,0,Normal
17,0,3303,0,1,0.0,1,0,3,0,Normal
8,2,3739,1,1,0.0,1,1,1,0,Normal
16,2,4720,1,1,0.0,1,1,3,0,Normal
10,3,5587,1,1,0.0,1,1,4,0,Normal
16,4,9870,1,1,0.0,1,1,1,0,Normal
10,6,2196,1,1,0.0,1,1,6,0,Normal
8,5,7715,1,1,0.0,1,1,4,0,Normal
13,6,7590,0,1,0.0,1,1,0,0,Normal
8,3,8108,1,1,0.0,1,1,4,0,Normal
10,5,8322,1,1,0.0,1,1,1,0,Normal
15,3,1130,1,1,0.0,1,1,4,0,Normal
17,3,8740,1,1,0.0,1,1,4,0,Normal
14,3,9320,1,1,0.0,1,1,3,0,Normal
16,6,9459,0,1,0.0,1,1,0,0,Normal
14,6,5113,0,1,0.0,1,1,0,0,Normal
22,5,1073,1,1,0.0,1,0,3,0,Off-Hours Access
18,0,0,0,1,1.0,1,0,4,0,Failed Login
12,5,4803,1,1,0.0,1,1,4,0,Normal
8,0,0,0,1,2.0,0,0,6,0,Failed Login
18,4,5573,1,1,2.0,1,0,0,0,Unusual Resource Access
14,2,8152,1,1,1.0,1,1,4,0,Normal
18,6,2263,1,1,0.0,1,1,0,0,Normal
9,4,1739,1,1,0.0,1,1,6,0,Normal
15,5,0,0,1,1.0,0,0,4,0,Failed Login
18,3,1436,0,1,0.0,1,1,1,0,Normal
17,0,11129,1,1,0.0,1,1,4,0,Normal
18,2,10716,1,1,0.0,1,1,1,0,Normal
15,4,3636,1,1,0.0,1,1,4,0,Normal
18,2,1820,1,1,1.0,1,1,1,0,Normal
13,5,5679,0,1,1.0,1,1,0,0,Normal
11,2,9642,1,1,0.0,1,0,0,0,Unusual Resource Access
14,2,6146,1,1,1.0,1,1,3,0,Normal
15,6,6850,1,1,0.0,1,1,6,0,Normal
16,0,5370,1,1,0.0,1,1,4,0,Normal
13,1,5540,1,1,0.0,1,1,1,0,Normal
12,2,10155,1,1,0.0,1,1,6,0,Normal
10,1,6099,1,1,0.0,1,1,1,0,Normal
9,5,1829,1,1,1.0,1,1,6,0,Normal
9,3,11998,1,1,1.0,1,1,0,0,Normal
13,2,2151,1,1,0.0,1,1,1,0,Normal
9,1,11698,1,1,0.0,1,1,6,0,Normal
16,3,3321,1,1,0.0,1,1,1,0,Normal
17,6,6387,1,1,0.0,1,1,6,0,Normal
10,0,8834,1,1,0.0,1,1,3,0,Normal
17,3,8608,1,1,0.0,1,1,4,0,Normal
12,5,980,1,1,0.0,1,1,0,0,Normal
15,3,5029,1,1,2.0,1,1,3,0,Normal
10,2,2186,1,1,0.0,1,1,0,0,Normal
8,5,3260,1,1,2.0,1,1,4,0,Normal
14,1,11534,1,1,0.0,1,1,3,0,Normal
16,5,5703,1,1,0.0,1,1,4,0,Normal
15,2,4760,1,1,0.0,1,1,6,0,Normal
22,0,1948,1,1,0.0,1,0,4,0,Off-Hours Access
11,0,2716,1,1,0.0,1,1,6,0,Normal
12,4,10796,1,1,0.0,1,1,0,0,Normal
13,2,6800,1,1,0.0,1,1,6,0,Normal
10,6,8524,0,1,0.0,1,1,6,0,Normal
16,3,2573,1,1,0.0,1,1,1,0,Normal
15,6,9696,1,1,0.0,1,0,6,0,Suspicious Command
12,0,7754,1,1,0.0,1,1,4,0,Normal
10,5,9806,1,1,0.0,0,0,1,0,Normal
10,1,1678,1,1,0.0,1,1,3,0,Normal
22,3,1370,1,1,2.0,1,0,6,0,Off-Hours Access
18,5,3185,0,1,0.0,1,1,4,0,Normal
16,4,1579,1,1,0.0,1,1,3,0,Normal
17,3,9695,1,1,0.0,1,1,1,0,Normal
16,0,6279,1,1,2.0,1,1,6,0,Normal
11,2,9753,1,1,0.0,1,1,3,0,Normal
4,4,8773,1,1,0.0,1,0,0,0,Off-Hours Access
16,1,8620,1,1,0.0,1,1,1,0,Normal
8,0,1003,1,1,0.0,1,1,1,0,Normal
12,2,7563,1,1,1.0,1,1,6,0,Normal
12,2,8769,1,1,1.0,1,1,4,0,Normal
11,0,9087,1,1,0.0,1,1,0,0,Normal
11,5,11320,1,1,0.0,1,0,1,0,Suspicious Command
15,6,6433,1,1,0.0,1,0,4,0,Suspicious Command
17,4,8270,1,1,0.0,1,1,3,0,Normal
14,5,2032,1,1,0.0,1,1,3,0,Normal
12,6,9544,1,1,0.0,1,1,1,0,Normal
12,2,11895,1,1,0.0,0,0,4,0,Normal
10,1,2055,1,1,0.0,1,1,3,0,Normal
13,0,8071,0,1,0.0,1,1,0,0,Normal
10,1,6024,1,1,0.0,1,1,4,0,Normal
12,1,1293,1,1,0.0,1,1,0,0,Normal
8,1,4592,1,1,0.0,1,1,6,0,Normal
9,2,2392,1,1,0.0,0,0,0,0,Normal
11,2,4479,1,1,0.0,1,0,6,0,Unusual Resource Access
11,0,1246,1,1,0.0,1,1,0,0,Normal
15,4,6893,1,1,0.0,1,1,0,0,Normal
15,6,6690,1,1,0.0,1,1,4,0,Normal
17,0,6513,1,1,0.0,1,1,6,0,Normal
10,0,2779,1,1,0.0,1,1,0,0,Normal
12,2,4574,1,1,0.0,1,1,3,0,Normal
13,3,1910,1,1,0.0,1,1,1,0,Normal
10,4,11551,1,1,0.0,1,1,0,0,Normal
18,0,5804,1,1,0.0,1,1,6,0,Normal
12,3,4250,0,1,0.0,1,1,6,0,Normal
17,0,4217,0,1,0.0,1,1,0,0,Normal
10,5,6837,1,1,0.0,1,1,1,0,Normal
9,3,0,0,1,1.0,1,0,2,0,Failed Login
10,4,1535,1,1,0.0,1,1,3,0,Normal
13,6,1340,1,1,0.0,1,1,6,0,Normal
9,3,6223,1,1,0.0,1,1,1,0,Normal
17,5,2024,1,1,0.0,1,0,0,0,Suspicious Command
18,5,8464,1,1,0.0,1,1,1,0,Normal
15,0,2800,1,1,0.0,1,1,1,0,Normal
4,5,11026,1,1,1.0,1,0,6,0,Off-Hours Access
16,3,10376,1,1,0.0,1,1,6,0,Normal
10,6,2664,1,1,0.0,1,1,3,0,Normal
16,3,4048,1,1,0.0,1,1,1,0,Normal
11,4,4725,1,1,1.0,1,1,1,0,Normal
14,1,2033,1,1,1.0,1,1,4,0,Normal
11,1,0,0,1,1.0,0,0,6,0,Failed Login
11,2,6927,1,1,0.0,0,0,3,0,Normal
12,4,7303,1,1,0.0,0,0,0,0,Normal
15,3,11599,1,1,0.0,1,1,4,0,Normal
14,0,7361,0,1,0.0,1,1,6,0,Normal
16,1,11587,1,1,0.0,1,1,6,0,Normal
15,2,10293,1,1,0.0,1,1,1,0,Normal
8,1,1272,0,1,0.0,1,1,0,0,Normal
14,3,7407,1,1,1.0,1,1,0,0,Normal
11,6,1379,1,1,0.0,1,1,6,0,Normal
16,5,10402,1,1,0.0,1,1,6,0,Normal
16,3,3891,1,1,0.0,1,1,1,0,Normal
14,2,5703,1,1,0.0,0,0,0,0,Normal
11,5,8569,1,1,0.0,1,1,1,0,Normal
10,3,9775,1,1,0.0,1,1,4,0,Normal
13,5,6083,1,1,0.0,1,1,4,0,Normal
9,5,1292,1,1,0.0,1,1,0,0,Normal
11,0,10088,1,1,0.0,1,1,3,0,Normal
14,1,3281,1,1,0.0,1,1,1,0,Normal
11,3,8757,1,1,0.0,1,0,0,0,Suspicious Command
2,2,7447,1,1,0.0,1,0,0,0,Off-Hours Access
16,6,9813,1,1,0.0,1,0,1,0,Suspicious Command
11,3,2090,1,1,0.0,1,1,6,0,Normal
12,5,7044,0,1,0.0,0,0,1,0,Normal
14,0,6498,1,1,0.0,1,1,4,0,Normal
12,6,4943,1,1,1.0,1,1,3,0,Normal
11,3,5273,1,1,0.0,1,1,6,0,Normal
18,2,1013,1,1,0.0,1,0,1,0,Suspicious Command
4,1,8191,1,1,0.0,1,0,6,0,Off-Hours Access
11,4,10417,1,1,0.0,1,1,6,0,Normal
17,6,2759,1,1,0.0,1,0,6,0,Unusual Resource Access
22,6,1155,0,1,0.0,1,0,0,0,Off-Hours Access
17,3,7243,1,1,0.0,1,0,3,0,Suspicious Command
10,4,6695,1,1,0.0,1,1,0,0,Normal
10,5,0,0,1,1.0,0,0,0,0,Failed Login
17,5,11945,0,1,0.0,1,1,4,0,Normal
11,5,5462,1,1,0.0,1,1,0,0,Normal
9,3,2382,1,1,0.0,1,1,6,0,Normal
10,5,11324,1,1,0.0,1,1,4,0,Normal
11,4,5843,1,1,0.0,1,1,3,0,Normal
12,3,0,0,1,1.0,1,0,0,0,Failed Login
13,3,10300,1,1,0.0,1,1,0,0,Normal
10,3,5387,1,1,0.0,0,0,0,0,Normal
9,3,9381,1,1,0.0,1,1,4,0,Normal
9,4,1514,1,1,1.0,1,1,0,0,Normal
9,3,10351,0,1,0.0,1,1,0,0,Normal
9,5,5071,1,1,0.0,1,1,4,0,Normal
16,6,8395,1,1,1.0,1,1,3,0,Normal
12,5,0,0,1,1.0,0,0,1,0,Failed Login
15,3,11263,1,1,0.0,0,0,6,0,Normal
9,5,1404,1,1,0.0,1,1,3,0,Normal
15,0,10968,1,1,0.0,1,1,6,0,Normal
10,2,4230,1,1,0.0,1,1,4,0,Normal
13,1,5937,1,1,0.0,1,1,0,0,Normal
8,5,4929,1,1,0.0,1,0,6,0,Suspicious Command
16,3,8021,1,1,0.0,0,0,0,0,Normal
15,3,9335,1,1,0.0,1,1,3,0,Normal
10,0,5888,1,1,0.0,1,1,0,0,Normal
18,3,6595,0,1,0.0,1,1,0,0,Normal
12,2,6088,1,1,1.0,1,1,0,0,Normal
13,0,10698,1,1,0.0,1,1,6,0,Normal
17,2,10360,1,1,0.0,1,1,0,0,Normal
8,6,3068,1,1,0.0,1,1,4,0,Normal
5,1,1065,1,1,2.0,1,0,1,0,Off-Hours Access
12,2,4620,1,1,0.0,1,1,0,0,Normal
10,5,8518,1,1,0.0,1,1,4,0,Normal
13,6,8800,1,1,0.0,1,1,1,0,Normal
8,2,7444,1,1,0.0,1,1,1,0,Normal
11,1,4677,1,1,0.0,1,1,0,0,Normal
13,5,0,0,1,3.0,1,0,0,0,Failed Login
11,6,4658,1,1,0.0,1,1,1,0,Normal
8,4,6014,1,1,0.0,1,1,3,0,Normal
8,2,5276,1,1,0.0,1,1,6,0,Normal
11,5,9331,1,1,0.0,1,1,3,0,Normal
18,0,6799,1,1,1.0,1,1,1,0,Normal
8,1,8107,0,1,0.0,1,1,1,0,Normal
18,1,7797,1,1,0.0,1,1,0,0,Normal
18,2,6954,1,1,0.0,1,1,4,0,Normal
10,4,11806,1,1,0.0,1,1,0,0,Normal
17,2,5640,0,1,0.0,1,1,0,0,Normal
18,6,11511,1,1,0.0,1,1,1,0,Normal
17,6,9520,1,1,0.0,1,1,1,0,Normal
8,6,10953,1,1,0.0,1,1,0,0,Normal
18,2,2215,1,1,0.0,1,1,1,0,Normal
9,0,2993,1,1,0.0,0,0,6,0,Suspicious Command
14,1,7741,1,1,0.0,1,0,4,0,Unusual Resource Access
17,4,0,0,1,1.0,0,0,2,0,Failed Login
15,6,10284,1,1,1.0,1,0,1,0,Suspicious Command
12,0,5635,0,1,0.0,1,1,3,0,Normal
13,6,6835,1,1,0.0,1,1,0,0,Normal
8,3,11901,1,1,0.0,1,0,1,0,Unusual Resource Access
10,4,4256,1,1,0.0,1,1,0,0,Normal
11,4,2929,1,1,0.0,1,0,6,0,Unusual Resource Access
16,4,1275,1,1,0.0,1,1,0,0,Normal
10,1,8228,1,1,0.0,1,1,4,0,Normal
11,1,6755,1,1,0.0,1,1,3,0,Normal
9,3,10998,1,1,0.0,1,1,6,0,Normal
9,3,11663,1,1,0.0,1,1,4,0,Normal
9,5,8941,1,1,0.0,1,1,4,0,Normal
14,1,8989,1,1,1.0,1,1,4,0,Normal
16,2,6234,1,1,0.0,1,1,6,0,Normal
18,2,6548,0,1,0.0,0,0,0,0,Normal
4,5,7507,1,1,0.0,1,0,6,0,Off-Hours Access
16,1,6198,0,1,0.0,1,1,1,0,Normal
17,4,5494,1,1,2.0,1,1,0,0,Normal
12,2,5014,1,1,0.0,1,1,4,0,Normal
9,0,7271,0,1,0.0,1,1,4,0,Normal
8,4,4333,1,1,0.0,1,1,6,0,Normal
14,4,10524,1,1,0.0,1,1,4,0,Normal
12,0,7950,1,1,0.0,1,1,0,0,Normal
9,4,6028,1,1,0.0,1,0,0,0,Suspicious Command
16,1,11366,0,1,0.0,1,1,3,0,Normal
9,4,4530,1,1,0.0,1,1,3,0,Normal
16,1,2545,1,1,0.0,1,1,6,0,Normal
8,5,10503,1,1,0.0,1,1,1,0,Normal
8,4,0,0,1,2.0,0,0,6,0,Failed Login
18,4,6736,1,1,0.0,1,0,6,0,Suspicious Command
18,5,1027,1,1,0.0,1,0,6,0,Unusual Resource Access
22,4,2271,1,1,1.0,1,0,3,0,Off-Hours Access
11,2,4090,1,1,0.0,1,1,6,0,Normal
8,6,11807,0,1,0.0,1,0,6,0,Normal
9,2,6850,1,1,0.0,1,1,0,0,Normal
15,6,7267,1,1,0.0,1,1,6,0,Normal
10,3,7934,1,1,0.0,1,0,6,0,Suspicious Command
10,4,7971,0,1,0.0,0,0,3,0,Normal
9,2,10969,1,1,0.0,1,1,1,0,Normal
2,0,5561,1,1,0.0,1,0,6,0,Off-Hours Access
18,5,2627,1,1,0.0,1,1,3,0,Normal
14,3,7528,1,1,0.0,1,1,3,0,Normal
13,4,7534,1,1,0.0,1,0,6,0,Suspicious Command
16,3,5079,1,1,0.0,1,1,4,0,Normal
16,2,9084,0,1,0.0,1,1,3,0,Normal
16,5,7518,1,1,0.0,1,0,6,0,Unusual Resource Access
13,6,7682,1,1,0.0,1,1,6,0,Normal
12,2,10634,1,1,1.0,1,1,0,0,Normal
16,1,11612,0,1,0.0,1,1,3,0,Normal
12,0,11797,1,1,0.0,1,1,1,0,Normal
15,6,3835,1,1,0.0,1,1,0,0,Normal
16,1,7298,1,1,0.0,1,1,0,0,Normal
13,6,7301,1,1,1.0,1,1,6,0,Normal
18,4,5708,1,1,0.0,1,1,0,0,Normal
17,5,7247,1,1,0.0,1,1,1,0,Normal
9,4,3146,1,1,0.0,1,1,0,0,Normal
11,2,2988,1,1,0.0,0,0,3,0,Normal
18,0,11557,0,1,0.0,1,1,0,0,Normal
10,0,5739,0,1,0.0,1,1,0,0,Normal
15,6,0,0,1,1.0,0,0,1,0,Failed Login
8,0,9460,1,1,0.0,1,1,4,0,Normal
9,2,6830,1,1,1.0,1,1,6,0,Normal
8,6,6314,1,1,0.0,1,1,1,0,Normal
16,5,2924,1,1,0.0,1,0,1,0,Unusual Resource Access
10,2,5129,1,1,0.0,1,1,4,0,Normal
12,6,1407,1,1,0.0,1,1,4,0,Normal
16,3,11306,1,1,0.0,1,1,1,0,Normal
10,5,3334,0,1,2.0,1,1,6,0,Normal
10,4,8962,1,1,2.0,1,1,1,0,Normal
16,2,11601,0,1,0.0,1,1,6,0,Normal
14,6,7591,1,1,0.0,1,1,1,0,Normal
14,0,6824,1,1,1.0,1,1,4,0,Normal
13,4,4393,1,1,0.0,1,1,0,0,Normal
10,5,6053,1,1,0.0,1,1,1,0,Normal
18,6,2812,0,1,0.0,0,0,4,0,Normal
16,2,1313,1,1,1.0,1,1,3,0,Normal
13,3,9538,1,1,0.0,1,1,3,0,Normal
8,0,8646,1,1,0.0,1,1,0,0,Normal
8,3,9845,1,1,0.0,1,1,3,0,Normal
16,3,1811,1,1,0.0,1,1,1,0,Normal
18,4,10000,1,1,0.0,1,1,0,0,Normal
10,5,5214,1,1,0.0,1,0,4,0,Unusual Resource Access
9,0,6675,1,1,0.0,1,0,4,0,Suspicious Command
11,3,10932,1,1,0.0,1,1,3,0,Normal
18,5,10980,1,1,0.0,1,0,0,0,Suspicious Command
8,2,9936,1,1,0.0,0,0,4,0,Unusual Resource Access
16,4,8701,1,1,0.0,1,1,6,0,Normal
3,3,5626,1,1,1.0,1,0,1,0,Off-Hours Access
11,3,3642,1,1,0.0,1,1,1,0,Normal
12,5,1125,1,1,0.0,1,1,0,0,Normal
12,5,7393,1,1,0.0,0,0,1,0,Normal
15,3,1194,1,1,1.0,1,1,0,0,Normal
13,1,11913,1,1,1.0,1,1,6,0,Normal
10,6,2868,1,1,0.0,0,0,1,0,Normal
16,1,4382,1,1,0.0,1,1,3,0,Normal
10,5,8114,1,1,0.0,1,1,4,0,Normal
11,6,1081,1,1,1.0,1,1,1,0,Normal
14,0,7491,1,1,0.0,1,1,6,0,Normal
16,3,10114,1,1,0.0,1,0,3,0,Suspicious Command
18,4,0,0,1,1.0,0,0,3,0,Failed Login
15,4,10060,1,1,1.0,1,1,4,0,Normal
18,3,7630,1,1,0.0,1,1,6,0,Normal
13,3,10283,1,1,0.0,1,1,4,0,Normal
15,2,9035,1,1,1.0,1,0,3,0,Suspicious Command
14,2,8897,1,1,0.0,1,1,0,0,Normal
16,6,5956,0,1,0.0,1,1,1,0,Normal
9,0,9999,0,1,0.0,1,1,1,0,Normal
12,6,3034,1,1,1.0,1,1,0,0,Normal
18,2,2783,1,1,0.0,1,1,0,0,Normal
22,4,9082,1,1,0.0,1,0,0,0,Off-Hours Access
17,3,941,1,1,0.0,1,1,6,0,Normal
14,5,10822,0,1,0.0,1,1,0,0,Normal
18,6,6513,1,1,1.0,1,1,6,0,Normal
8,3,10276,1,1,0.0,1,1,3,0,Normal
15,0,11968,1,1,0.0,1,1,3,0,Normal
23,0,8089,1,1,0.0,1,0,3,0,Off-Hours Access
13,3,11788,1,1,0.0,1,1,6,0,Normal
15,2,8910,1,1,0.0,1,1,1,0,Normal
13,2,10504,0,1,0.0,1,0,0,0,Unusual Resource Access
16,1,7782,1,1,0.0,1,1,3,0,Normal
16,5,4382,1,1,0.0,1,0,4,0,Suspicious Command
12,1,3656,1,1,1.0,1,1,6,0,Normal
15,0,5148,1,1,0.0,1,0,0,0,Unusual Resource Access
9,2,5406,1,1,1.0,1,1,1,0,Normal
13,1,5048,0,1,0.0,1,1,1,0,Normal
10,3,5371,1,1,0.0,1,1,3,0,Normal
11,5,6352,0,1,0.0,1,1,4,0,Normal
13,0,8797,1,1,0.0,1,1,6,0,Normal
11,5,7501,1,1,0.0,1,1,4,0,Normal
9,0,8413,1,1,1.0,1,0,1,0,Suspicious Command
12,6,3212,1,1,0.0,1,0,6,0,Suspicious Command
16,2,4274,1,1,0.0,1,1,0,0,Normal
12,2,7356,1,1,0.0,1,1,4,0,Normal
11,2,4120,1,1,0.0,1,1,0,0,Normal
9,3,1779,1,1,0.0,1,1,1,0,Normal
9,0,3833,1,1,1.0,1,1,6,0,Normal
16,3,2783,1,1,0.0,1,1,4,0,Normal
17,3,10169,1,1,0.0,1,1,0,0,Normal
11,1,2328,1,1,1.0,1,1,0,0,Normal
15,5,8650,1,1,0.0,1,1,4,0,Normal
13,2,1419,1,1,0.0,0,0,0,0,Normal
16,0,10725,1,1,0.0,1,0,6,0,Unusual Resource Access
14,4,10238,0,1,0.0,1,1,1,0,Normal
19,2,9174,1,1,0.0,1,0,6,0,Off-Hours Access
8,4,2851,0,1,0.0,0,0,4,0,Normal
8,3,9712,1,1,0.0,1,1,1,0,Normal
12,4,4635,1,1,0.0,1,1,6,0,Normal
15,6,11712,1,1,1.0,1,1,4,0,Normal
12,2,3926,1,1,0.0,1,1,0,0,Normal
9,1,9191,1,1,1.0,0,0,3,0,Normal
11,3,8968,1,1,0.0,1,1,0,0,Normal
16,0,5277,0,1,1.0,1,1,4,0,Normal
13,6,1292,1,1,0.0,1,1,1,0,Normal
15,3,983,1,1,0.0,1,1,0,0,Normal
17,0,7489,1,1,0.0,1,0,3,0,Suspicious Command
17,2,10685,1,1,0.0,0,0,0,0,Suspicious Command
8,3,4315,1,1,1.0,1,1,0,0,Normal
3,1,1538,1,1,1.0,1,0,3,0,Off-Hours Access
8,6,1433,1,1,0.0,1,1,6,0,Normal
13,3,8244,1,1,0.0,0,0,4,0,Normal
15,5,10515,1,1,0.0,1,1,1,0,Normal
12,6,4778,1,1,0.0,1,1,4,0,Normal
16,4,3976,1,1,0.0,1,1,1,0,Normal
12,1,6716,1,1,0.0,1,1,3,0,Normal
13,0,9548,1,1,0.0,1,1,0,0,Normal
13,4,1572,1,1,0.0,1,1,3,0,Normal
17,5,5869,1,1,0.0,1,1,4,0,Normal
18,5,5719,1,1,0.0,1,1,6,0,Normal
9,4,9262,1,1,1.0,1,1,6,0,Normal
14,4,4788,1,1,0.0,1,1,6,0,Normal
14,1,6672,1,1,1.0,1,1,4,0,Normal
16,5,9219,1,1,0.0,1,1,6,0,Normal
15,2,8224,1,1,0.0,1,1,4,0,Normal
15,3,3847,1,1,0.0,1,1,3,0,Normal
10,5,3331,1,1,0.0,0,0,0,0,Normal
11,6,10987,0,1,0.0,1,1,0,0,Normal
12,3,10727,1,1,0.0,1,1,4,0,Normal
14,6,8049,1,1,0.0,1,1,6,0,Normal
13,6,0,0,1,2.0,0,0,2,0,Failed Login
8,0,3437,1,1,1.0,1,1,6,0,Normal
15,2,1928,1,1,0.0,1,1,1,0,Normal
18,3,9033,1,1,0.0,1,1,6,0,Normal
13,4,3969,1,1,0.0,1,0,0,0,Suspicious Command
18,5,11681,1,1,0.0,1,1,4,0,Normal
16,3,1027,1,1,0.0,0,0,4,0,Normal
14,4,6160,1,1,0.0,1,0,3,0,Suspicious Command
17,3,11848,1,1,0.0,1,0,6,0,Suspicious Command
23,6,2182,1,1,0.0,1,0,1,0,Off-Hours Access
11,0,8001,1,1,0.0,1,0,1,0,Unusual Resource Access
10,3,9802,1,1,0.0,1,1,1,0,Normal
9,1,4361,1,1,1.0,1,1,3,0,Normal
16,2,7982,1,1,0.0,1,1,0,0,Normal
10,3,4710,1,1,0.0,1,1,3,0,Normal
12,0,5685,1,1,0.0,1,1,0,0,Normal
14,0,4825,1,1,1.0,1,0,0,0,Suspicious Command
13,1,8672,1,1,0.0,1,1,3,0,Normal
10,6,8205,1,1,0.0,1,1,3,0,Normal
14,3,10223,1,1,1.0,1,1,1,0,Normal
13,6,5994,1,1,1.0,1,1,0,0,Normal
8,3,7753,1,1,0.0,1,0,0,0,Suspicious Command
9,2,10078,1,1,0.0,1,0,4,0,Unusual Resource Access
8,2,9332,1,1,0.0,1,0,1,0,Suspicious Command
16,4,4907,0,1,0.0,1,1,3,0,Normal
17,5,11755,1,1,0.0,1,1,0,0,Normal
16,2,1786,1,1,0.0,1,1,6,0,Normal
6,4,1496,1,1,0.0,1,0,1,0,Off-Hours Access
14,3,5048,1,1,1.0,1,1,4,0,Normal
9,6,0,0,1,1.0,0,0,1,0,Failed Login
13,4,0,0,1,2.0,0,0,1,0,Failed Login
3,3,10583,1,1,0.0,0,0,0,0,Off-Hours Access
11,6,925,1,1,1.0,1,1,6,0,Normal
16,4,1608,0,1,0.0,1,1,0,0,Normal
9,0,10707,1,1,0.0,1,0,3,0,Suspicious Command
15,6,10999,1,1,0.0,1,1,4,0,Normal
22,5,1557,1,1,0.0,1,0,6,0,Off-Hours Access
3,0,8223,1,1,0.0,1,0,6,0,Off-Hours Access
8,6,10887,1,1,0.0,1,1,6,0,Normal
9,6,7637,1,1,0.0,1,1,0,0,Normal
11,0,7680,1,1,0.0,1,1,6,0,Normal
10,1,6335,1,1,2.0,1,1,4,0,Normal
8,6,11206,1,1,0.0,1,1,0,0,Normal
6,4,8475,1,1,1.0,1,0,6,0,Off-Hours Access
9,0,7176,1,1,0.0,1,1,6,0,Normal
13,2,4662,1,1,2.0,1,1,3,0,Normal
13,1,1818,1,1,1.0,1,0,0,0,Suspicious Command
10,1,4622,0,1,0.0,1,1,3,0,Normal
18,0,6377,1,1,0.0,1,1,3,0,Normal
8,6,2027,1,1,0.0,1,1,4,0,Normal
16,4,2514,0,1,0.0,1,1,4,0,Normal
22,0,8526,1,1,1.0,1,0,4,0,Off-Hours Access
16,0,8476,1,1,1.0,1,0,6,0,Suspicious Command
12,4,3913,1,1,0.0,1,1,6,0,Normal
11,2,8611,0,1,2.0,1,1,3,0,Normal
16,1,2676,1,1,0.0,1,1,3,0,Normal
8,6,8986,1,1,0.0,1,1,6,0,Normal
17,5,1837,1,1,0.0,1,1,6,0,Normal
17,2,9881,1,1,0.0,1,1,3,0,Normal
15,4,5610,1,1,0.0,1,1,0,0,Normal
12,0,4219,1,1,0.0,1,0,3,0,Suspicious Command
15,2,1009,1,1,0.0,1,1,4,0,Normal
8,1,7869,1,1,0.0,1,1,4,0,Normal
18,6,1327,1,1,0.0,1,1,0,0,Normal
18,0,2887,1,1,0.0,1,1,6,0,Normal
8,1,10834,1,1,0.0,1,1,6,0,Normal
17,2,5460,1,1,0.0,0,0,3,0,Normal
9,5,6547,0,1,0.0,1,0,3,0,Unusual Resource Access
15,0,2286,1,1,0.0,1,1,6,0,Normal
7,0,6109,1,1,0.0,1,0,1,0,Off-Hours Access
17,6,3640,1,1,0.0,1,1,3,0,Normal
9,0,4834,1,1,0.0,1,1,0,0,Normal
15,2,11880,1,1,0.0,1,1,3,0,Normal
15,3,8550,1,1,0.0,1,0,0,0,Normal
16,4,6849,1,1,0.0,1,1,1,0,Normal
9,4,9249,1,1,0.0,1,1,4,0,Normal
11,0,11822,1,1,0.0,1,1,3,0,Normal
11,4,7234,1,1,0.0,1,1,4,0,Normal
9,5,1491,1,1,0.0,1,1,1,0,Normal
14,3,11392,1,1,0.0,1,1,0,0,Normal
21,6,2150,1,1,0.0,1,0,1,0,Off-Hours Access
16,3,11408,1,1,0.0,1,1,4,0,Normal
15,6,11967,1,1,0.0,1,0,1,0,Unusual Resource Access
12,3,2763,1,1,0.0,1,1,6,0,Normal
18,6,10386,1,1,0.0,1,0,1,0,Unusual Resource Access
23,1,8802,1,1,0.0,1,0,4,0,Off-Hours Access
17,5,4239,0,1,0.0,1,1,4,0,Normal
12,1,6630,1,1,1.0,1,1,1,0,Normal
9,4,6662,0,1,0.0,1,1,0,0,Normal
10,2,9347,0,1,0.0,1,1,4,0,Normal
13,3,3954,1,1,0.0,1,1,0,0,Normal
9,6,10281,1,1,0.0,1,0,6,0,Unusual Resource Access
17,3,2639,0,1,0.0,1,1,4,0,Normal
15,6,2649,1,1,0.0,1,0,6,0,Suspicious Command
16,4,10915,1,1,0.0,1,1,0,0,Normal
18,6,8244,1,1,0.0,1,1,4,0,Normal
16,6,2360,1,1,0.0,1,1,6,0,Normal
12,1,3969,1,1,0.0,1,0,0,0,Suspicious Command
13,5,953,1,1,0.0,1,1,1,0,Normal
12,5,3679,1,1,0.0,1,1,3,0,Normal
15,2,4932,1,1,0.0,1,1,0,0,Normal
14,0,6479,1,1,1.0,1,1,3,0,Normal
18,3,4993,1,1,0.0,1,1,6,0,Normal
8,4,2675,1,1,0.0,1,1,4,0,Normal
12,4,907,1,1,0.0,0,0,1,0,Normal
15,5,7174,1,1,0.0,1,1,6,0,Normal
14,5,6401,1,1,0.0,1,1,3,0,Normal
20,2,6134,1,1,0.0,1,0,4,0,Off-Hours Access
17,1,0,0,1,1.0,0,0,4,0,Failed Login
9,6,0,0,1,1.0,0,0,1,0,Failed Login
13,4,10420,1,1,0.0,1,1,3,0,Normal
10,1,0,0,1,1.0,0,0,6,0,Failed Login
18,4,11029,1,1,0.0,1,1,0,0,Normal
14,0,9808,0,1,0.0,1,1,4,0,Normal
4,0,4035,1,1,0.0,1,0,6,0,Off-Hours Access
18,5,4024,0,1,1.0,1,1,6,0,Normal
11,6,9642,1,1,1.0,1,1,0,0,Normal
12,2,1102,1,1,0.0,1,1,4,0,Normal
12,4,0,0,1,1.0,1,0,1,0,Failed Login
14,5,9669,1,1,0.0,1,0,3,0,Unusual Resource Access
14,3,5854,0,1,0.0,1,1,0,0,Normal
15,2,1550,1,1,0.0,1,1,6,0,Normal
8,4,0,0,1,1.0,0,0,3,0,Failed Login
10,2,7982,1,1,0.0,1,1,1,0,Normal
18,1,10624,1,1,0.0,1,1,1,0,Normal
11,1,3935,1,1,0.0,1,1,4,0,Normal
16,6,4024,1,1,0.0,1,1,3,0,Normal
10,1,11564,1,1,0.0,1,1,3,0,Normal
8,2,4754,1,1,0.0,1,0,4,0,Unusual Resource Access
14,4,3965,1,1,0.0,1,1,3,0,Normal
11,5,6571,0,1,0.0,1,1,6,0,Normal
8,1,1000,1,1,0.0,1,1,4,0,Normal
12,5,10884,1,1,0.0,1,1,3,0,Normal
15,6,6772,1,1,1.0,1,0,4,0,Unusual Resource Access
12,0,5453,1,1,0.0,1,1,4,0,Normal
17,6,5719,1,1,0.0,1,0,6,0,Unusual Resource Access
18,1,2530,0,1,0.0,1,1,6,0,Normal
9,5,4658,1,1,0.0,1,1,0,0,Normal
13,2,1963,1,1,0.0,1,1,4,0,Normal
10,3,3100,1,1,0.0,1,1,4,0,Normal
15,6,3726,1,1,0.0,1,1,1,0,Normal
9,4,3541,1,1,1.0,1,0,6,0,Suspicious Command
14,6,2052,0,1,0.0,1,1,1,0,Normal
11,1,9155,1,1,0.0,1,1,3,0,Normal
14,3,5150,1,1,0.0,0,0,3,0,Normal
16,0,1629,1,1,1.0,1,0,6,0,Suspicious Command
12,6,11294,1,1,0.0,1,0,6,0,Unusual Resource Access
18,2,1952,1,1,0.0,1,1,1,0,Normal
8,3,5489,1,1,0.0,1,1,6,0,Normal
11,3,5904,1,1,1.0,1,1,4,0,Normal
9,6,0,0,1,1.0,0,0,6,0,Failed Login
13,6,5871,1,1,0.0,1,1,3,0,Normal
10,5,10677,1,1,1.0,1,1,1,0,Normal
15,3,7089,1,1,0.0,1,1,0,0,Normal
17,6,9981,1,1,0.0,1,1,3,0,Normal
15,0,8075,1,1,1.0,1,1,0,0,Normal
15,3,4391,1,1,0.0,1,1,1,0,Normal
11,6,0,0,1,2.0,0,0,6,0,Failed Login
16,4,11470,1,1,1.0,1,1,6,0,Normal
12,2,1401,1,1,0.0,1,1,3,0,Normal
12,5,11162,1,1,0.0,1,1,1,0,Normal
13,3,4057,1,1,0.0,1,1,3,0,Normal
18,5,3197,0,1,0.0,1,1,0,0,Normal
12,0,10460,1,1,0.0,1,1,1,0,Normal
13,6,0,0,1,1.0,0,0,3,0,Failed Login
15,1,1803,1,1,0.0,1,1,1,0,Normal
13,1,11939,1,1,0.0,1,1,1,0,Normal
8,5,12000,1,1,0.0,1,1,3,0,Normal
16,4,11456,1,1,0.0,1,1,1,0,Normal
9,6,8363,1,1,0.0,1,1,6,0,Normal
12,2,9001,1,1,0.0,0,0,4,0,Normal
10,6,8167,1,1,0.0,1,1,6,0,Normal
12,2,9943,1,1,0.0,0,0,4,0,Normal
14,4,8000,1,1,0.0,1,1,1,0,Normal
8,3,9888,1,1,0.0,1,1,3,0,Normal
8,6,0,0,1,1.0,0,0,5,0,Failed Login
8,2,5945,1,1,0.0,0,0,1,0,Normal
16,5,11668,1,1,0.0,1,1,0,0,Normal
8,1,2556,1,1,0.0,1,1,3,0,Normal
16,0,3238,1,1,0.0,1,1,3,0,Normal
12,0,9540,0,1,0.0,1,1,4,0,Normal
11,2,7879,1,1,1.0,1,1,3,0,Normal
9,2,7108,1,1,0.0,1,1,4,0,Normal
9,6,0,0,1,2.0,0,0,2,0,Failed Login
5,0,2922,1,1,1.0,1,0,1,0,Off-Hours Access
9,3,10597,1,1,0.0,1,1,6,0,Normal
14,2,4960,1,1,0.0,0,0,6,0,Normal
8,1,3006,1,1,0.0,1,1,4,0,Normal
12,4,11614,1,1,0.0,1,1,0,0,Normal
12,5,7853,0,1,0.0,1,1,4,0,Normal
18,5,10912,1,1,0.0,1,1,3,0,Normal
9,1,6054,1,1,2.0,1,1,4,0,Normal
13,2,9582,1,1,1.0,1,1,0,0,Normal
12,5,0,0,1,1.0,0,0,1,0,Failed Login
8,4,11465,1,1,0.0,1,1,4,0,Normal
8,5,1646,1,1,0.0,1,1,4,0,Normal
9,4,6809,1,1,0.0,1,1,1,0,Normal
10,6,8906,1,1,0.0,1,1,0,0,Normal
12,3,10522,1,1,1.0,1,1,4,0,Normal
8,4,7232,1,1,0.0,1,1,6,0,Normal
10,3,8017,1,1,0.0,1,1,3,0,Normal
11,6,4633,1,1,0.0,1,1,3,0,Normal
12,1,10448,0,1,0.0,1,1,6,0,Normal
12,2,8012,1,1,1.0,1,0,6,0,Unusual Resource Access
11,0,1409,1,1,0.0,1,1,0,0,Normal
13,6,0,0,1,1.0,0,0,6,0,Failed Login
18,2,5137,1,1,0.0,1,1,3,0,Normal
13,6,2387,1,1,0.0,1,1,0,0,Normal
17,3,5918,1,1,0.0,1,1,4,0,Normal
15,6,3739,1,1,0.0,1,1,6,0,Normal
12,3,2644,1,1,0.0,1,1,0,0,Normal
1,6,5333,1,1,0.0,1,0,0,0,Off-Hours Access
8,3,11775,1,1,1.0,1,0,4,0,Normal
14,5,10781,1,1,0.0,1,0,3,0,Unusual Resource Access
18,5,5371,1,1,0.0,1,0,0,0,Suspicious Command
13,1,4655,1,1,2.0,1,1,1,0,Normal
10,6,1095,1,1,0.0,1,0,6,0,Suspicious Command
15,3,5118,1,1,0.0,1,1,6,0,Normal
16,3,6524,1,1,0.0,1,1,0,0,Normal
13,2,8324,1,1,0.0,1,0,6,0,Unusual Resource Access
3,6,8704,1,1,0.0,1,0,1,0,Off-Hours Access
9,3,6468,0,1,0.0,1,1,3,0,Normal
18,2,11367,1,1,0.0,1,1,3,0,Normal
16,1,10853,0,1,0.0,1,1,6,0,Normal
16,2,4919,1,1,0.0,1,0,4,0,Unusual Resource Access
8,5,2135,1,1,0.0,1,1,1,0,Normal
17,3,2783,1,1,0.0,1,1,4,0,Normal
8,0,1125,1,1,1.0,1,1,1,0,Normal
14,3,5536,0,1,0.0,0,0,3,0,Normal
12,0,1671,1,1,0.0,1,1,6,0,Normal
15,1,8839,1,1,0.0,1,1,3,0,Normal
8,5,2488,1,1,0.0,1,1,3,0,Normal
19,0,9750,0,1,0.0,1,0,4,0,Off-Hours Access
10,3,11570,1,1,0.0,1,1,1,0,Normal
8,5,3295,0,1,0.0,1,0,0,0,Normal
18,3,4196,1,1,0.0,1,1,3,0,Normal
14,5,5101,0,1,0.0,1,1,0,0,Normal
16,2,9268,1,1,0.0,1,1,3,0,Normal
12,2,1794,1,1,0.0,1,1,6,0,Normal
14,6,8233,1,1,0.0,1,1,3,0,Normal
16,2,8346,1,1,0.0,1,1,1,0,Normal
12,0,8085,1,1,0.0,1,0,4,0,Unusual Resource Access
8,2,0,0,1,1.0,0,0,5,0,Failed Login
10,6,1722,1,1,0.0,1,1,1,0,Normal
10,4,9031,0,1,0.0,1,1,4,0,Normal
15,2,4982,0,1,0.0,1,1,1,0,Normal
15,5,6616,1,1,0.0,1,1,3,0,Normal
12,6,7136,0,1,0.0,0,0,0,0,Normal
8,6,9709,1,1,0.0,1,1,0,0,Normal
11,3,2098,1,1,0.0,0,0,4,0,Normal
13,0,10538,1,1,0.0,1,1,1,0,Normal
16,3,8171,1,1,0.0,1,1,3,0,Normal
15,2,1620,0,1,0.0,0,0,0,0,Normal
9,0,4955,1,1,0.0,1,1,1,0,Normal
12,3,10072,1,1,0.0,1,0,0,0,Suspicious Command
18,4,5832,1,1,0.0,1,0,0,0,Suspicious Command
13,3,7930,0,1,1.0,1,1,0,0,Normal
3,5,10801,0,1,0.0,1,0,4,0,Off-Hours Access
14,0,3718,0,1,0.0,1,1,3,0,Normal
1,3,1010,1,1,0.0,1,0,1,0,Off-Hours Access
12,4,8328,1,1,0.0,1,1,0,0,Normal
6,0,4679,1,1,0.0,1,0,3,0,Off-Hours Access
14,5,7994,1,1,0.0,0,0,0,0,Suspicious Command
15,3,6680,1,1,0.0,1,1,3,0,Normal
13,4,8039,1,1,0.0,1,1,3,0,Normal
10,3,1916,1,1,0.0,1,1,4,0,Normal
15,4,10047,1,1,0.0,1,1,3,0,Normal
13,2,3629,0,1,0.0,1,1,1,0,Normal
16,3,1910,0,1,2.0,1,0,4,0,Unusual Resource Access
12,6,10470,0,1,0.0,1,0,1,0,Normal
9,1,2194,1,1,0.0,1,0,6,0,Suspicious Command
16,6,6694,1,1,0.0,1,1,0,0,Normal
16,5,3086,1,1,0.0,1,1,4,0,Normal
14,6,5429,1,1,0.0,1,1,6,0,Normal
12,3,4359,1,1,0.0,1,1,3,0,Normal
16,6,2358,1,1,0.0,1,1,0,0,Normal
14,0,4954,1,1,1.0,1,1,0,0,Normal
17,5,11783,1,1,0.0,1,1,0,0,Normal
10,5,2909,1,1,0.0,1,1,6,0,Normal
14,5,10775,1,1,0.0,1,1,0,0,Normal
17,0,5552,1,1,1.0,1,1,3,0,Normal
9,6,4033,1,1,0.0,1,1,0,0,Normal
17,0,964,1,1,0.0,1,1,6,0,Normal
8,0,11977,1,1,0.0,1,1,4,0,Normal
16,1,2552,1,1,0.0,1,1,1,0,Normal
13,6,1579,1,1,0.0,1,1,3,0,Normal
14,4,7733,1,1,0.0,1,1,4,0,Normal
14,5,0,0,1,2.0,0,0,6,0,Failed Login
10,4,4841,1,1,0.0,1,1,4,0,Normal
8,3,5538,1,1,0.0,1,0,6,0,Unusual Resource Access
13,5,6946,0,1,0.0,1,1,4,0,Normal
10,2,11380,1,1,0.0,1,1,3,0,Normal
21,3,6282,1,1,0.0,1,0,1,0,Off-Hours Access
15,6,8046,1,1,0.0,1,1,0,0,Normal
9,0,6748,1,1,0.0,1,1,0,0,Normal
16,4,8570,0,1,0.0,1,1,4,0,Normal
14,1,10404,1,1,0.0,1,1,1,0,Normal
17,6,1735,1,1,0.0,1,1,0,0,Normal
8,6,5072,1,1,0.0,1,1,1,0,Normal
8,6,11037,1,1,1.0,1,1,0,0,Normal
13,1,8214,1,1,1.0,1,1,4,0,Normal
17,2,10790,1,1,0.0,1,1,3,0,Normal
9,3,3325,1,1,1.0,1,1,6,0,Normal
13,6,5615,1,1,0.0,1,1,6,0,Normal
9,4,5423,1,1,0.0,1,0,6,0,Unusual Resource Access
11,3,5043,1,1,0.0,1,0,6,0,Suspicious Command
8,5,8466,1,1,0.0,1,0,4,0,Unusual Resource Access
16,1,4472,1,1,0.0,1,0,4,0,Suspicious Command
8,6,6318,1,1,0.0,1,0,0,0,Unusual Resource Access
14,5,9956,1,1,0.0,1,1,1,0,Normal
8,1,7800,1,1,0.0,1,1,4,0,Normal
12,3,11525,1,1,0.0,1,1,4,0,Normal
12,4,5760,1,1,0.0,1,1,4,0,Normal
9,5,4242,1,1,0.0,1,1,0,0,Normal
13,4,10220,1,1,0.0,1,1,0,0,Normal
17,0,6260,1,1,0.0,1,1,0,0,Normal
18,6,5099,1,1,0.0,1,0,4,0,Unusual Resource Access
20,6,11404,1,1,0.0,1,0,1,0,Off-Hours Access
14,0,5565,1,1,1.0,1,1,6,0,Normal
10,3,9831,0,1,0.0,1,1,6,0,Normal
10,6,2896,0,1,0.0,1,1,1,0,Normal
10,5,3403,1,1,0.0,1,1,3,0,Normal
18,3,4146,1,1,1.0,1,0,4,0,Suspicious Command
16,2,9072,1,1,0.0,1,1,4,0,Normal
8,2,5990,1,1,0.0,0,0,1,0,Normal
14,0,4536,1,1,1.0,1,1,3,0,Normal
18,6,7592,1,1,0.0,1,1,3,0,Normal
13,4,6257,1,1,0.0,1,1,3,0,Normal
18,6,6264,1,1,0.0,1,0,1,0,Suspicious Command
15,0,9752,1,1,0.0,1,1,0,0,Normal
18,3,4052,1,1,0.0,1,1,1,0,Normal
14,3,1653,1,1,1.0,1,1,6,0,Normal
17,4,9859,0,1,1.0,1,1,6,0,Normal
10,0,9418,1,1,0.0,1,1,0,0,Normal
10,0,5074,0,1,0.0,1,1,3,0,Normal
18,6,2266,1,1,0.0,1,1,4,0,Normal
14,5,11831,1,1,0.0,1,1,1,0,Normal
22,5,7794,1,1,0.0,1,0,4,0,Off-Hours Access
18,6,11933,1,1,0.0,1,0,6,0,Unusual Resource Access
8,6,0,0,1,2.0,0,0,2,0,Failed Login
9,1,7371,1,1,0.0,1,1,1,0,Normal
8,4,2203,1,1,0.0,1,1,1,0,Normal
9,2,4912,1,1,0.0,1,0,6,0,Unusual Resource Access
15,2,10325,1,1,0.0,1,1,0,0,Normal
9,2,9576,1,1,0.0,1,0,4,0,Suspicious Command
16,1,7006,0,1,0.0,1,1,6,0,Normal
12,3,2760,1,1,1.0,1,1,6,0,Normal
16,3,8807,1,1,1.0,1,1,1,0,Normal
8,2,1663,1,1,0.0,1,1,6,0,Normal
16,4,5537,1,1,0.0,1,1,1,0,Normal
11,0,11812,1,1,0.0,1,1,0,0,Normal
17,1,8287,1,1,0.0,1,0,1,0,Unusual Resource Access
5,6,4424,1,1,0.0,1,0,1,0,Off-Hours Access
18,3,7468,1,1,0.0,1,1,6,0,Normal
5,6,5103,1,1,0.0,1,0,3,0,Off-Hours Access
8,2,10972,1,1,0.0,1,1,6,0,Normal
13,2,11791,0,1,0.0,1,0,6,0,Unusual Resource Access
13,5,9035,1,1,0.0,1,0,1,0,Suspicious Command
17,2,10060,1,1,0.0,1,1,6,0,Normal
15,1,1560,1,1,0.0,1,1,4,0,Normal
8,5,8139,1,1,0.0,1,1,1,0,Normal
11,2,3970,1,1,1.0,1,1,3,0,Normal
16,3,0,0,1,1.0,1,0,1,0,Failed Login
14,1,11024,1,1,1.0,1,1,6,0,Normal
12,0,1952,0,1,0.0,1,1,4,0,Normal
12,0,2353,1,1,1.0,1,1,6,0,Normal
16,3,8037,1,1,0.0,1,1,3,0,Normal
18,1,5071,1,1,0.0,1,1,1,0,Normal
17,2,9796,1,1,0.0,1,1,4,0,Normal
18,5,1923,0,1,1.0,1,1,3,0,Normal
12,1,9089,1,1,0.0,1,1,0,0,Normal
9,1,5290,1,1,1.0,1,1,1,0,Normal
15,5,2449,1,1,0.0,0,0,1,0,Normal
15,4,3012,1,1,0.0,1,1,6,0,Normal
13,3,9170,1,1,0.0,1,1,0,0,Normal
10,2,1871,1,1,0.0,1,1,1,0,Normal
10,1,10141,1,1,1.0,1,1,3,0,Normal
16,6,3708,1,1,0.0,1,1,0,0,Normal
13,4,3577,1,1,0.0,1,1,6,0,Normal
4,0,8353,1,1,0.0,1,0,1,0,Off-Hours Access
13,2,3044,1,1,0.0,1,1,4,0,Normal
16,5,3620,1,1,0.0,1,1,0,0,Normal
11,5,948,1,1,0.0,1,1,4,0,Normal
14,5,7426,1,1,0.0,1,0,6,0,Unusual Resource Access
13,3,7472,1,1,0.0,1,1,1,0,Normal
11,0,1426,1,1,0.0,1,1,0,0,Normal
9,6,5338,1,1,0.0,1,1,1,0,Normal
9,4,5244,1,1,0.0,1,1,4,0,Normal
13,6,2227,1,1,0.0,1,1,1,0,Normal
10,4,4793,1,1,2.0,1,1,0,0,Normal
10,4,7582,1,1,1.0,1,1,6,0,Normal
12,0,3816,1,1,0.0,1,1,4,0,Normal
12,0,4412,1,1,0.0,1,1,4,0,Normal
18,6,4829,1,1,0.0,1,1,4,0,Normal
9,5,6464,1,1,0.0,1,0,6,0,Suspicious Command
10,5,2148,0,1,0.0,1,1,1,0,Normal
22,3,11253,1,1,1.0,1,0,6,0,Off-Hours Access
17,1,3309,0,1,0.0,1,0,3,0,Unusual Resource Access
17,3,6440,0,1,0.0,1,1,0,0,Normal
2,5,1622,1,1,0.0,1,0,6,0,Off-Hours Access
8,5,10040,1,1,1.0,1,1,1,0,Normal
16,1,3728,0,1,0.0,1,1,6,0,Normal
12,4,5739,1,1,0.0,1,1,3,0,Normal
17,2,5318,1,1,0.0,1,0,6,0,Unusual Resource Access
18,2,3678,1,1,0.0,0,0,0,0,Normal
13,4,9400,1,1,0.0,1,1,1,0,Normal
17,3,11708,1,1,0.0,1,1,4,0,Normal
15,5,3692,1,1,0.0,1,1,3,0,Normal
0,5,11152,1,1,0.0,1,0,4,0,Off-Hours Access
11,6,8004,1,1,0.0,1,0,4,0,Unusual Resource Access
13,4,11041,1,1,0.0,1,1,0,0,Normal
17,2,5934,1,1,0.0,0,0,4,0,Normal
8,0,2241,1,1,0.0,1,1,4,0,Normal
16,4,1282,1,1,0.0,1,0,3,0,Suspicious Command
17,6,6618,1,1,1.0,1,1,3,0,Normal
11,6,11400,1,1,0.0,1,1,4,0,Normal
17,5,7737,1,1,0.0,1,1,0,0,Normal
15,5,5028,1,1,0.0,1,1,0,0,Normal
10,4,3694,1,1,1.0,1,1,1,0,Normal
15,1,2248,1,1,0.0,1,1,6,0,Normal
10,5,10549,1,1,0.0,1,1,0,0,Normal
18,6,3555,1,1,0.0,1,1,4,0,Normal
17,2,1764,1,1,0.0,1,1,3,0,Normal
16,2,8070,0,1,0.0,1,1,6,0,Normal
9,5,3011,1,1,0.0,1,1,6,0,Normal
13,4,9802,1,1,0.0,1,1,1,0,Normal
18,1,4957,1,1,0.0,1,1,0,0,Normal
9,1,3645,0,1,0.0,1,1,0,0,Normal
10,6,0,0,1,1.0,0,0,0,0,Failed Login
16,6,0,0,1,1.0,0,0,3,0,Failed Login
14,6,11998,1,1,0.0,1,1,1,0,Normal
12,6,11551,1,1,0.0,1,1,3,0,Normal
14,6,11229,1,1,0.0,1,1,6,0,Normal
22,3,8498,1,1,0.0,1,0,0,0,Off-Hours Access
13,1,5997,1,1,1.0,1,1,0,0,Normal
8,0,2715,1,1,0.0,1,1,3,0,Normal
12,3,2667,0,1,0.0,1,1,6,0,Normal
17,1,4750,1,1,0.0,1,1,1,0,Normal
10,4,11595,0,1,0.0,1,1,1,0,Normal
9,4,6410,1,1,0.0,1,1,4,0,Normal
14,6,3171,1,1,0.0,1,1,0,0,Normal
12,2,2659,1,1,1.0,1,0,1,0,Suspicious Command
11,5,8324,1,1,0.0,1,1,1,0,Normal
10,3,8056,1,1,0.0,1,1,6,0,Normal
10,3,3483,1,1,0.0,1,1,6,0,Normal
15,1,7031,1,1,0.0,1,1,1,0,Normal
16,4,11875,1,1,0.0,1,1,3,0,Normal
9,6,10441,0,1,0.0,1,1,3,0,Normal
14,0,7987,1,1,0.0,1,1,4,0,Normal
17,0,9018,1,1,0.0,1,0,0,0,Suspicious Command
15,3,9126,1,1,0.0,1,1,6,0,Normal
18,0,5835,1,1,0.0,1,1,6,0,Normal
17,4,8929,1,1,0.0,1,1,0,0,Normal
10,4,1838,1,1,0.0,1,1,6,0,Normal
15,2,4853,1,1,0.0,1,1,0,0,Normal
9,2,6635,1,1,0.0,1,0,0,0,Unusual Resource Access
15,0,9138,1,1,0.0,1,1,1,0,Normal
16,5,9126,1,1,0.0,1,1,0,0,Normal
8,2,9224,0,1,1.0,1,1,3,0,Normal
9,2,7713,1,1,0.0,1,1,4,0,Normal
6,1,6970,1,1,2.0,1,0,4,0,Off-Hours Access
9,1,0,0,1,1.0,0,0,1,0,Failed Login
22,0,7254,1,1,0.0,1,0,3,0,Off-Hours Access
16,4,11180,1,1,0.0,1,1,3,0,Normal
17,4,6593,1,1,0.0,1,1,6,0,Normal
11,3,3856,1,1,1.0,1,1,1,0,Normal
9,4,4751,0,1,0.0,1,1,1,0,Normal
14,4,0,0,1,1.0,0,0,5,0,Failed Login
18,2,11833,1,1,0.0,1,1,4,0,Normal
14,2,4056,0,1,0.0,0,0,1,0,Normal
15,1,930,1,1,0.0,1,0,6,0,Suspicious Command
8,0,4229,0,1,0.0,1,1,0,0,Normal
16,4,7141,1,1,0.0,1,1,4,0,Normal
11,4,7933,1,1,0.0,1,0,6,0,Suspicious Command
14,2,6386,1,1,0.0,1,1,3,0,Normal
18,5,2187,1,1,0.0,1,1,3,0,Normal
11,2,7206,1,1,0.0,1,0,0,0,Normal
17,4,9208,0,1,1.0,1,1,1,0,Normal
13,1,1405,1,1,1.0,1,0,3,0,Unusual Resource Access
13,1,11715,1,1,0.0,1,1,6,0,Normal
13,4,7692,1,1,0.0,1,1,4,0,Normal
8,5,6948,1,1,0.0,1,1,6,0,Normal
15,3,7421,1,1,0.0,1,1,1,0,Normal
17,1,2083,1,1,0.0,1,1,3,0,Normal
7,4,5294,1,1,0.0,1,0,0,0,Off-Hours Access
9,0,2678,1,1,2.0,1,0,0,0,Suspicious Command
12,2,3046,1,1,0.0,1,1,6,0,Normal
17,3,11892,1,1,0.0,1,1,1,0,Normal
15,5,2158,1,1,0.0,1,1,0,0,Normal
14,5,1456,1,1,0.0,1,1,6,0,Normal
13,3,8167,1,1,0.0,1,1,0,0,Normal
17,1,1402,1,1,1.0,1,0,0,0,Suspicious Command
13,5,1462,1,1,0.0,1,1,0,0,Normal
15,3,1376,1,1,0.0,1,1,1,0,Normal
11,3,1992,1,1,1.0,1,1,6,0,Normal
17,6,7922,1,1,0.0,1,1,0,0,Normal
7,2,2548,1,1,0.0,0,0,0,0,Off-Hours Access
13,2,5602,1,1,0.0,0,0,0,0,Normal
15,3,7307,1,1,1.0,1,1,4,0,Normal
9,2,992,1,1,0.0,1,1,3,0,Normal
16,1,4849,1,1,0.0,1,1,0,0,Normal
16,4,1852,1,1,0.0,1,1,6,0,Normal
10,5,7774,1,1,0.0,1,1,0,0,Normal
16,3,10133,1,1,0.0,1,1,6,0,Normal
9,2,0,0,1,1.0,0,0,4,0,Failed Login
16,4,8125,1,1,0.0,1,1,0,0,Normal
15,4,10279,1,1,0.0,1,1,0,0,Normal
16,3,4351,0,1,1.0,0,0,6,0,Normal
14,6,4488,1,1,1.0,1,1,3,0,Normal
13,2,11343,1,1,0.0,0,0,3,0,Normal
9,4,4116,1,1,0.0,1,1,6,0,Normal
8,1,11743,1,1,1.0,1,1,1,0,Normal
13,0,7276,1,1,0.0,1,0,0,0,Unusual Resource Access
14,1,0,0,1,1.0,0,0,4,0,Failed Login
15,5,1249,1,1,0.0,1,1,1,0,Normal
11,1,11281,1,1,1.0,1,1,1,0,Normal
14,0,9252,1,1,0.0,1,1,1,0,Normal
12,6,6236,0,1,1.0,1,1,3,0,Normal
9,1,7698,0,1,0.0,1,1,3,0,Normal
14,2,2071,1,1,0.0,1,1,0,0,Normal
18,6,3108,1,1,0.0,1,1,3,0,Normal
10,3,8073,1,1,0.0,0,0,4,0,Normal
10,0,7742,0,1,0.0,1,1,1,0,Normal
15,4,5262,1,1,0.0,1,1,1,0,Normal
14,0,1950,1,1,0.0,1,1,0,0,Normal
14,0,2452,1,1,0.0,1,1,4,0,Normal
13,2,8164,1,1,0.0,1,1,4,0,Normal
18,4,3295,1,1,0.0,1,1,3,0,Normal
18,1,7990,1,1,0.0,1,0,4,0,Suspicious Command
11,6,6139,1,1,0.0,1,1,6,0,Normal
15,1,11730,1,1,0.0,1,1,6,0,Normal
22,0,8844,1,1,0.0,1,0,1,0,Off-Hours Access
8,1,7073,1,1,1.0,1,1,4,0,Normal
16,5,5825,1,1,0.0,1,1,1,0,Normal
13,5,4051,1,1,1.0,1,0,0,0,Suspicious Command
18,0,11995,1,1,2.0,1,1,4,0,Normal
9,0,3532,1,1,0.0,1,1,0,0,Normal
17,0,8787,1,1,0.0,1,1,4,0,Normal
18,1,10017,1,1,0.0,1,1,1,0,Normal
15,5,9527,0,1,1.0,1,1,0,0,Normal
9,1,3830,1,1,0.0,1,1,1,0,Normal
10,4,9262,1,1,0.0,0,0,1,0,Normal
14,5,10398,1,1,1.0,1,1,1,0,Normal
12,6,1955,1,1,0.0,1,1,4,0,Normal
16,5,2301,1,1,0.0,1,1,1,0,Normal
5,2,5952,0,1,0.0,1,0,3,0,Off-Hours Access
16,5,2542,1,1,0.0,1,1,0,0,Normal
18,1,3320,1,1,1.0,1,1,1,0,Normal
6,1,9718,1,1,0.0,1,0,3,0,Off-Hours Access
10,6,8098,1,1,1.0,1,1,3,0,Normal
18,1,11785,1,1,0.0,1,1,0,0,Normal
11,0,5708,1,1,0.0,1,1,3,0,Normal
14,0,11836,1,1,1.0,1,0,4,0,Unusual Resource Access
18,4,5063,1,1,0.0,1,1,1,0,Normal
8,2,2504,1,1,0.0,1,1,6,0,Normal
14,0,5391,1,1,0.0,1,1,3,0,Normal
8,4,10981,1,1,0.0,1,1,0,0,Normal
0,2,1616,1,1,0.0,1,0,0,0,Off-Hours Access
8,0,11290,1,1,0.0,1,0,3,0,Unusual Resource Access
14,4,5445,0,1,0.0,1,1,4,0,Normal
15,1,6133,1,1,1.0,1,1,4,0,Normal
9,6,3811,1,1,0.0,1,1,6,0,Normal
16,1,0,0,1,1.0,0,0,3,0,Failed Login
16,0,4895,1,1,0.0,1,1,1,0,Normal
8,1,8182,0,1,0.0,1,1,0,0,Normal
11,2,9085,1,1,0.0,1,0,6,0,Normal
13,6,3696,1,1,1.0,1,1,6,0,Normal
17,4,3847,1,1,0.0,1,1,6,0,Normal
18,6,10849,1,1,0.0,1,0,1,0,Unusual Resource Access
13,3,10743,1,1,0.0,1,0,6,0,Unusual Resource Access
10,2,8868,1,1,0.0,1,1,1,0,Normal
11,6,5515,1,1,0.0,1,1,3,0,Normal
18,3,11424,1,1,0.0,1,1,0,0,Normal
17,0,10110,1,1,0.0,1,1,1,0,Normal
11,2,7631,1,1,0.0,0,0,3,0,Normal
16,4,10579,1,1,0.0,1,1,1,0,Normal
8,6,11894,1,1,0.0,1,1,4,0,Normal
17,5,10027,1,1,1.0,1,1,6,0,Normal
9,0,8818,1,1,0.0,1,1,6,0,Normal
11,6,8627,0,1,0.0,1,1,6,0,Normal
8,1,6741,1,1,1.0,1,1,4,0,Normal
12,4,6299,1,1,0.0,1,1,0,0,Normal
12,3,7099,1,1,0.0,1,1,3,0,Normal
10,2,1851,1,1,0.0,1,1,0,0,Normal
15,6,1009,1,1,0.0,1,1,1,0,Normal
14,1,9109,1,1,0.0,1,1,1,0,Normal
10,1,11142,1,1,0.0,1,1,3,0,Normal
11,6,7488,0,1,0.0,1,1,6,0,Normal
13,5,3069,1,1,0.0,1,1,4,0,Normal
16,4,11818,1,1,0.0,1,1,1,0,Normal
15,0,6062,1,1,0.0,1,1,0,0,Normal
9,5,8886,1,1,0.0,1,1,1,0,Normal
16,0,9451,0,1,0.0,1,0,0,0,Unusual Resource Access
10,1,4778,1,1,0.0,1,1,0,0,Normal
7,3,8489,1,1,1.0,1,0,0,0,Off-Hours Access
17,6,8417,1,1,0.0,1,1,0,0,Normal
14,6,8752,1,1,0.0,1,1,3,0,Normal
8,5,1247,1,1,0.0,1,1,4,0,Normal
14,2,1738,1,1,2.0,1,1,6,0,Normal
18,5,11138,1,1,0.0,0,0,0,0,Normal
15,3,9138,1,1,0.0,0,0,6,0,Normal
9,2,10536,0,1,0.0,1,1,3,0,Normal
10,2,5949,1,1,0.0,1,1,1,0,Normal
16,3,3518,1,1,0.0,1,0,0,0,Suspicious Command
10,5,3623,1,1,0.0,1,1,6,0,Normal
18,0,6913,1,1,0.0,1,1,3,0,Normal
17,2,1323,1,1,0.0,1,1,0,0,Normal
13,4,6927,1,1,0.0,1,1,4,0,Normal
12,3,4229,0,1,0.0,1,1,0,0,Normal
14,6,2919,1,1,0.0,1,1,0,0,Normal
9,3,978,0,1,0.0,1,1,6,0,Normal
13,2,10849,1,1,0.0,1,0,6,0,Unusual Resource Access
16,1,0,0,1,1.0,0,0,3,0,Failed Login
15,3,7041,0,1,0.0,1,1,1,0,Normal
14,6,8196,1,1,0.0,1,1,4,0,Normal
15,0,11825,1,1,0.0,1,1,1,0,Normal
13,0,6709,1,1,0.0,1,1,1,0,Normal
15,3,6205,1,1,0.0,1,1,3,0,Normal
23,1,2881,1,1,0.0,1,0,6,0,Off-Hours Access
18,1,6669,1,1,0.0,1,1,0,0,Normal
15,2,10331,1,1,0.0,1,1,0,0,Normal
11,1,10853,1,1,0.0,1,0,3,0,Suspicious Command
16,1,7571,1,1,0.0,1,1,0,0,Normal
10,1,1993,1,1,0.0,1,0,3,0,Suspicious Command
12,1,6396,1,1,0.0,1,1,1,0,Normal
15,0,11604,0,1,1.0,1,1,1,0,Normal
14,2,6649,0,1,0.0,1,1,4,0,Normal
11,4,8621,1,1,0.0,1,1,3,0,Normal
18,6,8093,1,1,0.0,1,1,0,0,Normal
18,4,11302,1,1,0.0,1,1,1,0,Normal
9,1,11804,1,1,0.0,1,0,0,0,Unusual Resource Access
9,2,6354,1,1,0.0,1,1,6,0,Normal
5,2,1082,1,1,0.0,1,0,6,0,Off-Hours Access
8,3,7019,0,1,0.0,1,1,3,0,Normal
12,3,4028,1,1,0.0,1,1,1,0,Normal
16,3,6109,1,1,0.0,1,1,1,0,Normal
14,1,1308,0,1,0.0,1,1,0,0,Normal
18,5,2331,1,1,1.0,1,1,4,0,Normal
9,6,8676,1,1,0.0,1,1,1,0,Normal
9,1,4142,1,1,0.0,1,1,0,0,Normal
16,5,11130,1,1,0.0,1,1,6,0,Normal
11,5,7399,1,1,0.0,1,1,6,0,Normal
14,6,11983,1,1,0.0,1,0,6,0,Suspicious Command
9,2,10002,0,1,0.0,0,0,4,0,Unusual Resource Access
12,5,7483,1,1,0.0,1,1,1,0,Normal
17,3,9439,1,1,0.0,1,1,6,0,Normal
17,5,11621,1,1,1.0,1,1,4,0,Normal
8,3,1312,1,1,1.0,1,1,4,0,Normal
9,4,7071,1,1,0.0,1,1,4,0,Normal
16,1,10571,0,1,0.0,1,1,3,0,Normal
11,5,7696,1,1,0.0,1,1,0,0,Normal
10,2,5661,1,1,2.0,1,1,1,0,Normal
12,5,3341,1,1,1.0,1,1,6,0,Normal
11,1,8388,1,1,0.0,1,1,6,0,Normal
16,0,6159,1,1,0.0,1,1,3,0,Normal
8,0,907,1,1,0.0,1,1,1,0,Normal
12,0,9293,1,1,0.0,1,0,0,0,Suspicious Command
17,4,5867,1,1,0.0,1,1,6,0,Normal
14,5,5334,1,1,0.0,1,1,0,0,Normal
17,6,3032,1,1,0.0,1,1,1,0,Normal
15,2,8915,1,1,0.0,1,1,3,0,Normal
19,0,1118,1,1,0.0,1,0,6,0,Off-Hours Access
17,1,9388,1,1,0.0,1,1,6,0,Normal
12,0,9337,1,1,0.0,1,1,0,0,Normal
16,3,1148,1,1,0.0,1,1,1,0,Normal
11,0,7695,1,1,0.0,1,1,3,0,Normal
10,1,9728,1,1,0.0,1,1,0,0,Normal
13,3,9623,1,1,0.0,1,1,6,0,Normal
15,1,3537,1,1,0.0,1,1,6,0,Normal
9,2,2221,1,1,0.0,0,0,0,0,Normal
12,6,7233,1,1,0.0,1,1,1,0,Normal
11,2,5447,0,1,1.0,1,1,1,0,Normal
9,0,4804,1,1,0.0,1,1,1,0,Normal
18,1,10289,1,1,0.0,1,1,0,0,Normal
18,1,8798,1,1,0.0,1,1,0,0,Normal
9,3,925,1,1,0.0,1,1,4,0,Normal
15,2,7359,0,1,0.0,1,1,1,0,Normal
15,2,6565,1,1,1.0,1,1,3,0,Normal
5,3,3873,1,1,0.0,1,0,0,0,Off-Hours Access
15,6,3600,0,1,0.0,1,1,6,0,Normal
10,6,9523,1,1,0.0,1,1,4,0,Normal
14,2,10442,1,1,0.0,1,1,1,0,Normal
15,5,3789,1,1,0.0,1,1,4,0,Normal
18,6,11153,1,1,0.0,1,1,4,0,Normal
16,2,8224,1,1,0.0,1,1,4,0,Normal
17,0,0,0,1,1.0,0,0,1,0,Failed Login
18,3,5648,1,1,0.0,1,1,3,0,Normal
18,4,10230,1,1,0.0,1,1,3,0,Normal
9,1,6234,1,1,1.0,1,1,3,0,Normal
17,5,10079,1,1,0.0,1,1,6,0,Normal
6,1,4122,1,1,0.0,1,0,0,0,Off-Hours Access
14,6,10119,1,1,0.0,1,1,4,0,Normal
9,6,11173,1,1,0.0,1,1,3,0,Normal
10,6,11464,0,1,0.0,1,1,3,0,Normal
12,5,11841,1,1,0.0,1,1,0,0,Normal
9,5,10503,1,1,0.0,1,1,4,0,Normal
8,6,2508,1,1,0.0,1,1,0,0,Normal
8,2,9335,1,1,0.0,0,0,4,0,Normal
10,3,11932,1,1,1.0,1,1,0,0,Normal
17,4,11700,1,1,0.0,1,1,4,0,Normal
8,1,2936,1,1,0.0,1,1,0,0,Normal
9,5,8830,1,1,0.0,1,0,0,0,Suspicious Command
10,3,8798,1,1,0.0,1,1,3,0,Normal
8,4,10718,0,1,1.0,0,0,0,0,Normal
15,3,10799,1,1,0.0,1,0,0,0,Suspicious Command
15,3,2861,1,1,0.0,1,1,0,0,Normal
13,2,11655,1,1,0.0,1,1,3,0,Normal
8,4,4131,1,1,0.0,1,1,4,0,Normal
13,6,7121,1,1,0.0,1,1,0,0,Normal
15,2,11732,1,1,0.0,1,1,6,0,Normal
18,2,7224,1,1,0.0,1,1,0,0,Normal
10,4,5164,1,1,0.0,1,1,6,0,Normal
11,2,3784,1,1,0.0,1,1,0,0,Normal
12,3,1526,1,1,0.0,1,1,3,0,Normal
22,0,2165,1,1,1.0,1,0,6,0,Off-Hours Access
16,2,9115,0,1,0.0,1,1,4,0,Normal
13,1,11251,1,1,1.0,1,1,0,0,Normal
10,6,6092,1,1,1.0,1,1,3,0,Normal
15,2,6807,1,1,0.0,1,1,4,0,Normal
8,3,10530,1,1,1.0,1,1,1,0,Normal
9,0,3899,1,1,0.0,1,1,3,0,Normal
10,2,4095,1,1,1.0,1,0,3,0,Suspicious Command
8,1,8019,1,1,2.0,1,1,1,0,Normal
9,4,2269,1,1,0.0,1,1,0,0,Normal
16,4,1934,1,1,0.0,1,1,4,0,Normal
9,5,6404,1,1,1.0,1,1,4,0,Normal
13,3,0,0,1,1.0,1,0,5,0,Failed Login
10,3,6746,1,1,0.0,1,1,1,0,Normal
17,4,4076,1,1,0.0,1,1,4,0,Normal
14,0,5259,1,1,0.0,1,1,0,0,Normal
8,5,4920,0,1,0.0,1,1,3,0,Normal
16,5,9851,0,1,0.0,1,1,3,0,Normal
12,0,6444,1,1,0.0,1,1,6,0,Normal
16,5,10108,1,1,0.0,1,1,6,0,Normal
14,0,5159,1,1,0.0,1,1,0,0,Normal
11,6,7892,1,1,0.0,1,1,3,0,Normal
18,6,4868,1,1,0.0,1,1,4,0,Normal
15,2,4649,1,1,0.0,1,1,0,0,Normal
10,1,9124,0,1,0.0,1,1,1,0,Normal
11,0,9901,1,1,0.0,1,1,1,0,Normal
8,5,10735,1,1,0.0,1,1,6,0,Normal
8,1,7727,0,1,0.0,1,1,1,0,Normal
17,1,2145,1,1,1.0,1,1,3,0,Normal
15,3,1163,1,1,0.0,1,1,0,0,Normal
13,3,10020,0,1,0.0,1,1,3,0,Normal
11,3,4258,1,1,0.0,1,1,4,0,Normal
13,4,9189,1,1,0.0,1,1,4,0,Normal
13,1,2755,1,1,0.0,1,1,1,0,Normal
12,3,1957,1,1,1.0,1,1,0,0,Normal
10,5,8722,1,1,0.0,1,1,4,0,Normal
18,2,4541,1,1,0.0,1,1,1,0,Normal
13,2,2233,1,1,1.0,1,1,3,0,Normal
13,3,11857,1,1,2.0,1,1,3,0,Normal
1,0,6177,1,1,0.0,1,0,1,0,Off-Hours Access
13,3,10265,1,1,0.0,1,1,6,0,Normal
12,0,2589,1,1,0.0,1,1,0,0,Normal
8,2,4778,1,1,1.0,1,1,4,0,Normal
13,1,10489,1,1,0.0,1,1,4,0,Normal
21,0,11576,1,1,0.0,1,0,0,0,Off-Hours Access
15,3,0,0,1,2.0,0,0,3,0,Failed Login
8,1,9068,1,1,0.0,1,1,3,0,Normal
8,2,6860,1,1,0.0,0,0,4,0,Normal
17,6,1345,1,1,1.0,1,1,3,0,Normal
17,2,0,0,1,1.0,0,0,0,0,Failed Login
18,4,9089,0,1,0.0,1,1,0,0,Normal
11,5,3596,1,1,0.0,1,1,0,0,Normal
17,3,11887,0,1,0.0,1,1,0,0,Normal
8,4,4184,1,1,1.0,1,1,4,0,Normal
11,6,11034,1,1,0.0,1,1,4,0,Normal
11,4,0,0,1,2.0,1,0,5,0,Failed Login
10,2,2649,1,1,0.0,1,1,3,0,Normal
15,5,8821,1,1,0.0,1,1,1,0,Normal
15,2,2729,1,1,0.0,1,1,1,0,Normal
11,4,4434,1,1,1.0,1,0,4,0,Unusual Resource Access
18,3,7864,1,1,0.0,1,1,1,0,Normal
15,1,7366,1,1,0.0,1,1,3,0,Normal
14,3,6632,1,1,0.0,0,0,4,0,Normal
13,2,6117,1,1,0.0,1,1,6,0,Normal
10,2,1540,1,1,0.0,1,1,4,0,Normal
16,6,9880,0,1,1.0,1,1,3,0,Normal
13,3,8232,1,1,0.0,1,1,3,0,Normal
12,4,11210,1,1,0.0,1,1,0,0,Normal
12,6,2303,1,1,1.0,1,1,4,0,Normal
12,4,7553,1,1,0.0,1,1,6,0,Normal
14,5,6524,1,1,1.0,1,1,6,0,Normal
9,1,5413,1,1,0.0,1,1,6,0,Normal
12,3,10250,1,1,0.0,1,0,0,0,Unusual Resource Access
12,0,4864,1,1,0.0,1,1,3,0,Normal
18,4,4590,1,1,0.0,1,1,6,0,Normal
14,1,3599,1,1,0.0,1,1,1,0,Normal
9,4,4519,1,1,0.0,1,1,3,0,Normal
12,5,1565,1,1,1.0,1,0,6,0,Unusual Resource Access
17,1,5376,1,1,0.0,1,1,6,0,Normal
14,5,2611,1,1,0.0,1,1,4,0,Normal
9,0,10150,1,1,0.0,1,1,6,0,Normal
9,1,9109,0,1,0.0,1,1,3,0,Normal
16,5,4665,1,1,0.0,1,1,6,0,Normal
9,0,2471,1,1,1.0,1,1,3,0,Normal
13,3,0,0,1,1.0,0,0,2,0,Failed Login
7,0,5489,1,1,0.0,1,0,4,0,Off-Hours Access
18,3,0,0,1,1.0,0,0,5,0,Failed Login
12,3,5242,1,1,0.0,1,1,6,0,Normal
14,2,5200,1,1,1.0,1,1,4,0,Normal
12,1,11268,1,1,1.0,1,1,3,0,Normal
13,4,2776,1,1,0.0,1,1,3,0,Normal
15,0,10647,1,1,1.0,1,1,4,0,Normal
8,6,4051,1,1,0.0,1,1,3,0,Normal
13,3,3744,1,1,1.0,1,1,4,0,Normal
15,2,8052,1,1,0.0,0,0,4,0,Normal
6,0,3249,1,1,0.0,1,0,3,0,Off-Hours Access
9,0,2913,1,1,1.0,1,1,4,0,Normal
8,0,3071,1,1,0.0,1,1,4,0,Normal
15,1,7485,1,1,0.0,1,1,4,0,Normal
12,4,1116,1,1,0.0,1,1,1,0,Normal
14,6,1434,1,1,0.0,1,1,4,0,Normal
15,1,3381,1,1,0.0,1,1,1,0,Normal
20,2,9234,1,1,0.0,1,0,3,0,Off-Hours Access
12,1,8212,1,1,0.0,1,1,3,0,Normal
18,6,5298,1,1,0.0,1,1,4,0,Normal
14,1,3472,1,1,0.0,1,1,0,0,Normal
17,3,4666,1,1,0.0,1,1,4,0,Normal
16,1,4035,0,1,0.0,1,1,6,0,Normal
3,3,4003,1,1,0.0,1,0,3,0,Off-Hours Access
18,5,3114,1,1,0.0,1,0,0,0,Suspicious Command
17,5,8830,1,1,0.0,1,0,3,0,Suspicious Command
15,6,6102,1,1,0.0,1,0,6,0,Normal
14,0,0,0,1,1.0,0,0,6,0,Failed Login
10,1,9001,1,1,0.0,1,1,4,0,Normal
6,3,9573,0,1,0.0,1,0,6,0,Off-Hours Access
15,5,10923,1,1,0.0,1,0,3,0,Suspicious Command
14,0,7030,0,1,0.0,1,1,0,0,Normal
9,5,11936,1,1,0.0,1,1,3,0,Normal
11,2,9509,1,1,2.0,1,1,6,0,Normal
11,3,7417,1,1,0.0,1,0,1,0,Suspicious Command
10,1,5576,1,1,0.0,1,1,0,0,Normal
17,2,10993,1,1,0.0,1,1,3,0,Normal
11,2,3752,1,1,1.0,1,1,4,0,Normal
15,6,5745,1,1,0.0,1,0,3,0,Unusual Resource Access
12,6,9698,1,1,0.0,1,1,3,0,Normal
15,3,8691,1,1,1.0,1,1,6,0,Normal
14,3,5489,1,1,0.0,1,0,6,0,Suspicious Command
15,5,9088,1,1,0.0,1,1,6,0,Normal
17,0,8171,1,1,0.0,1,1,6,0,Normal
9,2,0,0,1,1.0,0,0,6,0,Failed Login
8,3,6018,1,1,0.0,1,1,6,0,Normal
18,0,10190,1,1,1.0,1,0,6,0,Suspicious Command
12,0,0,0,1,1.0,0,0,4,0,Failed Login
22,4,2704,1,1,0.0,1,0,6,0,Off-Hours Access
9,5,6351,1,1,0.0,1,1,6,0,Normal
18,2,4600,1,1,0.0,1,1,0,0,Normal
14,6,2502,1,1,0.0,1,0,0,0,Unusual Resource Access
14,5,10421,1,1,1.0,1,1,4,0,Normal
15,2,11783,1,1,0.0,1,1,6,0,Normal
9,3,3574,1,1,0.0,1,0,4,0,Suspicious Command
16,5,9486,1,1,0.0,1,1,3,0,Normal
16,4,8720,0,1,1.0,1,1,6,0,Normal
9,5,5210,0,1,0.0,1,1,1,0,Normal
16,6,7723,1,1,2.0,1,1,4,0,Normal
11,2,10683,1,1,0.0,1,0,0,0,Suspicious Command
18,5,8692,1,1,0.0,1,1,4,0,Normal
9,2,0,0,1,1.0,0,0,6,0,Failed Login
11,5,11245,1,1,0.0,1,1,3,0,Normal
11,2,7137,1,1,0.0,0,0,3,0,Normal
9,2,5663,1,1,0.0,0,0,4,0,Normal
8,4,3333,1,1,1.0,1,1,3,0,Normal
7,1,7384,1,1,0.0,1,0,4,0,Off-Hours Access
16,3,0,0,1,1.0,0,0,5,0,Failed Login
14,3,10691,1,1,0.0,1,1,3,0,Normal
13,3,0,0,1,1.0,0,0,1,0,Failed Login
11,5,10410,1,1,0.0,1,1,4,0,Normal
13,3,11416,1,1,0.0,1,0,1,0,Suspicious Command
11,4,9032,1,1,0.0,1,1,6,0,Normal
14,5,7056,0,1,0.0,1,1,0,0,Normal
16,5,2644,1,1,0.0,1,1,4,0,Normal
18,3,9064,1,1,0.0,1,1,4,0,Normal
13,2,4973,1,1,0.0,1,1,0,0,Normal
14,2,5063,0,1,1.0,1,0,4,0,Unusual Resource Access
15,1,9392,1,1,1.0,1,1,6,0,Normal
15,3,6773,1,1,0.0,1,1,3,0,Normal
22,4,9179,1,1,0.0,1,0,0,0,Off-Hours Access
17,1,2160,1,1,0.0,1,1,4,0,Normal
12,6,9129,1,1,0.0,1,0,0,0,Suspicious Command
10,5,0,0,1,2.0,0,0,2,0,Failed Login
15,0,7856,1,1,0.0,1,0,6,0,Suspicious Command
9,3,5475,1,1,0.0,1,1,1,0,Normal
15,3,6069,1,1,0.0,1,1,1,0,Normal
12,3,3374,0,1,0.0,1,1,4,0,Normal
17,2,6509,1,1,0.0,1,0,4,0,Unusual Resource Access
13,2,4606,1,1,0.0,1,1,4,0,Normal
13,6,8999,1,1,0.0,1,1,0,0,Normal
10,2,10484,1,1,1.0,1,1,0,0,Normal
1,4,4299,1,1,0.0,1,0,1,0,Off-Hours Access
19,3,4359,1,1,0.0,1,0,6,0,Off-Hours Access
10,6,10037,1,1,0.0,1,1,6,0,Normal
15,5,4294,1,1,0.0,1,1,4,0,Normal
16,2,9406,1,1,0.0,0,0,0,0,Normal
11,5,3944,1,1,0.0,1,1,3,0,Normal
8,4,8213,0,1,0.0,1,1,1,0,Normal
9,2,0,0,1,1.0,0,0,3,0,Failed Login
11,6,4559,1,1,0.0,1,1,6,0,Normal
12,2,3669,1,1,0.0,1,1,0,0,Normal
15,2,1154,1,1,0.0,0,0,6,0,Normal
18,5,4249,1,1,0.0,1,1,1,0,Normal
9,2,11840,1,1,1.0,1,1,6,0,Normal
11,4,3132,1,1,0.0,1,1,6,0,Normal
17,3,9345,1,1,1.0,1,1,4,0,Normal
13,4,6161,1,1,0.0,0,0,6,0,Normal
15,3,7633,1,1,0.0,1,1,0,0,Normal
18,2,2609,1,1,0.0,1,0,6,0,Suspicious Command
8,2,4267,1,1,0.0,1,1,0,0,Normal
18,3,8975,1,1,0.0,1,1,0,0,Normal
11,2,1350,1,1,0.0,0,0,1,0,Normal
10,6,5598,1,1,0.0,1,1,6,0,Normal
10,3,0,0,1,1.0,0,0,4,0,Failed Login
13,6,3102,1,1,1.0,1,1,4,0,Normal
11,2,11315,0,1,1.0,1,1,3,0,Normal
22,2,2517,1,1,0.0,1,0,6,0,Off-Hours Access
14,6,6172,1,1,0.0,1,1,4,0,Normal
16,2,5217,1,1,0.0,1,1,0,0,Normal
4,5,3755,1,1,0.0,1,0,3,0,Off-Hours Access
18,0,6619,1,1,0.0,1,0,6,0,Suspicious Command
19,1,1122,0,1,0.0,1,0,6,0,Off-Hours Access
8,3,6778,1,1,0.0,0,0,4,0,Normal
11,6,6650,1,1,0.0,1,1,0,0,Normal
16,4,5520,1,1,0.0,1,1,1,0,Normal
1,2,3695,0,1,0.0,1,0,3,0,Off-Hours Access
13,0,10023,1,1,0.0,1,1,6,0,Normal
17,5,2683,1,1,0.0,1,1,1,0,Normal
9,0,2065,1,1,0.0,1,1,4,0,Normal
15,3,2563,1,1,0.0,1,1,1,0,Normal
11,2,2892,1,1,0.0,1,1,1,0,Normal
10,3,2532,1,1,0.0,1,1,0,0,Normal
12,4,5534,1,1,0.0,1,1,0,0,Normal
10,5,11783,1,1,0.0,1,1,6,0,Normal
9,2,10659,1,1,0.0,1,0,0,0,Suspicious Command
13,2,5804,1,1,1.0,1,1,4,0,Normal
8,2,6466,1,1,0.0,1,1,0,0,Normal
11,0,11457,1,1,0.0,1,1,1,0,Normal
16,0,11451,1,1,0.0,1,1,6,0,Normal
18,2,5072,1,1,0.0,1,1,0,0,Normal
15,1,4967,1,1,0.0,1,1,4,0,Normal
9,6,2908,1,1,0.0,1,1,0,0,Normal
15,6,8399,1,1,0.0,1,1,0,0,Normal
8,0,10539,0,1,0.0,1,1,6,0,Normal
14,0,6511,1,1,0.0,1,1,1,0,Normal
17,1,11592,1,1,0.0,1,0,4,0,Unusual Resource Access
17,1,1660,1,1,0.0,1,1,0,0,Normal
15,6,5351,0,1,1.0,1,1,6,0,Normal
15,1,6883,1,1,0.0,1,1,1,0,Normal
13,6,5523,0,1,0.0,1,1,3,0,Normal
13,6,11220,1,1,0.0,1,1,0,0,Normal
12,3,6748,1,1,0.0,1,1,4,0,Normal
15,1,4865,1,1,0.0,1,1,1,0,Normal
8,0,10161,1,1,0.0,1,1,6,0,Normal
15,2,3042,1,1,0.0,1,1,0,0,Normal
13,6,9058,0,1,0.0,1,1,3,0,Normal
10,3,1274,1,1,0.0,1,1,0,0,Normal
17,6,8513,1,1,0.0,1,1,1,0,Normal
18,0,4120,1,1,0.0,1,1,4,0,Normal
17,3,3186,1,1,0.0,1,0,4,0,Suspicious Command
12,1,2730,1,1,0.0,1,1,3,0,Normal
17,1,3744,1,1,0.0,1,1,0,0,Normal
14,5,7897,1,1,0.0,1,1,4,0,Normal
17,3,1776,1,1,1.0,1,1,1,0,Normal
11,4,0,0,1,1.0,0,0,4,0,Failed Login
16,5,11922,1,1,0.0,1,1,0,0,Normal
9,0,5823,1,1,0.0,1,1,3,0,Normal
9,4,3277,1,1,0.0,0,0,6,0,Unusual Resource Access
11,0,10775,1,1,0.0,1,1,4,0,Normal
17,1,10303,1,1,0.0,1,1,1,0,Normal
15,1,9581,1,1,1.0,1,1,1,0,Normal
15,3,11220,1,1,0.0,1,1,3,0,Normal
8,2,6761,1,1,0.0,1,0,0,0,Unusual Resource Access
13,5,8166,1,1,0.0,1,1,0,0,Normal
18,0,4931,1,1,0.0,1,1,3,0,Normal
15,5,0,0,1,1.0,0,0,5,0,Failed Login
15,4,9720,1,1,0.0,1,1,0,0,Normal
15,2,0,0,1,1.0,0,0,6,0,Failed Login
16,2,5580,0,1,1.0,1,1,6,0,Normal
8,2,3849,1,1,0.0,1,0,6,0,Suspicious Command
9,4,4537,1,1,1.0,1,1,0,0,Normal
17,4,1933,1,1,1.0,1,1,1,0,Normal
13,5,1974,1,1,0.0,0,0,6,0,Suspicious Command
9,1,7696,0,1,0.0,1,1,4,0,Normal
10,2,8324,1,1,0.0,0,0,1,0,Normal
18,3,993,0,1,1.0,1,1,6,0,Normal
10,1,3489,1,1,0.0,1,1,3,0,Normal
12,2,2167,1,1,0.0,1,1,0,0,Normal
17,3,3702,1,1,0.0,1,1,6,0,Normal
11,3,5434,1,1,0.0,1,1,6,0,Normal
16,0,6273,1,1,0.0,1,0,6,0,Unusual Resource Access
15,6,1714,1,1,0.0,1,0,0,0,Suspicious Command
13,4,8636,1,1,0.0,1,1,4,0,Normal
10,0,1832,1,1,0.0,1,1,4,0,Normal
16,3,6429,1,1,0.0,1,1,0,0,Normal
16,4,2691,1,1,0.0,1,1,0,0,Normal
9,5,10015,0,1,0.0,1,1,4,0,Normal
13,2,10020,1,1,0.0,1,1,6,0,Normal
14,5,5203,1,1,0.0,1,1,6,0,Normal
12,4,1892,1,1,0.0,1,0,3,0,Suspicious Command
13,4,8080,1,1,0.0,1,1,1,0,Normal
10,5,11015,1,1,0.0,1,1,4,0,Normal
9,3,2807,1,1,1.0,1,1,3,0,Normal
8,3,2187,1,1,0.0,1,1,3,0,Normal
9,5,11558,1,1,0.0,1,0,3,0,Unusual Resource Access
9,4,5021,0,1,0.0,1,1,4,0,Normal
8,5,1127,0,1,0.0,1,1,0,0,Normal
16,5,8252,1,1,0.0,1,1,6,0,Normal
12,4,8056,0,1,0.0,1,1,0,0,Normal
15,3,7910,1,1,0.0,1,1,0,0,Normal
10,0,4710,1,1,1.0,1,1,3,0,Normal
18,2,6837,1,1,0.0,1,1,6,0,Normal
13,4,4538,1,1,0.0,1,1,3,0,Normal
12,2,10340,0,1,1.0,1,1,3,0,Normal
13,3,5595,1,1,0.0,0,0,4,0,Normal
14,5,1379,0,1,1.0,1,1,3,0,Normal
13,0,1896,1,1,0.0,1,1,1,0,Normal
8,4,1527,1,1,0.0,1,1,3,0,Normal
8,2,11532,1,1,0.0,1,1,0,0,Normal
11,0,6989,1,1,0.0,1,1,1,0,Normal
9,0,8078,1,1,0.0,1,1,0,0,Normal
10,1,9775,1,1,0.0,1,1,4,0,Normal
11,4,6794,1,1,0.0,1,1,1,0,Normal
10,1,3327,1,1,0.0,1,1,3,0,Normal
8,6,7244,1,1,0.0,1,1,6,0,Normal
16,2,2821,1,1,0.0,1,0,4,0,Suspicious Command
8,1,9745,1,1,0.0,1,1,4,0,Normal
17,2,5432,1,1,0.0,1,1,6,0,Normal
13,6,9643,1,1,1.0,1,1,6,0,Normal
12,0,7010,1,1,0.0,1,1,0,0,Normal
17,2,4874,0,1,0.0,1,1,3,0,Normal
15,6,1286,1,1,0.0,1,0,3,0,Normal
9,6,6153,1,1,0.0,1,1,6,0,Normal
17,5,6280,1,1,0.0,0,0,0,0,Normal
16,5,5532,1,1,1.0,1,1,3,0,Normal
10,0,6233,1,1,0.0,1,1,3,0,Normal
13,6,6969,1,1,0.0,1,1,6,0,Normal
9,6,2818,1,1,0.0,1,1,6,0,Normal
9,2,11096,1,1,0.0,1,0,1,0,Unusual Resource Access
12,1,6779,1,1,0.0,1,1,6,0,Normal
10,5,5131,1,1,0.0,1,1,0,0,Normal
13,4,10410,1,1,0.0,1,1,0,0,Normal
10,5,3282,1,1,1.0,1,1,3,0,Normal
17,2,9271,1,1,0.0,1,1,1,0,Normal
10,3,7641,1,1,1.0,1,0,1,0,Suspicious Command
12,6,8718,1,1,1.0,1,1,1,0,Normal
18,6,10197,1,1,0.0,1,1,6,0,Normal
11,4,7904,1,1,0.0,1,1,1,0,Normal
13,4,0,0,1,1.0,0,0,4,0,Failed Login
11,0,8235,1,1,0.0,1,1,3,0,Normal
14,2,11939,1,1,0.0,1,1,1,0,Normal
12,2,3278,1,1,0.0,0,0,6,0,Unusual Resource Access
18,4,7924,1,1,0.0,1,0,0,0,Suspicious Command
15,3,1601,1,1,0.0,0,0,0,0,Normal
16,3,4218,1,1,0.0,1,1,0,0,Normal
15,1,0,0,1,1.0,0,0,4,0,Failed Login
17,6,0,0,1,1.0,1,0,2,0,Failed Login
18,2,7515,1,1,0.0,1,1,1,0,Normal
10,2,9820,1,1,0.0,1,1,0,0,Normal
14,0,9817,1,1,0.0,1,0,4,0,Unusual Resource Access
8,4,8266,1,1,0.0,1,1,6,0,Normal
9,4,0,0,1,1.0,0,0,4,0,Failed Login
17,2,5117,1,1,0.0,1,1,4,0,Normal
12,3,4052,1,1,0.0,1,1,1,0,Normal
16,5,7238,0,1,1.0,1,1,1,0,Normal
18,4,0,0,1,1.0,0,0,4,0,Failed Login
3,6,60,2,1,0.0,0,0,3,2,anomaly_low_slow_exfil
5,6,844,2,1,0.0,0,0,1,2,normal
5,6,3499,2,1,0.0,0,0,2,2,normal
6,6,3030,2,1,0.0,0,0,3,2,normal
6,6,1690,2,1,0.0,0,0,2,1,normal
7,6,892,2,1,0.0,1,1,3,2,normal
7,6,2452,2,1,0.0,1,1,0,2,normal
7,6,1096,2,1,0.0,0,0,3,2,normal
7,6,2883,2,1,0.0,0,0,3,2,normal
7,6,354,2,1,0.0,0,0,3,2,normal
7,6,401,2,1,0.0,1,1,3,1,normal
8,6,625,2,1,0.0,0,0,1,0,normal
8,6,2332,2,1,0.0,0,0,3,2,normal
8,6,2186,2,1,0.0,1,1,2,2,normal
8,6,2241,2,1,0.0,0,0,2,2,normal
8,6,2438,2,1,0.0,1,1,3,2,normal
9,6,11,2,1,0.0,0,0,0,0,normal
9,6,1838,2,1,0.0,1,1,0,2,normal
9,6,3240,2,1,0.0,1,1,2,2,normal
9,6,2760,2,1,0.0,0,0,3,2,normal
9,6,153,2,1,0.0,1,1,0,1,normal
9,6,44,2,1,0.0,1,1,1,2,normal
9,6,2106,2,1,0.0,0,0,3,2,normal
10,6,300,2,1,0.0,0,0,1,1,edge_case_insider_drift
10,6,3224,2,1,0.0,1,1,2,2,normal
10,6,562,2,1,0.0,1,1,0,0,normal
10,6,3062,2,1,0.0,1,1,1,2,normal
10,6,3263,2,1,0.0,1,1,1,2,normal
10,6,2127,2,1,0.0,1,1,3,2,normal
10,6,3038,2,1,0.0,0,0,1,2,normal
10,6,1987,2,1,0.0,1,1,1,0,normal
10,6,3475,2,1,0.0,0,0,0,2,normal
10,6,837,2,1,0.0,1,1,0,2,normal
10,6,244,2,1,0.0,0,0,0,2,normal
11,6,3513,2,1,0.0,0,0,2,2,normal
11,6,1485,2,1,0.0,1,1,0,2,normal
11,6,1260,2,1,0.0,0,0,0,2,normal
11,6,110,2,1,0.0,0,0,0,0,normal
11,6,1705,2,1,0.0,0,0,3,1,normal
11,6,2524,2,1,0.0,1,1,0,2,normal
11,6,790,2,1,0.0,0,0,0,2,normal
11,6,3139,2,1,0.0,0,0,2,2,normal
12,6,3003,2,1,0.0,1,1,1,2,normal
12,6,2549,2,1,0.0,1,1,1,1,normal
12,6,928,2,1,0.0,1,1,1,2,normal
12,6,1653,2,1,0.0,0,0,2,2,normal
12,6,1831,2,1,0.0,0,0,1,1,normal
12,6,2464,2,1,0.0,0,0,1,2,normal
12,6,3236,2,1,0.0,1,1,1,2,normal
12,6,1525,2,1,0.0,1,1,2,2,normal
12,6,2476,2,1,0.0,1,1,1,1,normal
12,6,628,2,1,0.0,0,0,3,2,normal
13,6,2710,2,1,0.0,0,0,2,2,normal
13,6,1634,2,1,0.0,0,0,0,2,normal
13,6,1085,2,1,0.0,1,1,2,2,normal
13,6,2296,2,1,0.0,1,1,3,2,normal
13,6,1279,2,1,0.0,1,1,3,2,normal
13,6,1870,2,1,0.0,0,0,0,2,normal
13,6,676,2,1,0.0,0,0,3,2,normal
13,6,2838,2,1,0.0,1,1,2,2,normal
14,6,1891,2,1,0.0,0,0,0,1,normal
14,6,2855,2,1,0.0,0,0,0,2,normal
14,6,135,2,1,0.0,1,1,3,2,normal
14,6,850,2,1,0.0,0,0,0,2,normal
14,6,2009,2,1,0.0,0,0,1,2,normal
14,6,395,2,1,0.0,1,1,3,1,normal
14,6,997,2,1,0.0,1,1,1,2,normal
14,6,1501,2,1,0.0,0,0,3,2,normal
14,6,354,2,1,0.0,1,1,0,2,normal
14,6,1397,2,1,0.0,1,1,1,2,normal
14,6,3314,2,1,0.0,1,1,1,2,normal
14,6,359,2,1,0.0,1,1,2,2,normal
14,6,2473,2,1,0.0,0,0,2,2,normal
14,6,2754,2,1,0.0,0,0,2,0,normal
14,6,2346,2,1,0.0,1,1,1,2,normal
14,6,2857,2,1,0.0,1,1,0,2,normal
14,6,685,2,1,0.0,1,1,2,2,normal
15,6,3153,2,1,0.0,1,1,2,2,normal
15,6,3007,2,1,0.0,1,1,0,0,normal
15,6,1812,2,1,0.0,0,0,2,2,normal
15,6,2228,2,1,0.0,1,1,1,2,normal
15,6,2173,2,1,0.0,0,0,2,0,normal
15,6,2662,2,1,0.0,1,1,0,2,normal
15,6,1983,2,1,0.0,1,1,2,2,normal
15,6,2782,2,1,0.0,1,1,0,2,normal
15,6,2331,2,1,0.0,1,1,0,2,normal
15,6,514,2,1,0.0,0,0,2,2,normal
15,6,1865,2,1,0.0,1,1,0,2,normal
15,6,1281,2,1,0.0,1,1,1,2,normal
15,6,1889,2,1,0.0,1,1,2,1,normal
15,6,1683,2,1,0.0,1,1,3,2,normal
15,6,3027,2,1,0.0,0,0,3,2,normal
15,6,669,2,1,0.0,1,1,0,2,normal
16,6,1358,2,1,0.0,1,1,3,2,normal
16,6,1226,2,1,0.0,0,0,3,2,normal
16,6,3003,2,1,0.0,0,0,2,0,normal
16,6,2975,2,1,0.0,1,1,0,1,normal
16,6,1158,2,1,0.0,1,1,3,2,normal
16,6,3061,2,1,0.0,1,1,0,2,normal
16,6,1515,2,1,0.0,1,1,0,2,normal
16,6,1311,2,1,0.0,1,1,3,1,normal
16,6,493,2,1,0.0,1,1,2,0,normal
16,6,1315,2,1,0.0,1,1,0,2,normal
16,6,2147,2,1,0.0,1,1,2,2,normal
16,6,2604,2,1,0.0,1,1,1,2,normal
16,6,85,2,1,0.0,1,1,2,2,normal
16,6,3386,2,1,0.0,1,1,2,2,normal
17,6,1425,2,1,0.0,1,1,1,2,normal
17,6,1092,2,1,0.0,1,1,3,0,normal
17,6,2533,2,1,0.0,1,1,3,1,normal
17,6,945,2,1,0.0,1,1,1,1,normal
17,6,2705,2,1,0.0,1,1,2,1,normal
18,6,2838,2,1,0.0,1,1,0,2,normal
18,6,2017,2,1,0.0,1,1,1,1,normal
18,6,862,2,1,0.0,1,1,2,2,normal
19,6,1461,2,1,0.0,1,1,2,2,normal
19,6,1026,2,1,0.0,1,1,2,2,normal
20,6,2388,2,1,0.0,0,0,2,2,normal
21,6,1300,2,1,0.0,1,1,2,2,normal
21,6,399,2,1,0.0,1,1,0,2,normal
2,0,0,1,1,0.0,1,1,2,2,anomaly_brute_force
2,0,0,1,1,0.0,1,1,2,2,anomaly_brute_force
2,0,0,1,1,0.0,1,1,2,2,anomaly_brute_force
2,0,0,1,1,0.0,1,1,2,2,anomaly_brute_force
2,0,0,1,1,0.0,1,1,2,2,anomaly_brute_force
2,0,0,1,1,0.0,1,1,2,2,anomaly_brute_force
2,0,0,1,1,0.0,1,1,2,2,anomaly_brute_force
2,0,0,1,1,0.0,1,1,2,2,anomaly_brute_force
2,0,0,1,1,0.0,1,1,2,2,anomaly_brute_force
2,0,0,1,1,0.0,1,1,2,2,anomaly_brute_force
2,0,0,1,1,0.0,1,1,2,2,anomaly_brute_force
2,0,0,1,1,0.0,1,1,2,2,anomaly_brute_force
2,0,0,1,1,0.0,1,1,2,2,anomaly_brute_force
2,0,0,1,1,0.0,1,1,2,2,anomaly_brute_force
2,0,0,1,1,0.0,1,1,2,2,anomaly_brute_force
3,0,60,2,1,0.0,1,1,3,2,anomaly_low_slow_exfil
4,0,61,2,1,0.0,1,1,2,2,normal
7,0,606,2,1,0.0,1,1,0,2,normal
7,0,2669,2,1,0.0,1,1,2,2,normal
7,0,2909,2,1,0.0,1,1,3,2,normal
7,0,1767,2,1,0.0,1,1,3,1,normal
7,0,1812,2,1,0.0,1,1,3,2,normal
7,0,3175,2,1,0.0,1,1,3,2,normal
8,0,3430,2,1,0.0,1,1,2,2,normal
8,0,1025,2,1,0.0,1,1,3,2,normal
8,0,3066,2,1,0.0,0,0,2,2,normal
8,0,573,2,1,0.0,1,1,0,2,normal
8,0,2924,2,1,0.0,1,1,1,0,normal
8,0,1867,2,1,0.0,1,1,2,0,normal
8,0,3412,2,1,0.0,1,1,3,2,normal
8,0,2171,2,1,0.0,1,1,1,2,normal
8,0,3031,2,1,0.0,1,1,2,2,normal
9,0,1855,2,1,0.0,1,1,0,2,normal
9,0,2870,2,1,0.0,1,1,1,2,normal
9,0,2379,2,1,0.0,1,1,0,2,normal
9,0,3547,2,1,0.0,1,1,1,2,normal
9,0,2920,2,1,0.0,1,1,0,0,normal
9,0,3103,2,1,0.0,1,1,0,1,normal
9,0,1761,2,1,0.0,1,1,2,1,normal
9,0,1755,2,1,0.0,1,1,3,0,normal
9,0,3059,2,1,0.0,1,1,3,2,normal
9,0,524,2,1,0.0,1,1,1,0,normal
9,0,31,2,1,0.0,1,1,2,2,normal
9,0,3049,2,1,0.0,1,1,3,2,normal
9,0,1868,2,1,0.0,1,1,0,2,normal
9,0,1577,2,1,0.0,1,1,1,2,normal
9,0,1620,2,1,0.0,1,1,3,2,normal
9,0,1322,2,1,0.0,1,1,3,2,normal
9,0,3056,2,1,0.0,1,1,0,2,normal
9,0,1312,2,1,0.0,1,1,0,2,normal
10,0,300,2,1,0.0,1,1,1,1,edge_case_insider_drift
10,0,570,2,1,0.0,1,1,3,0,normal
10,0,497,2,1,0.0,1,1,2,2,normal
10,0,3243,2,1,0.0,1,1,1,1,normal
10,0,2651,2,1,0.0,1,1,2,2,normal
10,0,80,2,1,0.0,1,1,2,0,normal
10,0,865,2,1,0.0,1,1,1,0,normal
10,0,2433,2,1,0.0,1,1,0,2,normal
10,0,2216,2,1,0.0,1,1,1,2,normal
10,0,1630,2,1,0.0,1,1,1,2,normal
10,0,3570,2,1,0.0,1,1,2,2,normal
10,0,145,2,1,0.0,1,1,3,2,normal
10,0,1970,2,1,0.0,1,1,1,2,normal
10,0,486,2,1,0.0,1,1,1,2,normal
11,0,3071,2,1,0.0,1,1,3,0,normal
11,0,1351,2,1,0.0,1,1,0,0,normal
11,0,118,2,1,0.0,1,1,1,2,normal
11,0,2635,2,1,0.0,1,1,0,0,normal
11,0,896,2,1,0.0,1,1,3,0,normal
11,0,2088,2,1,0.0,1,1,0,2,normal
11,0,2322,2,1,0.0,1,1,1,2,normal
11,0,1240,2,1,0.0,1,1,1,2,normal
11,0,3296,2,1,0.0,1,1,2,2,normal
11,0,2628,2,1,0.0,1,1,3,2,normal
11,0,1268,2,1,0.0,1,1,1,0,normal
11,0,1192,2,1,0.0,1,1,3,2,normal
11,0,2745,2,1,0.0,0,0,1,1,normal
11,0,2542,2,1,0.0,1,1,2,2,normal
11,0,3297,2,1,0.0,1,1,3,2,normal
11,0,1299,2,1,0.0,1,1,0,2,normal
12,0,3096,2,1,0.0,1,1,1,2,normal
12,0,1351,2,1,0.0,1,1,0,2,normal
12,0,3207,2,1,0.0,1,1,2,2,normal
12,0,779,2,1,0.0,1,1,0,2,normal
12,0,282,2,1,0.0,1,1,1,2,normal
12,0,2694,2,1,0.0,1,1,3,1,normal
12,0,469,2,1,0.0,1,1,3,2,normal
12,0,3594,2,1,0.0,1,1,3,2,normal
12,0,439,2,1,0.0,1,1,1,0,normal
12,0,214,2,1,0.0,1,1,3,2,normal
12,0,2793,2,1,0.0,1,1,3,2,normal
12,0,638,2,1,0.0,1,1,1,2,normal
12,0,2286,2,1,0.0,1,1,2,2,normal
12,0,3253,2,1,0.0,1,1,2,0,normal
12,0,3382,2,1,0.0,1,1,0,2,normal
12,0,2632,2,1,0.0,1,1,3,2,normal
12,0,822,2,1,0.0,1,1,2,0,normal
13,0,2353,2,1,0.0,1,1,2,2,normal
13,0,948,2,1,0.0,1,1,0,1,normal
13,0,271,2,1,0.0,1,1,1,2,normal
13,0,76,2,1,0.0,1,1,0,2,normal
13,0,922,2,1,0.0,1,1,1,2,normal
13,0,3140,2,1,0.0,1,1,3,0,normal
13,0,489,2,1,0.0,0,0,1,2,normal
13,0,3171,2,1,0.0,1,1,3,2,normal
13,0,600,2,1,0.0,1,1,1,2,normal
13,0,1368,2,1,0.0,1,1,2,2,normal
14,0,530,2,1,0.0,1,1,3,1,normal
14,0,2443,2,1,0.0,1,1,0,2,normal
14,0,2591,2,1,0.0,1,1,0,2,normal
14,0,3060,2,1,0.0,1,1,3,2,normal
14,0,993,2,1,0.0,1,1,3,1,normal
14,0,172,2,1,0.0,1,1,0,1,normal
14,0,308,2,1,0.0,1,1,3,0,normal
14,0,56,2,1,0.0,1,1,3,2,normal
14,0,3277,2,1,0.0,1,1,1,2,normal
14,0,1046,2,1,0.0,1,1,0,2,normal
14,0,835,2,1,0.0,1,1,3,2,normal
14,0,3064,2,1,0.0,0,0,1,2,normal
14,0,1655,2,1,0.0,1,1,2,0,normal
14,0,1645,2,1,0.0,1,1,1,2,normal
15,0,1014,2,1,0.0,1,1,1,2,normal
15,0,2863,2,1,0.0,1,1,1,0,normal
15,0,3310,2,1,0.0,1,1,2,2,normal
15,0,2168,2,1,0.0,1,1,1,0,normal
15,0,1641,2,1,0.0,1,1,3,2,normal
15,0,1221,2,1,0.0,1,1,3,1,normal
15,0,3092,2,1,0.0,1,1,0,2,normal
15,0,3419,2,1,0.0,1,1,3,2,normal
15,0,629,2,1,0.0,1,1,0,0,normal
15,0,1646,2,1,0.0,1,1,1,2,normal
15,0,1194,2,1,0.0,1,1,3,2,normal
15,0,2824,2,1,0.0,1,1,3,2,normal
15,0,1692,2,1,0.0,1,1,3,2,normal
15,0,402,2,1,0.0,1,1,0,0,normal
15,0,2229,2,1,0.0,1,1,3,2,normal
15,0,3332,2,1,0.0,1,1,3,2,normal
15,0,3154,2,1,0.0,1,1,2,2,normal
15,0,2490,2,1,0.0,1,1,3,2,normal
15,0,3019,2,1,0.0,1,1,3,1,normal
15,0,3266,2,1,0.0,1,1,3,2,normal
15,0,2029,2,1,0.0,1,1,0,0,normal
15,0,2227,2,1,0.0,1,1,0,2,normal
15,0,2885,2,1,0.0,1,1,2,2,normal
16,0,140,2,1,0.0,1,1,1,2,normal
16,0,471,2,1,0.0,1,1,2,2,normal
16,0,3276,2,1,0.0,1,1,2,1,normal
16,0,2479,2,1,0.0,1,1,1,2,normal
16,0,2920,2,1,0.0,1,1,1,2,normal
16,0,1312,2,1,0.0,1,1,2,2,normal
16,0,1358,2,1,0.0,1,1,2,2,normal
16,0,3564,2,1,0.0,1,1,2,2,normal
17,0,3397,2,1,0.0,1,1,2,2,normal
17,0,1977,2,1,0.0,1,1,3,2,normal
17,0,1652,2,1,0.0,1,1,2,2,normal
17,0,433,2,1,0.0,1,1,2,2,normal
17,0,151,2,1,0.0,1,1,3,2,normal
17,0,196,2,1,0.0,1,1,1,2,normal
17,0,3417,2,1,0.0,1,1,0,2,normal
17,0,2334,2,1,0.0,1,1,3,0,normal
17,0,3173,2,1,0.0,1,1,2,2,normal
17,0,2103,2,1,0.0,1,1,2,2,normal
18,0,3532,2,1,0.0,1,1,3,2,normal
18,0,1782,2,1,0.0,1,1,2,2,normal
18,0,3256,2,1,0.0,1,1,1,1,normal
18,0,3318,2,1,0.0,1,1,1,2,normal
19,0,2597,2,1,0.0,1,1,0,0,normal
19,0,2843,2,1,0.0,1,1,1,2,normal
19,0,3239,2,1,0.0,1,1,3,1,normal
19,0,58,2,1,0.0,1,1,3,2,normal
20,0,2096,2,1,0.0,1,1,0,2,normal
20,0,1025,2,1,0.0,1,1,2,1,normal
21,0,1487,2,1,0.0,1,1,0,2,normal
21,0,2219,2,1,0.0,1,1,3,1,normal
3,1,60,2,1,0.0,1,1,3,2,anomaly_low_slow_exfil
5,1,537,2,1,0.0,1,1,2,2,normal
6,1,1841,2,1,0.0,1,1,2,2,normal
6,1,3226,2,1,0.0,1,1,1,2,normal
6,1,1301,2,1,0.0,1,1,2,0,normal
7,1,1240,2,1,0.0,1,1,1,0,normal
7,1,2515,2,1,0.0,1,1,3,0,normal
7,1,667,2,1,0.0,1,1,3,2,normal
7,1,1958,2,1,0.0,1,1,0,2,normal
7,1,1482,2,1,0.0,1,1,1,0,normal
7,1,585,2,1,0.0,1,1,2,0,normal
7,1,254,2,1,0.0,1,1,2,2,normal
8,1,1007,2,1,0.0,1,1,2,2,normal
8,1,3261,2,1,0.0,1,1,2,2,normal
9,1,2577,2,1,0.0,1,1,2,2,normal
9,1,698,2,1,0.0,1,1,0,0,normal
9,1,3278,2,1,0.0,1,1,2,2,normal
9,1,3436,2,1,0.0,1,1,3,1,normal
9,1,385,2,1,0.0,1,1,1,0,normal
9,1,3572,2,1,0.0,1,1,3,2,normal
9,1,3098,2,1,0.0,1,1,0,2,normal
10,1,300,2,1,0.0,1,1,1,1,edge_case_insider_drift
10,1,300,1,1,0.0,1,0,3,2,anomaly_impossible_travel
10,1,300,1,1,0.0,1,0,3,2,anomaly_impossible_travel
10,1,2304,2,1,0.0,1,1,0,2,normal
10,1,201,2,1,0.0,1,1,1,1,normal
10,1,38,2,1,0.0,1,1,3,2,normal
10,1,589,2,1,0.0,1,1,1,2,normal
10,1,2168,2,1,0.0,1,1,1,2,normal
10,1,832,2,1,0.0,1,1,2,2,normal
10,1,585,2,1,0.0,1,1,3,2,normal
10,1,3581,2,1,0.0,1,1,0,2,normal
11,1,2218,2,1,0.0,1,1,2,2,normal
11,1,3013,2,1,0.0,1,1,1,2,normal
11,1,2179,2,1,0.0,1,1,0,2,normal
11,1,79,2,1,0.0,1,1,0,2,normal
11,1,2476,2,1,0.0,1,1,2,2,normal
11,1,339,2,1,0.0,1,1,2,2,normal
11,1,609,2,1,0.0,1,1,3,0,normal
11,1,3190,2,1,0.0,1,1,0,2,normal
11,1,1219,2,1,0.0,1,1,2,2,normal
11,1,229,2,1,0.0,1,1,1,2,normal
11,1,188,2,1,0.0,1,1,2,2,normal
12,1,2507,2,1,0.0,1,1,2,2,normal
12,1,2409,2,1,0.0,1,1,0,2,normal
12,1,236,2,1,0.0,1,1,2,2,normal
12,1,1247,2,1,0.0,1,1,0,2,normal
12,1,371,2,1,0.0,1,1,0,2,normal
12,1,3176,2,1,0.0,1,1,2,2,normal
12,1,1375,2,1,0.0,1,1,2,2,normal
12,1,551,2,1,0.0,1,1,0,2,normal
12,1,114,2,1,0.0,1,1,3,0,normal
12,1,1782,2,1,0.0,1,1,0,2,normal
12,1,2119,2,1,0.0,1,1,2,2,normal
12,1,2410,2,1,0.0,1,1,1,2,normal
12,1,2792,2,1,0.0,1,1,2,1,normal
12,1,1668,2,1,0.0,1,1,0,2,normal
13,1,1646,2,1,0.0,1,1,3,2,normal
13,1,1177,2,1,0.0,1,1,1,2,normal
13,1,2713,2,1,0.0,1,1,3,2,normal
13,1,306,2,1,0.0,1,1,1,2,normal
13,1,598,2,1,0.0,1,1,3,2,normal
13,1,3378,2,1,0.0,1,1,1,0,normal
13,1,2810,2,1,0.0,1,1,3,2,normal
13,1,336,2,1,0.0,1,1,2,2,normal
13,1,1298,2,1,0.0,1,1,0,2,normal
13,1,2233,2,1,0.0,1,1,2,2,normal
13,1,2732,2,1,0.0,1,1,0,0,normal
13,1,3426,2,1,0.0,1,1,3,2,normal
13,1,788,2,1,0.0,1,1,1,2,normal
13,1,3031,2,1,0.0,1,1,1,2,normal
13,1,2941,2,1,0.0,1,1,1,2,normal
14,1,1606,2,1,0.0,1,1,2,2,normal
14,1,716,2,1,0.0,1,1,3,1,normal
14,1,1851,2,1,0.0,1,1,1,2,normal
14,1,1473,2,1,0.0,1,1,1,2,normal
14,1,798,2,1,0.0,1,1,0,2,normal
14,1,1481,2,1,0.0,1,1,2,2,normal
14,1,3433,2,1,0.0,1,1,2,2,normal
14,1,905,2,1,0.0,1,1,0,2,normal
14,1,3356,2,1,0.0,1,1,3,2,normal
14,1,1725,2,1,0.0,1,1,3,2,normal
14,1,3199,2,1,0.0,1,1,3,2,normal
14,1,1708,2,1,0.0,1,1,0,0,normal
14,1,2511,2,1,0.0,1,1,1,2,normal
14,1,49,2,1,0.0,1,1,0,2,normal
14,1,1115,2,1,0.0,1,1,2,2,normal
14,1,2086,2,1,0.0,1,1,2,2,normal
14,1,2454,2,1,0.0,1,1,3,2,normal
14,1,664,2,1,0.0,1,1,2,0,normal
15,1,3358,2,1,0.0,1,1,3,2,normal
15,1,179,2,1,0.0,1,1,0,2,normal
15,1,38,2,1,0.0,1,1,3,2,normal
15,1,729,2,1,0.0,1,1,3,2,normal
15,1,3154,2,1,0.0,1,1,2,2,normal
15,1,973,2,1,0.0,1,1,2,2,normal
15,1,1844,2,1,0.0,1,1,1,0,normal
15,1,2036,2,1,0.0,1,1,2,2,normal
15,1,372,2,1,0.0,1,1,2,2,normal
15,1,2460,2,1,0.0,1,1,1,2,normal
15,1,276,2,1,0.0,1,1,3,2,normal
15,1,1232,2,1,0.0,1,1,3,2,normal
15,1,3144,2,1,0.0,1,1,2,2,normal
15,1,3090,2,1,0.0,1,1,0,2,normal
15,1,2873,2,1,0.0,1,1,1,2,normal
16,1,189,2,1,0.0,1,1,3,2,normal
16,1,1084,2,1,0.0,1,1,1,1,normal
16,1,3280,2,1,0.0,1,1,2,2,normal
16,1,1642,2,1,0.0,1,1,3,2,normal
16,1,2423,2,1,0.0,1,1,3,2,normal
16,1,349,2,1,0.0,1,1,3,2,normal
16,1,3348,2,1,0.0,1,1,3,2,normal
16,1,2577,2,1,0.0,1,1,2,0,normal
16,1,73,2,1,0.0,1,1,2,1,normal
17,1,1447,2,1,0.0,1,1,1,2,normal
17,1,2824,2,1,0.0,1,1,0,2,normal
17,1,1062,2,1,0.0,1,1,0,0,normal
17,1,966,2,1,0.0,1,1,2,2,normal
17,1,1832,2,1,0.0,1,1,1,2,normal
17,1,2775,2,1,0.0,1,1,1,2,normal
17,1,127,2,1,0.0,1,1,3,2,normal
17,1,2811,2,1,0.0,1,1,1,0,normal
17,1,2880,2,1,0.0,1,1,0,2,normal
18,1,619,2,1,0.0,1,1,0,2,normal
18,1,2443,2,1,0.0,1,1,1,2,normal
19,1,532,2,1,0.0,1,1,3,2,normal
19,1,2238,2,1,0.0,1,1,0,1,normal
19,1,2315,2,1,0.0,1,1,0,2,normal
19,1,3201,2,1,0.0,1,1,0,1,normal
20,1,541,2,1,0.0,1,1,2,2,normal
3,2,0,1,1,0.0,0,0,2,2,anomaly_credential_stuffing
3,2,60,2,1,0.0,1,1,3,2,anomaly_low_slow_exfil
3,2,0,1,1,0.0,0,0,2,2,anomaly_credential_stuffing
3,2,0,1,1,0.0,0,0,2,2,anomaly_credential_stuffing
3,2,0,1,1,0.0,0,0,2,2,anomaly_credential_stuffing
3,2,0,1,1,0.0,0,0,2,2,anomaly_credential_stuffing
3,2,0,1,1,0.0,0,0,2,2,anomaly_credential_stuffing
3,2,0,1,1,0.0,0,0,2,2,anomaly_credential_stuffing
3,2,0,1,1,0.0,0,0,2,2,anomaly_credential_stuffing
3,2,0,1,1,0.0,0,0,2,2,anomaly_credential_stuffing
3,2,0,1,1,0.0,0,0,2,2,anomaly_credential_stuffing
3,2,0,1,1,0.0,0,0,2,2,anomaly_credential_stuffing
3,2,0,1,1,0.0,0,0,2,2,anomaly_credential_stuffing
3,2,0,1,1,0.0,0,0,2,2,anomaly_credential_stuffing
3,2,0,1,1,0.0,0,0,2,2,anomaly_credential_stuffing
3,2,0,1,1,0.0,0,0,2,2,anomaly_credential_stuffing
3,2,0,1,1,0.0,0,0,2,2,anomaly_credential_stuffing
3,2,0,1,1,0.0,0,0,2,2,anomaly_credential_stuffing
3,2,0,1,1,0.0,0,0,2,2,anomaly_credential_stuffing
3,2,0,1,1,0.0,0,0,2,2,anomaly_credential_stuffing
3,2,0,1,1,0.0,0,0,2,2,anomaly_credential_stuffing
3,2,161,2,1,0.0,1,1,1,2,normal
6,2,488,2,1,0.0,1,1,2,2,normal
6,2,1976,2,1,0.0,1,1,3,2,normal
6,2,1926,2,1,0.0,1,1,3,2,normal
7,2,2842,2,1,0.0,1,1,0,2,normal
7,2,951,2,1,0.0,1,1,0,2,normal
7,2,1322,2,1,0.0,1,1,2,2,normal
8,2,100,2,1,0.0,1,1,0,2,normal
8,2,2226,2,1,0.0,1,1,2,2,normal
8,2,1865,2,1,0.0,1,1,0,2,normal
8,2,1323,2,1,0.0,1,1,0,2,normal
8,2,2101,2,1,0.0,1,1,0,2,normal
9,2,2582,2,1,0.0,1,1,1,2,normal
9,2,2820,2,1,0.0,1,1,0,2,normal
9,2,1134,2,1,0.0,1,1,1,2,normal
9,2,3573,2,1,0.0,1,1,0,2,normal
9,2,855,2,1,0.0,1,1,1,2,normal
9,2,1684,2,1,0.0,1,1,0,1,normal
9,2,2847,2,1,0.0,1,1,3,2,normal
9,2,918,2,1,0.0,1,1,1,2,normal
9,2,2627,2,1,0.0,1,1,3,2,normal
9,2,811,2,1,0.0,1,1,0,2,normal
9,2,2759,2,1,0.0,1,1,1,2,normal
9,2,3436,2,1,0.0,1,1,0,2,normal
9,2,2972,2,1,0.0,1,1,2,2,normal
9,2,845,2,1,0.0,1,1,1,2,normal
10,2,300,2,1,0.0,1,1,1,1,edge_case_insider_drift
10,2,445,2,1,0.0,1,1,1,2,normal
10,2,3334,2,1,0.0,1,1,0,2,normal
10,2,317,2,1,0.0,1,1,2,0,normal
10,2,1713,2,1,0.0,1,1,3,2,normal
10,2,2516,2,1,0.0,1,1,3,1,normal
10,2,3144,2,1,0.0,1,1,3,2,normal
10,2,1495,2,1,0.0,1,1,3,2,normal
10,2,922,2,1,0.0,1,1,0,2,normal
10,2,1748,2,1,0.0,1,1,3,0,normal
10,2,2400,2,1,0.0,1,1,0,2,normal
10,2,2197,2,1,0.0,1,1,0,2,normal
11,2,1217,2,1,0.0,1,1,3,2,normal
11,2,1542,2,1,0.0,1,1,3,1,normal
11,2,2234,2,1,0.0,1,1,3,2,normal
11,2,1253,2,1,0.0,1,1,3,0,normal
11,2,3403,2,1,0.0,1,1,3,2,normal
11,2,1855,2,1,0.0,1,1,1,2,normal
11,2,1063,2,1,0.0,1,1,3,2,normal
11,2,2206,2,1,0.0,1,1,3,2,normal
11,2,323,2,1,0.0,1,1,3,2,normal
11,2,1860,2,1,0.0,1,1,3,2,normal
11,2,908,2,1,0.0,1,1,3,1,normal
12,2,1083,2,1,0.0,1,1,3,2,normal
12,2,988,2,1,0.0,1,1,2,2,normal
12,2,1294,2,1,0.0,1,1,3,2,normal
12,2,2606,2,1,0.0,1,1,3,2,normal
12,2,1005,2,1,0.0,1,1,0,1,normal
12,2,3088,2,1,0.0,1,1,0,2,normal
12,2,544,2,1,0.0,1,1,2,2,normal
12,2,1053,2,1,0.0,1,1,0,2,normal
12,2,3371,2,1,0.0,1,1,3,2,normal
12,2,704,2,1,0.0,1,1,1,2,normal
12,2,2539,2,1,0.0,1,1,2,0,normal
12,2,252,2,1,0.0,1,1,0,0,normal
12,2,111,2,1,0.0,1,1,3,2,normal
12,2,3327,2,1,0.0,1,1,3,0,normal
12,2,547,2,1,0.0,1,1,2,2,normal
12,2,1369,2,1,0.0,1,1,1,2,normal
12,2,689,2,1,0.0,1,1,1,2,normal
13,2,31,2,1,0.0,1,1,3,2,normal
13,2,398,2,1,0.0,1,1,0,2,normal
13,2,2371,2,1,0.0,1,1,3,2,normal
13,2,153,2,1,0.0,1,1,0,1,normal
13,2,2506,2,1,0.0,1,1,2,2,normal
13,2,3098,2,1,0.0,1,1,3,2,normal
13,2,65,2,1,0.0,1,1,1,2,normal
13,2,3560,2,1,0.0,1,1,3,2,normal
13,2,3101,2,1,0.0,1,1,2,2,normal
13,2,3190,2,1,0.0,1,1,0,2,normal
13,2,694,2,1,0.0,1,1,0,2,normal
13,2,2497,2,1,0.0,1,1,3,2,normal
13,2,3595,2,1,0.0,1,1,2,2,normal
14,2,2536,2,1,0.0,1,1,2,2,normal
14,2,1699,2,1,0.0,1,1,0,2,normal
14,2,2862,2,1,0.0,1,1,1,2,normal
14,2,1360,2,1,0.0,1,1,0,2,normal
14,2,2771,2,1,0.0,1,1,0,2,normal
14,2,76,2,1,0.0,1,1,2,2,normal
14,2,1897,2,1,0.0,1,1,1,2,normal
14,2,932,2,1,0.0,1,1,3,2,normal
14,2,1838,2,1,0.0,1,1,3,2,normal
14,2,2491,2,1,0.0,1,1,3,2,normal
14,2,897,2,1,0.0,1,1,2,2,normal
15,2,3079,2,1,0.0,1,1,3,2,normal
15,2,894,2,1,0.0,1,1,3,2,normal
15,2,2820,2,1,0.0,1,1,2,2,normal
15,2,1978,2,1,0.0,1,1,3,2,normal
15,2,401,2,1,0.0,1,1,0,2,normal
15,2,649,2,1,0.0,1,1,1,2,normal
15,2,2727,2,1,0.0,1,1,0,2,normal
15,2,2552,2,1,0.0,1,1,2,2,normal
15,2,2733,2,1,0.0,1,1,0,2,normal
15,2,2568,2,1,0.0,1,1,1,2,normal
15,2,856,2,1,0.0,1,1,3,2,normal
15,2,1873,2,1,0.0,1,1,0,2,normal
15,2,1562,2,1,0.0,1,1,3,2,normal
15,2,2163,2,1,0.0,1,1,1,2,normal
15,2,2300,2,1,0.0,1,1,2,2,normal
16,2,2457,2,1,0.0,1,1,1,1,normal
16,2,3418,2,1,0.0,1,1,1,2,normal
16,2,2448,2,1,0.0,1,1,0,2,normal
16,2,3443,2,1,0.0,1,1,2,2,normal
16,2,1468,2,1,0.0,1,1,2,1,normal
16,2,2268,2,1,0.0,1,1,3,2,normal
16,2,2284,2,1,0.0,1,1,0,2,normal
16,2,295,2,1,0.0,1,1,2,1,normal
16,2,2818,2,1,0.0,1,1,2,2,normal
16,2,3167,2,1,0.0,1,1,2,2,normal
16,2,3055,2,1,0.0,1,1,2,0,normal
16,2,1026,2,1,0.0,1,1,3,1,normal
16,2,2872,2,1,0.0,1,1,2,1,normal
16,2,1244,2,1,0.0,1,1,2,2,normal
17,2,916,2,1,0.0,1,1,2,1,normal
17,2,1705,2,1,0.0,1,1,2,2,normal
17,2,1586,2,1,0.0,1,1,1,1,normal
17,2,1381,2,1,0.0,1,1,2,1,normal
17,2,2526,2,1,0.0,1,1,3,1,normal
17,2,749,2,1,0.0,1,1,2,2,normal
17,2,503,2,1,0.0,1,1,3,2,normal
17,2,2880,2,1,0.0,1,1,1,2,normal
18,2,3478,2,1,0.0,1,1,2,2,normal
18,2,1394,2,1,0.0,1,1,1,2,normal
18,2,1552,2,1,0.0,1,1,3,2,normal
18,2,52,2,1,0.0,1,1,1,2,normal
19,2,1683,2,1,0.0,1,1,2,2,normal
3,3,60,2,1,0.0,1,1,3,2,anomaly_low_slow_exfil
5,3,1290,2,1,0.0,1,1,2,0,normal
6,3,3476,2,1,0.0,1,1,1,0,normal
6,3,2490,2,1,0.0,1,1,2,2,normal
6,3,2514,2,1,0.0,1,1,3,2,normal
6,3,3167,2,1,0.0,1,1,3,2,normal
6,3,3179,2,1,0.0,1,1,1,2,normal
6,3,770,2,1,0.0,1,1,2,2,normal
6,3,1613,2,1,0.0,1,1,1,2,normal
7,3,1875,2,1,0.0,1,1,3,2,normal
7,3,2516,2,1,0.0,1,1,0,0,normal
7,3,2402,2,1,0.0,1,1,3,2,normal
7,3,2259,2,1,0.0,1,1,2,2,normal
7,3,2726,2,1,0.0,1,1,0,0,normal
7,3,3566,2,1,0.0,1,1,1,2,normal
7,3,749,2,1,0.0,1,1,0,2,normal
7,3,77,2,1,0.0,1,1,2,0,normal
7,3,2794,2,1,0.0,1,1,2,2,normal
8,3,2684,2,1,0.0,1,1,1,2,normal
8,3,2462,2,1,0.0,1,1,3,2,normal
8,3,3145,2,1,0.0,1,1,2,2,normal
8,3,2090,2,1,0.0,1,1,3,2,normal
8,3,1521,2,1,0.0,1,1,0,2,normal
8,3,180,2,1,0.0,1,1,0,2,normal
8,3,2183,2,1,0.0,1,1,0,2,normal
8,3,2289,2,1,0.0,1,1,3,2,normal
9,3,2378,2,1,0.0,1,1,2,2,normal
9,3,1481,2,1,0.0,1,1,2,2,normal
9,3,2451,2,1,0.0,1,1,3,2,normal
9,3,2578,2,1,0.0,1,1,3,2,normal
9,3,3290,2,1,0.0,1,1,0,2,normal
9,3,3320,2,1,0.0,1,1,0,2,normal
9,3,2294,2,1,0.0,1,1,2,2,normal
9,3,2104,2,1,0.0,1,1,2,2,normal
9,3,1502,2,1,0.0,1,1,0,2,normal
9,3,150,2,1,0.0,1,1,2,2,normal
9,3,1194,2,1,0.0,1,1,2,0,normal
9,3,865,2,1,0.0,1,1,2,2,normal
10,3,300,2,1,0.0,1,1,1,1,edge_case_insider_drift
10,3,1042,2,1,0.0,1,1,2,1,normal
10,3,1093,2,1,0.0,1,1,3,2,normal
10,3,2179,2,1,0.0,1,1,2,2,normal
10,3,1734,2,1,0.0,1,1,2,2,normal
10,3,2030,2,1,0.0,1,1,3,2,normal
10,3,1357,2,1,0.0,1,1,2,2,normal
10,3,1861,2,1,0.0,1,1,3,0,normal
10,3,208,2,1,0.0,1,1,0,2,normal
10,3,1321,2,1,0.0,1,1,0,2,normal
10,3,1608,2,1,0.0,1,1,1,2,normal
10,3,2916,2,1,0.0,1,1,2,0,normal
10,3,830,2,1,0.0,1,1,3,2,normal
10,3,2902,2,1,0.0,1,1,0,2,normal
10,3,2158,2,1,0.0,1,1,1,2,normal
11,3,111,2,1,0.0,1,1,0,1,normal
11,3,375,2,1,0.0,1,1,1,2,normal
11,3,2477,2,1,0.0,1,1,3,2,normal
11,3,1651,2,1,0.0,1,1,3,1,normal
11,3,1533,2,1,0.0,1,1,3,2,normal
11,3,203,2,1,0.0,1,1,0,2,normal
11,3,3448,2,1,0.0,1,1,0,2,normal
11,3,1224,2,1,0.0,1,1,2,2,normal
11,3,2691,2,1,0.0,1,1,2,2,normal
11,3,993,2,1,0.0,1,1,3,2,normal
11,3,1457,2,1,0.0,1,1,1,2,normal
11,3,572,2,1,0.0,1,1,3,2,normal
11,3,705,2,1,0.0,1,1,2,2,normal
11,3,2783,2,1,0.0,1,1,2,2,normal
11,3,890,2,1,0.0,1,1,2,2,normal
11,3,2131,2,1,0.0,1,1,2,2,normal
11,3,932,2,1,0.0,1,1,1,2,normal
12,3,1595,2,1,0.0,1,1,0,1,normal
12,3,1535,2,1,0.0,1,1,2,2,normal
12,3,2015,2,1,0.0,1,1,0,2,normal
12,3,3269,2,1,0.0,1,1,3,2,normal
12,3,2588,2,1,0.0,1,1,0,1,normal
12,3,1291,2,1,0.0,1,1,0,0,normal
12,3,1520,2,1,0.0,1,1,1,0,normal
12,3,3485,2,1,0.0,1,1,3,0,normal
12,3,890,2,1,0.0,1,1,0,2,normal
12,3,3219,2,1,0.0,1,1,0,2,normal
13,3,2359,2,1,0.0,1,1,3,1,normal
13,3,443,2,1,0.0,1,1,2,0,normal
13,3,3150,2,1,0.0,1,1,2,2,normal
13,3,1850,2,1,0.0,1,1,1,2,normal
13,3,541,2,1,0.0,1,1,1,2,normal
13,3,660,2,1,0.0,1,1,0,2,normal
13,3,2455,2,1,0.0,1,1,1,2,normal
13,3,3121,2,1,0.0,1,1,3,2,normal
13,3,2995,2,1,0.0,1,1,3,2,normal
13,3,3521,2,1,0.0,1,1,0,2,normal
13,3,279,2,1,0.0,1,1,1,0,normal
13,3,702,2,1,0.0,1,1,0,2,normal
13,3,1719,2,1,0.0,1,1,1,1,normal
13,3,2713,2,1,0.0,1,1,1,2,normal
13,3,2848,2,1,0.0,1,1,3,2,normal
13,3,2557,2,1,0.0,1,1,1,2,normal
13,3,2169,2,1,0.0,1,1,2,0,normal
13,3,593,2,1,0.0,1,1,0,2,normal
14,3,1200,3,1,0.0,1,1,3,2,anomaly_lateral_movement
14,3,2902,2,1,0.0,1,1,0,0,normal
14,3,287,2,1,0.0,1,1,3,1,normal
14,3,360,2,1,0.0,1,1,0,1,normal
14,3,1257,2,1,0.0,1,1,3,1,normal
14,3,740,2,1,0.0,1,1,0,1,normal
14,3,2513,2,1,0.0,1,1,2,0,normal
14,3,92,2,1,0.0,1,1,3,2,normal
14,3,480,2,1,0.0,1,1,2,1,normal
14,3,1443,2,1,0.0,1,1,3,2,normal
14,3,1132,2,1,0.0,1,1,2,2,normal
14,3,522,2,1,0.0,1,1,3,2,normal
14,3,1896,2,1,0.0,1,1,0,2,normal
14,3,2961,2,1,0.0,1,1,2,2,normal
14,3,779,2,1,0.0,1,1,2,1,normal
14,3,841,2,1,0.0,1,1,2,2,normal
14,3,2999,2,1,0.0,1,1,1,2,normal
14,3,1980,2,1,0.0,1,1,1,2,normal
15,3,1640,2,1,0.0,1,1,3,2,normal
15,3,3155,2,1,0.0,1,1,2,2,normal
15,3,694,2,1,0.0,1,1,0,2,normal
15,3,2370,2,1,0.0,1,1,0,1,normal
15,3,1064,2,1,0.0,1,1,1,1,normal
15,3,1512,2,1,0.0,1,1,1,2,normal
15,3,2291,2,1,0.0,1,1,2,0,normal
15,3,3328,2,1,0.0,1,1,3,2,normal
15,3,2828,2,1,0.0,1,1,3,2,normal
16,3,2847,2,1,0.0,1,1,2,2,normal
16,3,2550,2,1,0.0,1,1,3,1,normal
16,3,1724,2,1,0.0,1,1,0,2,normal
16,3,215,2,1,0.0,1,1,1,2,normal
16,3,506,2,1,0.0,1,1,3,2,normal
16,3,1411,2,1,0.0,1,1,0,0,normal
16,3,2084,2,1,0.0,1,1,2,2,normal
16,3,320,2,1,0.0,1,1,3,2,normal
16,3,2661,2,1,0.0,1,1,0,2,normal
16,3,1214,2,1,0.0,1,1,1,1,normal
16,3,1026,2,1,0.0,1,1,1,1,normal
16,3,84,2,1,0.0,1,1,2,1,normal
16,3,315,2,1,0.0,1,1,3,2,normal
16,3,150,2,1,0.0,1,1,1,2,normal
16,3,2668,2,1,0.0,1,1,0,2,normal
16,3,829,2,1,0.0,1,1,1,2,normal
16,3,3154,2,1,0.0,1,1,1,2,normal
16,3,2132,2,1,0.0,1,1,1,2,normal
16,3,940,2,1,0.0,1,1,3,2,normal
16,3,1843,2,1,0.0,1,1,2,1,normal
17,3,310,2,1,0.0,1,1,2,2,normal
17,3,1259,2,1,0.0,1,1,3,0,normal
17,3,1450,2,1,0.0,1,1,2,2,normal
17,3,2213,2,1,0.0,1,1,3,1,normal
17,3,3482,2,1,0.0,1,1,0,2,normal
17,3,685,2,1,0.0,1,1,3,2,normal
18,3,3282,2,1,0.0,1,1,2,2,normal
18,3,1699,2,1,0.0,1,1,1,2,normal
18,3,3212,2,1,0.0,1,1,3,2,normal
18,3,2998,2,1,0.0,1,1,0,2,normal
18,3,485,2,1,0.0,1,1,2,2,normal
18,3,2574,2,1,0.0,1,1,0,1,normal
18,3,237,2,1,0.0,1,1,1,1,normal
18,3,2175,2,1,0.0,1,1,2,2,normal
18,3,3334,2,1,0.0,1,1,1,2,normal
19,3,1902,2,1,0.0,1,1,3,1,normal
19,3,1714,2,1,0.0,1,1,1,2,normal
19,3,1344,2,1,0.0,1,1,2,2,normal
19,3,3107,2,1,0.0,1,1,0,2,normal
21,3,1651,2,1,0.0,1,1,3,1,normal
4,4,702,2,1,0.0,1,1,3,2,normal
6,4,2994,2,1,0.0,1,1,0,2,normal
6,4,620,2,1,0.0,1,1,0,2,normal
6,4,2831,2,1,0.0,1,1,2,2,normal
6,4,3130,2,1,0.0,1,1,1,2,normal
6,4,633,2,1,0.0,1,1,0,2,normal
6,4,901,2,1,0.0,1,1,0,2,normal
6,4,1897,2,1,0.0,1,1,3,2,normal
7,4,1143,2,1,0.0,1,1,1,2,normal
7,4,2249,2,1,0.0,1,1,2,2,normal
7,4,2439,2,1,0.0,1,1,3,2,normal
8,4,1029,2,1,0.0,1,1,1,2,normal
8,4,558,2,1,0.0,1,1,3,0,normal
8,4,3239,2,1,0.0,1,1,1,2,normal
8,4,603,2,1,0.0,1,1,1,2,normal
8,4,2822,2,1,0.0,1,1,1,2,normal
8,4,1178,2,1,0.0,1,1,2,2,normal
8,4,1461,2,1,0.0,1,1,2,2,normal
9,4,500,1,1,0.0,0,1,3,2,anomaly_device_spoofing
9,4,2382,2,1,0.0,1,1,2,2,normal
9,4,1257,2,1,0.0,1,1,2,1,normal
9,4,2387,2,1,0.0,1,1,1,2,normal
9,4,1913,2,1,0.0,1,1,3,2,normal
9,4,1488,2,1,0.0,1,1,0,2,normal
9,4,357,2,1,0.0,1,1,3,2,normal
9,4,1945,2,1,0.0,1,1,2,2,normal
9,4,892,2,1,0.0,1,1,2,2,normal
9,4,1090,2,1,0.0,1,1,3,2,normal
10,4,300,2,1,0.0,1,1,1,1,edge_case_insider_drift
10,4,1584,2,1,0.0,1,1,2,2,normal
10,4,28,2,1,0.0,1,1,2,1,normal
10,4,3436,2,1,0.0,1,1,1,2,normal
10,4,683,2,1,0.0,1,1,3,2,normal
10,4,2917,2,1,0.0,1,1,3,2,normal
10,4,662,2,1,0.0,1,1,1,0,normal
10,4,2894,2,1,0.0,1,1,2,2,normal
10,4,1206,2,1,0.0,1,1,1,2,normal
10,4,1914,2,1,0.0,1,1,0,2,normal
10,4,3464,2,1,0.0,1,1,3,2,normal
11,4,1457,2,1,0.0,1,1,3,2,normal
11,4,1725,2,1,0.0,1,1,1,2,normal
11,4,35,2,1,0.0,1,1,0,0,normal
11,4,603,2,1,0.0,1,1,0,2,normal
11,4,3036,2,1,0.0,1,1,0,2,normal
11,4,2136,2,1,0.0,1,1,2,2,normal
11,4,737,2,1,0.0,1,1,2,2,normal
11,4,2001,2,1,0.0,1,1,2,2,normal
11,4,250,2,1,0.0,1,1,0,2,normal
11,4,526,2,1,0.0,1,1,3,2,normal
11,4,906,2,1,0.0,1,1,0,2,normal
11,4,1049,2,1,0.0,1,1,3,2,normal
11,4,3058,2,1,0.0,1,1,1,2,normal
11,4,491,2,1,0.0,1,1,1,2,normal
12,4,1099,2,1,0.0,1,1,1,2,normal
12,4,3004,2,1,0.0,1,1,2,0,normal
12,4,2963,2,1,0.0,1,1,1,2,normal
12,4,883,2,1,0.0,1,1,2,0,normal
12,4,1830,2,1,0.0,1,1,1,0,normal
12,4,2522,2,1,0.0,1,1,1,2,normal
12,4,1769,2,1,0.0,1,1,0,2,normal
12,4,268,2,1,0.0,1,1,1,2,normal
12,4,1001,2,1,0.0,1,1,3,2,normal
12,4,3200,2,1,0.0,1,1,3,2,normal
12,4,1190,2,1,0.0,1,1,0,2,normal
13,4,3462,2,1,0.0,1,1,0,1,normal
13,4,1762,2,1,0.0,1,1,1,2,normal
13,4,1121,2,1,0.0,1,1,1,2,normal
13,4,616,2,1,0.0,1,1,1,1,normal
13,4,396,2,1,0.0,1,1,1,2,normal
13,4,139,2,1,0.0,1,1,3,2,normal
13,4,2890,2,1,0.0,1,1,3,2,normal
13,4,2736,2,1,0.0,1,1,3,2,normal
13,4,697,2,1,0.0,1,1,3,2,normal
13,4,2207,2,1,0.0,1,1,2,2,normal
13,4,2696,2,1,0.0,1,1,2,2,normal
13,4,3091,2,1,0.0,1,1,1,2,normal
13,4,1140,2,1,0.0,1,1,3,2,normal
13,4,1536,2,1,0.0,1,1,3,2,normal
13,4,3074,2,1,0.0,1,1,3,0,normal
13,4,2507,2,1,0.0,1,1,3,2,normal
13,4,1930,2,1,0.0,1,1,1,1,normal
13,4,1612,2,1,0.0,1,1,1,2,normal
13,4,2997,2,1,0.0,1,1,2,1,normal
13,4,2762,2,1,0.0,1,1,3,1,normal
13,4,1863,2,1,0.0,1,1,0,2,normal
13,4,1122,2,1,0.0,1,1,3,2,normal
13,4,3376,2,1,0.0,1,1,1,2,normal
13,4,1970,2,1,0.0,1,1,1,2,normal
13,4,1455,2,1,0.0,1,1,2,2,normal
13,4,1068,2,1,0.0,1,1,0,2,normal
14,4,2392,2,1,0.0,1,1,2,0,normal
14,4,1910,2,1,0.0,1,1,3,2,normal
14,4,2782,2,1,0.0,1,1,2,2,normal
14,4,456,2,1,0.0,1,1,1,2,normal
14,4,2498,2,1,0.0,1,1,1,1,normal
14,4,3259,2,1,0.0,1,1,3,2,normal
14,4,1658,2,1,0.0,1,1,0,2,normal
14,4,2154,2,1,0.0,1,1,0,1,normal
14,4,1205,2,1,0.0,1,1,1,1,normal
14,4,3377,2,1,0.0,1,1,3,2,normal
14,4,1084,2,1,0.0,1,1,2,2,normal
14,4,3062,2,1,0.0,1,1,2,1,normal
14,4,862,2,1,0.0,1,1,3,2,normal
14,4,1918,2,1,0.0,1,1,3,2,normal
14,4,2388,2,1,0.0,1,1,0,2,normal
15,4,3081,2,1,0.0,1,1,1,2,normal
15,4,3481,2,1,0.0,1,1,0,2,normal
15,4,1106,2,1,0.0,1,1,2,2,normal
15,4,3120,2,1,0.0,1,1,1,2,normal
15,4,2003,2,1,0.0,1,1,0,2,normal
15,4,277,2,1,0.0,1,1,2,2,normal
15,4,834,2,1,0.0,1,1,3,2,normal
15,4,610,2,1,0.0,1,1,0,2,normal
15,4,1510,2,1,0.0,1,1,2,1,normal
15,4,2395,2,1,0.0,1,1,0,2,normal
15,4,42,2,1,0.0,1,1,2,0,normal
15,4,825,2,1,0.0,1,1,1,2,normal
15,4,933,2,1,0.0,1,1,0,2,normal
15,4,2684,2,1,0.0,1,1,0,1,normal
15,4,578,2,1,0.0,1,1,1,1,normal
15,4,2617,2,1,0.0,1,1,0,0,normal
15,4,484,2,1,0.0,1,1,2,2,normal
16,4,3093,2,1,0.0,1,1,0,1,normal
16,4,713,2,1,0.0,1,1,3,2,normal
16,4,3128,2,1,0.0,1,1,3,2,normal
16,4,1818,2,1,0.0,1,1,3,2,normal
16,4,844,2,1,0.0,1,1,1,2,normal
16,4,3495,2,1,0.0,1,1,2,2,normal
16,4,3190,2,1,0.0,1,1,1,2,normal
16,4,1513,2,1,0.0,1,1,3,2,normal
16,4,3585,2,1,0.0,1,1,1,2,normal
16,4,1828,2,1,0.0,1,1,3,2,normal
16,4,402,2,1,0.0,1,1,1,2,normal
16,4,2441,2,1,0.0,1,1,0,2,normal
16,4,1015,2,1,0.0,1,1,2,1,normal
16,4,735,2,1,0.0,1,1,1,2,normal
16,4,2145,2,1,0.0,1,1,3,2,normal
16,4,997,2,1,0.0,1,1,0,2,normal
16,4,1128,2,1,0.0,1,1,3,2,normal
16,4,558,2,1,0.0,1,1,3,2,normal
16,4,1377,2,1,0.0,1,1,3,1,normal
16,4,2841,2,1,0.0,1,1,0,0,normal
16,4,2899,2,1,0.0,1,1,3,2,normal
17,4,323,2,1,0.0,1,1,2,2,normal
17,4,1201,2,1,0.0,1,1,2,2,normal
17,4,1647,2,1,0.0,1,1,2,2,normal
17,4,1459,2,1,0.0,1,1,3,2,normal
17,4,2359,2,1,0.0,1,1,3,0,normal
17,4,2589,2,1,0.0,1,1,0,2,normal
17,4,2735,2,1,0.0,1,1,1,2,normal
18,4,1634,2,1,0.0,1,1,2,0,normal
18,4,1820,2,1,0.0,1,1,2,1,normal
18,4,1593,2,1,0.0,1,1,0,2,normal
18,4,1036,2,1,0.0,1,1,3,2,normal
18,4,302,2,1,0.0,1,1,3,2,normal
19,4,1449,2,1,0.0,1,1,3,2,normal
19,4,2579,2,1,0.0,1,1,3,2,normal
19,4,2636,2,1,0.0,1,1,2,1,normal
19,4,1861,2,1,0.0,1,1,3,2,normal
5,5,2149,2,1,0.0,1,1,1,2,normal
6,5,1921,2,1,0.0,1,1,1,2,normal
6,5,1284,2,1,0.0,1,1,0,0,normal
6,5,271,2,1,0.0,1,1,1,2,normal
6,5,101,2,1,0.0,1,1,2,2,normal
6,5,2835,2,1,0.0,1,1,3,1,normal
6,5,2186,2,1,0.0,1,1,3,2,normal
6,5,2659,2,1,0.0,1,1,3,2,normal
7,5,131,2,1,0.0,1,1,1,2,normal
7,5,2452,2,1,0.0,1,1,2,2,normal
7,5,408,2,1,0.0,1,1,2,2,normal
7,5,2640,2,1,0.0,1,1,0,2,normal
7,5,310,2,1,0.0,1,1,2,1,normal
7,5,316,2,1,0.0,1,1,0,0,normal
7,5,789,2,1,0.0,1,1,1,0,normal
7,5,1272,2,1,0.0,1,1,1,2,normal
8,5,99,2,1,0.0,1,1,1,0,normal
8,5,2845,2,1,0.0,1,1,1,2,normal
8,5,515,2,1,0.0,1,1,0,2,normal
8,5,713,2,1,0.0,1,1,1,2,normal
8,5,1759,2,1,0.0,1,1,1,2,normal
8,5,847,2,1,0.0,1,1,1,0,normal
8,5,3345,2,1,0.0,1,1,2,2,normal
8,5,2008,2,1,0.0,1,1,2,2,normal
9,5,2169,2,1,0.0,1,1,0,2,normal
9,5,278,2,1,0.0,1,1,1,2,normal
9,5,3213,2,1,0.0,1,1,0,2,normal
9,5,817,2,1,0.0,1,1,0,2,normal
9,5,3082,2,1,0.0,1,1,2,0,normal
9,5,2246,2,1,0.0,1,1,2,2,normal
9,5,354,2,1,0.0,1,1,3,2,normal
9,5,2131,2,1,0.0,1,1,3,0,normal
9,5,2655,2,1,0.0,1,1,1,0,normal
9,5,1408,2,1,0.0,1,1,0,2,normal
9,5,2722,2,1,0.0,1,1,3,2,normal
9,5,2258,2,1,0.0,1,1,0,2,normal
9,5,2020,2,1,0.0,1,1,2,2,normal
9,5,3187,2,1,0.0,1,1,1,2,normal
10,5,300,2,1,0.0,1,1,1,1,edge_case_insider_drift
10,5,2126,2,1,0.0,1,1,3,2,normal
10,5,2236,2,1,0.0,1,1,0,2,normal
10,5,1141,2,1,0.0,1,1,1,0,normal
10,5,2214,2,1,0.0,1,1,2,1,normal
10,5,3274,2,1,0.0,1,1,3,0,normal
10,5,2141,2,1,0.0,1,1,3,1,normal
10,5,1883,2,1,0.0,1,1,1,2,normal
10,5,1858,2,1,0.0,1,1,2,2,normal
10,5,1496,2,1,0.0,1,1,3,2,normal
10,5,40,2,1,0.0,1,1,3,2,normal
10,5,1597,2,1,0.0,1,1,1,2,normal
10,5,3571,2,1,0.0,1,1,3,2,normal
10,5,861,2,1,0.0,1,1,3,0,normal
10,5,823,2,1,0.0,1,1,0,2,normal
10,5,1120,2,1,0.0,1,1,0,2,normal
11,5,1564,2,1,0.0,1,1,2,2,normal
11,5,880,2,1,0.0,1,1,0,1,normal
11,5,2011,2,1,0.0,1,1,1,2,normal
11,5,3342,2,1,0.0,1,1,0,1,normal
11,5,2764,2,1,0.0,1,1,2,2,normal
11,5,372,2,1,0.0,1,1,3,2,normal
11,5,1076,2,1,0.0,1,1,3,0,normal
11,5,259,2,1,0.0,1,1,3,2,normal
11,5,3450,2,1,0.0,1,1,1,2,normal
11,5,313,2,1,0.0,1,1,2,2,normal
11,5,1003,2,1,0.0,1,1,3,0,normal
11,5,225,2,1,0.0,1,1,0,2,normal
11,5,2062,2,1,0.0,1,1,0,2,normal
11,5,3259,2,1,0.0,1,1,1,0,normal
11,5,579,2,1,0.0,1,1,1,1,normal
11,5,338,2,1,0.0,1,1,0,0,normal
11,5,1219,2,1,0.0,1,1,1,2,normal
12,5,1474,2,1,0.0,1,1,0,2,normal
12,5,244,2,1,0.0,1,1,2,2,normal
12,5,1199,2,1,0.0,1,1,3,2,normal
12,5,2234,2,1,0.0,1,1,1,2,normal
12,5,3532,2,1,0.0,1,1,1,2,normal
12,5,853,2,1,0.0,1,1,2,2,normal
12,5,2504,2,1,0.0,1,1,0,2,normal
12,5,3578,2,1,0.0,1,1,2,0,normal
12,5,3339,2,1,0.0,1,1,0,1,normal
12,5,1973,2,1,0.0,1,1,0,1,normal
12,5,916,2,1,0.0,1,1,3,2,normal
12,5,1694,2,1,0.0,1,1,1,0,normal
12,5,3522,2,1,0.0,1,1,3,2,normal
12,5,2089,2,1,0.0,1,1,3,2,normal
12,5,896,2,1,0.0,1,1,1,1,normal
13,5,867,2,1,0.0,1,1,0,2,normal
13,5,928,2,1,0.0,1,1,1,2,normal
13,5,922,2,1,0.0,1,1,2,2,normal
13,5,341,2,1,0.0,1,1,2,2,normal
13,5,3292,2,1,0.0,1,1,0,2,normal
13,5,473,2,1,0.0,1,1,1,2,normal
13,5,138,2,1,0.0,1,1,0,2,normal
13,5,256,2,1,0.0,1,1,0,0,normal
13,5,2507,2,1,0.0,1,1,3,2,normal
13,5,3515,2,1,0.0,1,1,1,2,normal
13,5,212,2,1,0.0,1,1,2,2,normal
13,5,157,2,1,0.0,1,1,0,1,normal
13,5,2670,2,1,0.0,1,1,3,2,normal
13,5,608,2,1,0.0,1,1,0,2,normal
13,5,1434,2,1,0.0,1,1,2,2,normal
13,5,924,2,1,0.0,1,1,3,1,normal
13,5,2733,2,1,0.0,1,1,0,1,normal
13,5,1176,2,1,0.0,1,1,1,0,normal
13,5,1059,2,1,0.0,1,1,2,2,normal
13,5,842,2,1,0.0,1,1,0,2,normal
13,5,1215,2,1,0.0,1,1,0,2,normal
13,5,3068,2,1,0.0,1,1,1,1,normal
14,5,2841,2,1,0.0,1,1,2,1,normal
14,5,3279,2,1,0.0,1,1,1,2,normal
14,5,1629,2,1,0.0,1,1,1,2,normal
14,5,2496,2,1,0.0,1,1,1,0,normal
14,5,1968,2,1,0.0,1,1,0,2,normal
14,5,959,2,1,0.0,1,1,2,2,normal
14,5,172,2,1,0.0,1,1,2,2,normal
14,5,2060,2,1,0.0,1,1,2,2,normal
14,5,172,2,1,0.0,1,1,3,1,normal
14,5,1085,2,1,0.0,1,1,0,0,normal
14,5,2696,2,1,0.0,1,1,3,2,normal
14,5,1541,2,1,0.0,1,1,1,2,normal
14,5,958,2,1,0.0,1,1,2,2,normal
14,5,540,2,1,0.0,1,1,1,2,normal
14,5,2852,2,1,0.0,1,1,1,2,normal
14,5,1017,2,1,0.0,1,1,1,1,normal
15,5,2983,2,1,0.0,1,1,0,0,normal
15,5,454,2,1,0.0,1,1,3,2,normal
15,5,2452,2,1,0.0,1,1,2,2,normal
15,5,1400,2,1,0.0,1,1,3,2,normal
15,5,694,2,1,0.0,1,1,2,2,normal
15,5,1833,2,1,0.0,1,1,3,2,normal
15,5,414,2,1,0.0,1,1,2,2,normal
15,5,74,2,1,0.0,1,1,0,2,normal
15,5,2453,2,1,0.0,1,1,3,2,normal
15,5,1339,2,1,0.0,1,1,3,2,normal
16,5,2272,2,1,0.0,1,1,3,1,normal
16,5,263,2,1,0.0,1,1,1,2,normal
16,5,1833,2,1,0.0,1,1,1,2,normal
16,5,3450,2,1,0.0,1,1,0,2,normal
16,5,157,2,1,0.0,1,1,2,2,normal
16,5,772,2,1,0.0,1,1,3,2,normal
16,5,1995,2,1,0.0,1,1,3,2,normal
16,5,653,2,1,0.0,1,1,1,2,normal
16,5,3069,2,1,0.0,1,1,1,2,normal
16,5,3463,2,1,0.0,1,1,1,2,normal
17,5,538,2,1,0.0,1,1,2,2,normal
17,5,3493,2,1,0.0,1,1,1,1,normal
17,5,3323,2,1,0.0,1,1,3,0,normal
17,5,80,2,1,0.0,1,1,2,2,normal
17,5,1608,2,1,0.0,1,1,0,2,normal
17,5,580,2,1,0.0,1,1,0,2,normal
18,5,3106,2,1,0.0,1,1,3,0,normal
18,5,3333,2,1,0.0,1,1,1,2,normal
18,5,322,2,1,0.0,1,1,1,2,normal
18,5,509,2,1,0.0,1,1,3,2,normal
18,5,1459,2,1,0.0,1,1,2,2,normal
18,5,1258,2,1,0.0,1,1,2,2,normal
19,5,3519,2,1,0.0,1,1,0,0,normal
19,5,3285,2,1,0.0,1,1,0,2,normal
20,5,1259,2,1,0.0,1,1,0,1,normal
18,1,6083,1,1,0.0,1,1,3,0,Normal
11,5,11904,1,1,1.0,1,1,1,0,Normal
9,3,10124,0,1,1.0,1,1,3,0,Normal
12,4,4902,1,1,0.0,1,1,6,0,Normal
16,0,2653,1,1,0.0,1,0,6,0,Suspicious Command
0,4,5433,1,1,1.0,1,0,0,0,Off-Hours Access
10,5,0,0,1,1.0,0,0,3,0,Failed Login
17,6,6694,1,1,0.0,1,0,6,0,Suspicious Command
17,1,3562,1,1,0.0,1,1,1,0,Normal
10,2,11875,1,1,0.0,0,0,0,0,Normal
9,6,4544,1,1,0.0,1,1,0,0,Normal
11,0,7428,1,1,0.0,1,1,1,0,Normal
12,5,9685,1,1,1.0,1,1,0,0,Normal
19,3,4014,1,1,0.0,1,0,0,0,Off-Hours Access
1,1,11826,1,1,0.0,1,0,3,0,Off-Hours Access
12,3,7788,1,1,1.0,1,1,1,0,Normal
10,2,7553,1,1,0.0,1,1,4,0,Normal
14,1,11626,1,1,0.0,1,1,3,0,Normal
11,2,11694,0,1,1.0,1,1,1,0,Normal
17,1,11923,1,1,0.0,1,1,1,0,Normal
8,6,10915,1,1,0.0,1,1,0,0,Normal
18,2,8999,1,1,0.0,1,1,0,0,Normal
8,3,8512,1,1,0.0,1,0,0,0,Unusual Resource Access
13,0,9170,1,1,0.0,1,1,3,0,Normal
15,0,11347,1,1,0.0,1,1,1,0,Normal
12,2,4741,1,1,0.0,1,0,4,0,Normal
9,5,7175,1,1,0.0,1,1,1,0,Normal
14,4,8533,1,1,0.0,1,1,3,0,Normal
14,1,10332,1,1,0.0,1,1,6,0,Normal
12,6,0,0,1,1.0,0,0,0,0,Failed Login
14,2,2991,1,1,0.0,1,1,0,0,Normal
17,0,0,0,1,1.0,0,0,1,0,Failed Login
14,5,2241,1,1,1.0,1,1,4,0,Normal
13,3,1408,1,1,0.0,0,0,6,0,Normal
10,0,11868,0,1,0.0,1,1,0,0,Normal
12,2,10826,1,1,2.0,1,1,1,0,Normal
12,0,6011,1,1,0.0,1,1,6,0,Normal
11,3,2569,1,1,0.0,1,1,1,0,Normal
9,0,6588,1,1,0.0,1,1,6,0,Normal
16,4,7782,1,1,0.0,1,1,6,0,Normal
18,6,8036,1,1,0.0,1,0,0,0,Suspicious Command
9,2,8513,1,1,0.0,0,0,1,0,Normal
13,3,6713,1,1,0.0,1,1,1,0,Normal
17,2,1066,1,1,0.0,1,1,3,0,Normal
14,4,7525,1,1,0.0,1,0,1,0,Suspicious Command
13,6,6532,1,1,0.0,1,1,3,0,Normal
15,3,4677,0,1,0.0,1,1,4,0,Normal
16,4,4445,1,1,0.0,1,1,1,0,Normal
16,6,4080,1,1,0.0,1,1,6,0,Normal
8,4,5394,0,1,0.0,1,1,1,0,Normal
10,3,1100,1,1,1.0,1,1,6,0,Normal
13,2,8727,0,1,0.0,1,1,4,0,Normal
17,4,3344,1,1,0.0,1,1,1,0,Normal
11,4,10833,1,1,0.0,0,0,0,0,Normal
15,0,10542,1,1,0.0,1,1,4,0,Normal
17,3,11148,1,1,0.0,0,0,1,0,Normal
11,0,3464,0,1,0.0,1,1,6,0,Normal
15,0,5620,1,1,1.0,1,1,1,0,Normal
9,2,11140,1,1,0.0,1,1,4,0,Normal
11,5,3230,0,1,0.0,1,1,4,0,Normal
17,4,8072,1,1,0.0,1,0,0,0,Suspicious Command
14,2,5002,0,1,0.0,1,1,3,0,Normal
17,2,10341,0,1,1.0,1,1,4,0,Normal
15,1,10490,1,1,0.0,1,1,1,0,Normal
13,3,11879,0,1,0.0,1,1,4,0,Normal
15,3,1501,1,1,0.0,1,1,3,0,Normal
9,5,918,1,1,1.0,1,1,3,0,Normal
11,3,9067,1,1,0.0,0,0,3,0,Normal
12,1,8078,1,1,0.0,1,1,4,0,Normal
17,1,0,0,1,1.0,0,0,0,0,Failed Login
12,3,8805,1,1,0.0,1,1,0,0,Normal
14,6,3136,1,1,0.0,1,1,3,0,Normal
14,6,942,1,1,0.0,1,1,4,0,Normal
18,6,9724,1,1,0.0,1,1,0,0,Normal
16,5,3990,1,1,0.0,1,1,4,0,Normal
14,2,7146,1,1,0.0,1,1,0,0,Normal
10,3,2544,1,1,0.0,0,0,4,0,Normal
15,3,7412,1,1,0.0,1,0,3,0,Suspicious Command
18,1,6088,1,1,0.0,1,1,0,0,Normal
17,3,4627,1,1,0.0,1,1,4,0,Normal
18,5,3625,1,1,0.0,1,1,0,0,Normal
13,3,6773,1,1,0.0,1,1,4,0,Normal
14,4,4704,1,1,1.0,1,0,3,0,Unusual Resource Access
12,2,5612,1,1,0.0,1,1,0,0,Normal
13,2,4786,1,1,1.0,1,0,6,0,Suspicious Command
12,6,11684,1,1,1.0,1,1,6,0,Normal
18,1,5006,1,1,0.0,1,0,3,0,Suspicious Command
18,2,8122,0,1,0.0,1,1,4,0,Normal
9,6,7707,1,1,0.0,1,1,4,0,Normal
13,5,2133,1,1,0.0,1,0,6,0,Unusual Resource Access
18,2,6892,0,1,0.0,1,1,3,0,Normal
9,5,10098,1,1,0.0,1,0,6,0,Unusual Resource Access
18,2,11537,1,1,0.0,1,1,4,0,Normal
22,3,3431,1,1,0.0,1,0,0,0,Off-Hours Access
15,0,1436,1,1,0.0,1,1,4,0,Normal
11,2,6918,1,1,0.0,1,1,6,0,Normal
11,3,4262,1,1,1.0,1,0,3,0,Suspicious Command
11,5,6283,1,1,0.0,1,1,1,0,Normal
8,0,9750,1,1,0.0,1,1,1,0,Normal
8,1,0,0,1,2.0,0,0,2,0,Failed Login
21,4,7480,1,1,0.0,1,0,6,0,Off-Hours Access
15,3,10866,1,1,0.0,1,1,4,0,Normal
18,0,2774,1,1,0.0,1,0,6,0,Unusual Resource Access
14,1,6453,1,1,1.0,1,1,0,0,Normal
9,4,11797,1,1,1.0,1,1,4,0,Normal
15,2,2427,1,1,0.0,1,1,6,0,Normal
10,6,10101,1,1,0.0,1,1,3,0,Normal
13,1,5612,1,1,0.0,1,1,6,0,Normal
16,6,4574,1,1,1.0,1,1,0,0,Normal
13,5,4605,1,1,0.0,1,1,3,0,Normal
17,5,10877,1,1,1.0,1,1,6,0,Normal
12,3,11273,1,1,0.0,1,0,1,0,Unusual Resource Access
11,4,1761,1,1,1.0,1,0,6,0,Suspicious Command
4,0,6555,0,1,0.0,1,0,3,0,Off-Hours Access
18,2,0,0,1,2.0,0,0,5,0,Failed Login
8,5,3016,1,1,0.0,1,1,1,0,Normal
16,4,7405,1,1,0.0,1,1,6,0,Normal
9,2,7933,1,1,0.0,1,1,3,0,Normal
12,1,6221,1,1,0.0,1,1,6,0,Normal
13,3,4886,1,1,1.0,1,1,6,0,Normal
12,0,6356,1,1,1.0,1,1,1,0,Normal
9,1,0,0,1,2.0,1,0,2,0,Failed Login
9,1,10136,1,1,0.0,1,1,0,0,Normal
17,3,11176,1,1,0.0,1,1,4,0,Normal
15,3,10589,0,1,1.0,1,1,4,0,Normal
15,4,6941,1,1,0.0,1,1,6,0,Normal
9,1,10812,1,1,0.0,1,0,4,0,Suspicious Command
15,3,9166,1,1,0.0,1,1,6,0,Normal
15,3,11236,1,1,1.0,1,0,6,0,Suspicious Command
16,5,0,0,1,1.0,0,0,1,0,Failed Login
9,3,0,0,1,1.0,0,0,4,0,Failed Login
11,0,4611,1,1,0.0,1,1,1,0,Normal
2,1,3612,1,1,0.0,1,0,3,0,Off-Hours Access
18,6,4078,1,1,0.0,1,0,0,0,Unusual Resource Access
15,6,9139,1,1,0.0,1,1,0,0,Normal
11,0,4996,0,1,0.0,1,1,1,0,Normal
9,5,5570,0,1,2.0,1,1,6,0,Normal
16,2,4537,1,1,0.0,1,1,6,0,Normal
8,3,9124,1,1,0.0,1,1,0,0,Normal
13,4,2523,1,1,0.0,1,1,4,0,Normal
8,6,8585,1,1,1.0,0,0,1,0,Normal
12,2,10875,1,1,1.0,0,0,3,0,Normal
11,4,0,0,1,1.0,0,0,4,0,Failed Login
11,6,7932,0,1,1.0,1,1,4,0,Normal
10,1,6808,0,1,0.0,1,1,3,0,Normal
16,6,8602,0,1,0.0,1,1,0,0,Normal
8,3,4850,1,1,0.0,1,1,4,0,Normal
13,4,9845,1,1,1.0,1,1,4,0,Normal
15,2,3109,0,1,0.0,1,1,1,0,Normal
0,1,1683,1,1,0.0,1,0,4,0,Off-Hours Access
13,6,7234,1,1,0.0,1,1,0,0,Normal
13,3,2253,1,1,0.0,1,1,4,0,Normal
22,0,8172,1,1,0.0,1,0,1,0,Off-Hours Access
13,4,11377,1,1,0.0,1,1,4,0,Normal
14,1,0,0,1,1.0,0,0,5,0,Failed Login
8,6,6977,1,1,0.0,1,1,0,0,Normal
10,6,6050,1,1,0.0,1,1,0,0,Normal
8,5,9382,1,1,0.0,1,1,0,0,Normal
12,5,0,0,1,1.0,0,0,0,0,Failed Login
18,6,1963,1,1,0.0,1,1,4,0,Normal
10,4,9235,1,1,0.0,1,1,4,0,Normal
10,6,6812,1,1,0.0,1,1,6,0,Normal
16,6,1977,1,1,1.0,1,1,6,0,Normal
15,4,10319,0,1,0.0,1,1,0,0,Normal
9,1,6544,1,1,0.0,1,1,3,0,Normal
10,0,2934,1,1,1.0,1,1,6,0,Normal
13,0,9401,1,1,1.0,1,1,4,0,Normal
16,1,10966,1,1,0.0,1,1,4,0,Normal
17,0,11692,1,1,0.0,1,1,1,0,Normal
8,6,1644,1,1,0.0,1,1,6,0,Normal
17,1,9059,1,1,0.0,1,1,6,0,Normal
15,4,8330,0,1,0.0,1,1,4,0,Normal
15,1,10102,1,1,0.0,1,0,3,0,Suspicious Command
9,2,3208,0,1,0.0,1,1,1,0,Normal
17,0,6264,1,1,0.0,1,1,1,0,Normal
15,0,6681,1,1,0.0,1,0,1,0,Unusual Resource Access
17,3,0,0,1,1.0,0,0,3,0,Failed Login
8,0,6839,1,1,0.0,1,1,1,0,Normal
15,4,10039,1,1,0.0,1,0,4,0,Suspicious Command
17,1,1559,0,1,0.0,1,1,3,0,Normal
6,5,6411,1,1,0.0,1,0,4,0,Off-Hours Access
15,5,8680,1,1,0.0,1,1,4,0,Normal
9,2,11209,0,1,0.0,1,1,4,0,Normal
17,1,10460,1,1,0.0,1,1,6,0,Normal
17,4,4868,0,1,0.0,1,1,1,0,Normal
11,5,7761,1,1,1.0,1,1,4,0,Normal
16,1,1920,1,1,0.0,1,1,0,0,Normal
13,5,7073,1,1,0.0,1,1,3,0,Normal
13,5,10895,1,1,0.0,1,1,4,0,Normal
16,3,5635,1,1,0.0,1,1,4,0,Normal
13,3,5380,1,1,2.0,1,1,3,0,Normal
14,5,3299,1,1,0.0,1,1,4,0,Normal
9,3,8749,1,1,0.0,1,1,4,0,Normal
16,3,2689,1,1,1.0,1,1,1,0,Normal
16,2,2541,1,1,0.0,1,1,6,0,Normal
18,5,9916,1,1,0.0,1,1,6,0,Normal
15,2,6162,1,1,0.0,1,1,4,0,Normal
18,4,1511,1,1,0.0,1,1,3,0,Normal
8,0,3952,1,1,0.0,1,1,0,0,Normal
12,2,6389,1,1,0.0,1,1,6,0,Normal
16,5,8568,1,1,0.0,1,1,3,0,Normal
10,5,3950,0,1,0.0,1,1,4,0,Normal
18,6,10909,1,1,0.0,1,1,1,0,Normal
13,4,3927,1,1,0.0,1,1,6,0,Normal
8,2,8219,1,1,0.0,1,1,1,0,Normal
17,4,5185,1,1,0.0,1,1,6,0,Normal
18,3,3516,1,1,0.0,0,0,4,0,Normal
12,2,6921,1,1,0.0,1,1,4,0,Normal
15,6,7021,1,1,0.0,1,1,3,0,Normal
16,5,10661,1,1,0.0,1,1,1,0,Normal
13,4,1911,1,1,1.0,1,1,6,0,Normal
17,1,6275,1,1,0.0,1,1,1,0,Normal
11,2,2389,1,1,0.0,1,1,0,0,Normal
10,2,10139,0,1,0.0,1,1,0,0,Normal
12,6,5069,1,1,0.0,1,1,0,0,Normal
9,6,1944,1,1,0.0,1,1,4,0,Normal
15,4,3848,1,1,0.0,1,1,0,0,Normal
18,4,8248,1,1,0.0,1,1,0,0,Normal
18,2,11607,1,1,0.0,1,1,1,0,Normal
22,5,7114,1,1,0.0,1,0,0,0,Off-Hours Access
10,6,1427,1,1,0.0,1,1,6,0,Normal
8,3,2553,1,1,0.0,1,1,6,0,Normal
8,2,8091,1,1,0.0,1,1,0,0,Normal
8,1,4736,1,1,0.0,1,1,4,0,Normal
18,0,5844,1,1,1.0,1,1,1,0,Normal
12,4,3769,1,1,0.0,1,1,3,0,Normal
13,3,6122,1,1,0.0,0,0,3,0,Normal
14,4,4848,1,1,0.0,1,1,0,0,Normal
10,3,10114,1,1,0.0,1,1,6,0,Normal
14,6,6311,1,1,0.0,1,1,1,0,Normal
13,1,1744,1,1,0.0,1,1,1,0,Normal
8,0,10526,1,1,0.0,1,1,1,0,Normal
13,1,4013,1,1,0.0,1,1,1,0,Normal
15,5,4250,1,1,0.0,1,1,3,0,Normal
12,5,11528,1,1,0.0,1,1,3,0,Normal
15,4,6146,1,1,0.0,1,1,0,0,Normal
17,3,1165,1,1,0.0,0,0,1,0,Normal
14,6,6304,1,1,0.0,1,1,1,0,Normal
15,2,8905,1,1,0.0,1,1,4,0,Normal
13,4,8900,1,1,0.0,1,1,3,0,Normal
16,3,1004,1,1,0.0,1,1,6,0,Normal
9,2,4483,1,1,0.0,1,1,6,0,Normal
18,0,11701,1,1,0.0,1,1,0,0,Normal
14,5,0,0,1,1.0,0,0,4,0,Failed Login
3,4,2220,1,1,0.0,1,0,4,0,Off-Hours Access
6,0,2462,1,1,0.0,1,0,3,0,Off-Hours Access
11,2,5341,0,1,0.0,1,1,0,0,Normal
16,3,6052,0,1,0.0,1,1,1,0,Normal
14,5,3561,1,1,0.0,1,1,4,0,Normal
14,1,7188,1,1,0.0,1,1,4,0,Normal
9,3,2500,1,1,1.0,1,1,6,0,Normal
17,5,7399,1,1,0.0,1,1,3,0,Normal
15,3,4937,1,1,0.0,1,0,3,0,Unusual Resource Access
14,6,2574,1,1,0.0,0,0,4,0,Suspicious Command
15,1,0,0,1,1.0,0,0,5,0,Failed Login
14,1,0,0,1,1.0,0,0,1,0,Failed Login
12,1,4103,1,1,0.0,1,0,3,0,Unusual Resource Access
21,4,6153,1,1,0.0,1,0,1,0,Off-Hours Access
14,0,10335,1,1,0.0,1,1,0,0,Normal
14,3,4173,1,1,0.0,1,1,3,0,Normal
16,5,5039,1,1,0.0,1,0,4,0,Unusual Resource Access
14,6,8751,1,1,0.0,1,1,3,0,Normal
14,3,9696,1,1,0.0,1,1,4,0,Normal
18,2,2515,1,1,1.0,1,0,6,0,Suspicious Command
16,4,4521,1,1,0.0,1,1,3,0,Normal
18,5,6551,0,1,0.0,1,1,1,0,Normal
7,1,8312,1,1,1.0,1,0,0,0,Off-Hours Access
9,3,0,0,1,1.0,0,0,1,0,Failed Login
14,2,11393,1,1,0.0,1,1,1,0,Normal
17,4,10602,1,1,0.0,1,1,0,0,Normal
7,1,8919,1,1,0.0,1,0,4,0,Off-Hours Access
17,5,10517,0,1,0.0,1,1,0,0,Normal
17,2,10569,0,1,0.0,1,1,3,0,Normal
12,2,3216,1,1,1.0,1,1,4,0,Normal
17,6,8873,1,1,0.0,0,0,1,0,Normal
10,1,5632,1,1,0.0,1,1,0,0,Normal
17,2,8839,1,1,0.0,1,1,6,0,Normal
16,5,8956,1,1,1.0,1,1,0,0,Normal
17,4,1435,1,1,0.0,1,1,4,0,Normal
15,0,9269,0,1,0.0,1,1,3,0,Normal
16,5,0,0,1,1.0,1,0,1,0,Failed Login
9,1,4338,1,1,0.0,1,1,1,0,Normal
18,0,3181,1,1,1.0,1,1,3,0,Normal
8,6,5505,1,1,0.0,1,1,3,0,Normal
12,3,5443,1,1,0.0,1,0,6,0,Suspicious Command
11,6,11979,1,1,1.0,1,1,1,0,Normal
12,1,8896,1,1,0.0,1,0,4,0,Unusual Resource Access
9,1,1937,1,1,0.0,1,1,4,0,Normal
11,1,5546,1,1,1.0,1,1,4,0,Normal
15,6,1652,0,1,0.0,1,1,6,0,Normal
10,3,0,0,1,1.0,0,0,6,0,Failed Login
18,2,8712,1,1,0.0,1,0,6,0,Unusual Resource Access
16,2,7176,1,1,0.0,1,0,6,0,Unusual Resource Access
9,5,3146,1,1,0.0,0,0,4,0,Normal
10,2,1038,1,1,0.0,1,1,3,0,Normal
11,4,10993,1,1,0.0,1,1,0,0,Normal
9,4,7191,1,1,0.0,1,0,3,0,Normal
11,6,9966,1,1,0.0,1,1,1,0,Normal
8,3,9382,1,1,0.0,1,1,1,0,Normal
12,0,6816,0,1,0.0,1,0,3,0,Unusual Resource Access
17,1,1552,1,1,0.0,1,0,4,0,Unusual Resource Access
16,0,7839,1,1,0.0,1,1,0,0,Normal
16,5,11546,1,1,0.0,1,0,3,0,Unusual Resource Access
11,1,8018,0,1,0.0,1,1,6,0,Normal
12,3,1107,1,1,0.0,1,1,6,0,Normal
15,0,5147,1,1,0.0,1,1,3,0,Normal
12,5,0,0,1,1.0,1,0,3,0,Failed Login
8,6,6924,1,1,0.0,1,1,1,0,Normal
17,2,9236,0,1,0.0,1,1,1,0,Normal
11,2,7174,1,1,0.0,1,1,4,0,Normal
8,1,6172,1,1,0.0,1,1,1,0,Normal
12,5,7008,0,1,1.0,1,1,3,0,Normal
10,3,7468,0,1,0.0,1,1,6,0,Normal
12,5,8383,0,1,1.0,1,1,3,0,Normal
12,6,8500,1,1,0.0,1,1,1,0,Normal
11,5,3366,0,1,0.0,1,1,1,0,Normal
13,5,0,0,1,1.0,0,0,2,0,Failed Login
12,6,9415,1,1,0.0,1,1,1,0,Normal
9,4,3087,1,1,0.0,1,1,3,0,Normal
8,6,5355,1,1,0.0,1,0,4,0,Unusual Resource Access
1,1,4301,1,1,0.0,1,0,4,0,Off-Hours Access
9,3,10784,0,1,0.0,1,1,4,0,Normal
10,5,7392,1,1,0.0,1,1,4,0,Normal
10,3,10008,1,1,0.0,1,1,0,0,Normal
9,2,1095,0,1,0.0,1,1,6,0,Normal
14,0,6332,1,1,0.0,1,0,6,0,Suspicious Command
6,2,3966,1,1,0.0,1,0,4,0,Off-Hours Access
10,2,11008,1,1,0.0,1,1,3,0,Normal
16,2,5483,1,1,1.0,1,1,6,0,Normal
16,1,7166,1,1,0.0,1,1,6,0,Normal
15,6,6169,1,1,0.0,1,1,3,0,Normal
17,5,11662,1,1,0.0,1,0,1,0,Suspicious Command
8,0,7263,1,1,0.0,1,1,3,0,Normal
13,6,5963,1,1,0.0,1,0,3,0,Suspicious Command
8,4,1226,1,1,0.0,1,1,1,0,Normal
17,3,0,0,1,3.0,0,0,3,0,Failed Login
13,1,10501,0,1,0.0,1,1,0,0,Normal
10,6,11536,1,1,0.0,1,1,0,0,Normal
17,5,11804,1,1,1.0,1,1,1,0,Normal
12,4,10285,1,1,0.0,1,1,6,0,Normal
1,0,3650,1,1,0.0,1,0,4,0,Off-Hours Access
18,2,1086,1,1,0.0,1,1,0,0,Normal
13,4,1688,1,1,0.0,1,1,6,0,Normal
14,0,9846,1,1,0.0,1,1,4,0,Normal
17,6,8293,0,1,0.0,1,1,1,0,Normal
12,5,3687,1,1,0.0,1,1,4,0,Normal
9,5,8809,1,1,0.0,1,1,3,0,Normal
10,1,1777,0,1,0.0,1,1,1,0,Normal
14,1,5246,1,1,0.0,1,1,3,0,Normal
8,5,8943,1,1,0.0,0,0,3,0,Normal
9,1,4171,0,1,0.0,1,1,0,0,Normal
12,1,5952,1,1,0.0,1,1,6,0,Normal
18,2,7249,1,1,0.0,1,1,3,0,Normal
10,6,8104,1,1,0.0,1,1,4,0,Normal
17,3,2304,1,1,0.0,1,1,6,0,Normal
17,1,7242,1,1,0.0,1,1,6,0,Normal
18,5,4760,1,1,0.0,1,1,3,0,Normal
8,2,1599,1,1,1.0,1,0,1,0,Suspicious Command
6,2,5425,1,1,0.0,1,0,4,0,Off-Hours Access
8,1,9461,1,1,0.0,1,1,3,0,Normal
10,6,7175,1,1,0.0,1,0,4,0,Suspicious Command
8,3,3256,1,1,1.0,1,1,0,0,Normal
23,2,8954,1,1,0.0,1,0,4,0,Off-Hours Access
10,2,5314,1,1,0.0,1,1,4,0,Normal
11,4,8837,1,1,0.0,0,0,0,0,Normal
8,0,5997,1,1,0.0,1,1,6,0,Normal
16,5,3746,1,1,0.0,1,1,6,0,Normal
8,2,4162,1,1,0.0,1,1,4,0,Normal
14,4,4863,1,1,0.0,1,1,6,0,Normal
15,0,6540,1,1,0.0,1,1,4,0,Normal
9,3,1713,1,1,0.0,1,1,0,0,Normal
11,1,5308,1,1,0.0,1,1,1,0,Normal
18,1,11506,1,1,1.0,1,1,1,0,Normal
12,0,7068,1,1,0.0,1,1,0,0,Normal
15,1,7406,1,1,0.0,1,1,3,0,Normal
4,2,11649,1,1,0.0,1,0,4,0,Off-Hours Access
11,4,7528,1,1,0.0,1,0,4,0,Unusual Resource Access
17,6,4543,1,1,0.0,1,1,4,0,Normal
18,3,3685,1,1,0.0,1,1,4,0,Normal
22,5,6328,1,1,0.0,1,0,0,0,Off-Hours Access
15,4,1779,1,1,1.0,1,1,0,0,Normal
9,0,2863,1,1,0.0,1,1,3,0,Normal
8,1,4181,1,1,0.0,1,1,1,0,Normal
15,2,2224,1,1,1.0,1,1,1,0,Normal
13,0,8306,1,1,0.0,1,1,6,0,Normal
17,0,2342,1,1,0.0,1,1,0,0,Normal
14,0,1518,1,1,1.0,1,1,6,0,Normal
13,2,1193,1,1,0.0,0,0,1,0,Normal
11,2,3012,0,1,1.0,1,1,4,0,Normal
10,4,5664,1,1,1.0,1,1,4,0,Normal
14,5,8931,1,1,0.0,1,1,4,0,Normal
14,3,11558,1,1,0.0,1,0,4,0,Unusual Resource Access
12,1,1696,1,1,0.0,1,1,3,0,Normal
8,1,8179,1,1,1.0,1,1,0,0,Normal
10,3,7795,1,1,0.0,1,1,4,0,Normal
17,3,2618,1,1,1.0,1,1,0,0,Normal
9,6,4172,1,1,0.0,1,1,3,0,Normal
13,1,3527,0,1,0.0,1,1,4,0,Normal
15,1,1108,1,1,0.0,1,1,6,0,Normal
17,0,2375,1,1,0.0,1,1,1,0,Normal
9,4,0,0,1,1.0,0,0,5,0,Failed Login
13,2,1651,0,1,0.0,1,1,6,0,Normal
13,0,5295,1,1,0.0,0,0,3,0,Normal
10,5,8379,1,1,0.0,1,1,0,0,Normal
14,3,3071,1,1,1.0,1,1,6,0,Normal
10,1,8808,1,1,0.0,1,1,3,0,Normal
17,0,1372,1,1,0.0,1,1,3,0,Normal
9,3,1653,0,1,0.0,1,1,0,0,Normal
18,2,4569,1,1,0.0,0,0,3,0,Normal
17,3,8795,1,1,1.0,1,1,1,0,Normal
16,0,4846,1,1,0.0,1,0,4,0,Suspicious Command
16,3,7507,1,1,0.0,1,1,0,0,Normal
17,2,0,0,1,1.0,0,0,6,0,Failed Login
17,4,6339,1,1,0.0,1,0,0,0,Suspicious Command
15,0,2768,0,1,0.0,1,1,0,0,Normal
18,6,0,0,1,1.0,0,0,6,0,Failed Login
14,3,8281,1,1,0.0,1,0,6,0,Suspicious Command
10,4,1695,1,1,0.0,1,1,3,0,Normal
16,3,3745,1,1,0.0,1,1,3,0,Normal
5,2,3085,1,1,0.0,1,0,0,0,Off-Hours Access
16,3,9969,1,1,0.0,1,1,4,0,Normal
12,0,11551,1,1,0.0,1,1,1,0,Normal
13,1,10112,1,1,0.0,1,1,4,0,Normal
14,2,7820,1,1,0.0,1,1,4,0,Normal
14,2,4175,1,1,0.0,1,1,6,0,Normal
12,2,4242,1,1,0.0,1,1,4,0,Normal
15,0,7249,1,1,0.0,1,0,6,0,Unusual Resource Access
13,2,5017,1,1,3.0,1,1,6,0,Normal
18,3,9855,1,1,0.0,1,1,3,0,Normal
12,1,3963,1,1,0.0,1,1,6,0,Normal
22,3,6185,1,1,0.0,1,0,6,0,Off-Hours Access
17,1,10282,1,1,0.0,1,1,0,0,Normal
13,3,4524,1,1,0.0,1,0,6,0,Unusual Resource Access
13,5,9591,1,1,0.0,1,1,3,0,Normal
8,1,4837,1,1,0.0,1,1,0,0,Normal
13,2,5103,1,1,0.0,1,1,0,0,Normal
13,4,9714,1,1,0.0,1,0,1,0,Unusual Resource Access
11,4,6334,1,1,0.0,1,0,6,0,Unusual Resource Access
21,3,1176,1,1,0.0,1,0,0,0,Off-Hours Access
8,5,10494,0,1,0.0,1,1,6,0,Normal
9,4,2317,1,1,0.0,1,1,3,0,Normal
18,0,9640,1,1,0.0,1,1,1,0,Normal
16,6,11996,1,1,0.0,1,1,4,0,Normal
16,2,2919,0,1,0.0,1,1,1,0,Normal
16,0,4341,1,1,0.0,1,1,4,0,Normal
18,2,3537,1,1,0.0,1,1,1,0,Normal
11,3,1791,1,1,0.0,1,1,3,0,Normal
9,5,2508,1,1,0.0,1,1,4,0,Normal
13,5,5571,1,1,0.0,1,1,6,0,Normal
15,5,11703,1,1,0.0,1,1,3,0,Normal
13,6,6789,1,1,0.0,1,0,4,0,Unusual Resource Access
15,5,5904,1,1,1.0,1,1,4,0,Normal
17,1,10433,1,1,0.0,1,0,6,0,Suspicious Command
11,6,5169,1,1,0.0,1,1,3,0,Normal
10,5,10560,1,1,1.0,1,1,1,0,Normal
16,4,3508,1,1,0.0,1,0,1,0,Unusual Resource Access
18,6,6778,0,1,0.0,1,1,0,0,Normal
9,2,1601,1,1,0.0,1,1,1,0,Normal
13,6,1660,0,1,0.0,1,1,0,0,Normal
18,4,2175,1,1,0.0,1,0,3,0,Unusual Resource Access
11,3,6553,1,1,0.0,1,1,4,0,Normal
16,2,3613,1,1,0.0,1,1,0,0,Normal
11,3,6834,1,1,0.0,1,1,1,0,Normal
13,1,11962,1,1,0.0,1,1,0,0,Normal
18,0,4892,0,1,0.0,1,1,6,0,Normal
10,0,10276,1,1,0.0,1,1,6,0,Normal
10,3,0,0,1,1.0,0,0,0,0,Failed Login
17,1,11110,1,1,0.0,1,1,1,0,Normal
18,4,10576,0,1,1.0,1,1,3,0,Normal
9,6,9163,1,1,0.0,1,1,3,0,Normal
9,0,10727,0,1,0.0,1,1,3,0,Normal
9,5,9735,1,1,0.0,0,0,3,0,Normal
18,5,7792,1,1,0.0,1,1,3,0,Normal
11,1,6642,1,1,0.0,1,1,0,0,Normal
12,6,0,0,1,1.0,0,0,4,0,Failed Login
18,0,6835,0,1,0.0,1,1,0,0,Normal
12,6,10151,1,1,0.0,1,1,0,0,Normal
11,0,8804,1,1,0.0,1,1,3,0,Normal
12,3,7422,1,1,0.0,1,1,4,0,Normal
9,2,3550,0,1,0.0,1,1,0,0,Normal
13,6,1752,1,1,0.0,1,1,3,0,Normal
9,2,10734,1,1,0.0,0,0,0,0,Normal
13,2,0,0,1,1.0,0,0,3,0,Failed Login
18,1,0,0,1,1.0,0,0,1,0,Failed Login
12,4,11871,1,1,0.0,1,1,4,0,Normal
8,4,9904,1,1,0.0,1,1,6,0,Normal
13,6,10834,1,1,0.0,1,1,1,0,Normal
8,6,9194,0,1,0.0,1,1,0,0,Normal
13,4,6465,1,1,0.0,1,0,1,0,Suspicious Command
17,2,2804,1,1,0.0,1,1,0,0,Normal
11,6,7657,1,1,0.0,1,1,4,0,Normal
12,3,7436,1,1,1.0,1,1,6,0,Normal
3,3,5248,1,1,1.0,1,0,1,0,Off-Hours Access
11,0,3455,1,1,0.0,1,1,4,0,Normal
5,4,5401,1,1,0.0,0,0,3,0,Off-Hours Access
16,5,9132,1,1,0.0,1,0,6,0,Suspicious Command
10,2,8437,1,1,0.0,1,1,3,0,Normal
14,1,10944,1,1,0.0,1,0,4,0,Unusual Resource Access
14,3,6881,1,1,0.0,1,1,4,0,Normal
17,0,2536,1,1,0.0,1,1,1,0,Normal
14,5,3289,1,1,1.0,1,1,1,0,Normal
10,2,11232,1,1,0.0,0,0,1,0,Normal
15,6,10203,0,1,0.0,1,1,3,0,Normal
5,0,5122,1,1,0.0,1,0,3,0,Off-Hours Access
21,5,8222,1,1,0.0,1,0,0,0,Off-Hours Access
15,4,11395,1,1,0.0,1,1,1,0,Normal
17,0,3554,1,1,0.0,1,1,6,0,Normal
12,1,11461,1,1,0.0,1,1,3,0,Normal
13,5,8277,1,1,1.0,1,1,3,0,Normal
10,2,0,0,1,1.0,0,0,6,0,Failed Login
14,2,5200,1,1,0.0,1,1,6,0,Normal
14,3,11771,0,1,0.0,1,0,6,0,Unusual Resource Access
15,5,9887,1,1,0.0,1,1,4,0,Normal
16,3,8380,1,1,0.0,1,1,3,0,Normal
18,1,8791,1,1,2.0,1,1,4,0,Normal
12,2,3451,1,1,0.0,1,1,4,0,Normal
23,0,4688,1,1,0.0,1,0,4,0,Off-Hours Access
14,1,7367,1,1,1.0,1,1,0,0,Normal
14,1,5208,0,1,0.0,1,1,1,0,Normal
17,4,11524,1,1,0.0,1,1,4,0,Normal
11,1,3138,1,1,0.0,1,1,1,0,Normal
15,0,3976,1,1,1.0,1,1,0,0,Normal
8,5,0,0,1,1.0,0,0,6,0,Failed Login
15,4,6310,0,1,0.0,1,1,6,0,Normal
14,5,8157,1,1,1.0,1,0,0,0,Suspicious Command
11,3,11811,1,1,0.0,0,0,3,0,Normal
13,4,9434,0,1,0.0,1,1,3,0,Normal
11,4,2750,1,1,0.0,1,1,1,0,Normal
12,0,4882,0,1,0.0,1,1,0,0,Normal
15,3,6984,1,1,0.0,1,1,1,0,Normal
9,3,11142,0,1,0.0,1,1,4,0,Normal
16,6,8892,1,1,0.0,1,1,1,0,Normal
18,6,4061,0,1,0.0,1,1,0,0,Normal
12,6,8068,1,1,0.0,1,1,0,0,Normal
11,3,6596,1,1,0.0,1,1,3,0,Normal
17,0,2028,1,1,0.0,1,1,1,0,Normal
12,0,911,1,1,0.0,1,1,0,0,Normal
8,0,4812,1,1,0.0,1,1,3,0,Normal
14,5,9935,1,1,0.0,1,1,0,0,Normal
13,1,11695,0,1,0.0,1,1,3,0,Normal
10,6,2653,1,1,0.0,1,1,1,0,Normal
20,6,11643,1,1,0.0,1,0,6,0,Off-Hours Access
9,0,10042,1,1,0.0,1,1,4,0,Normal
8,6,9567,0,1,0.0,1,1,4,0,Normal
11,4,4684,1,1,0.0,0,0,6,0,Normal
18,4,11799,1,1,1.0,1,0,0,0,Suspicious Command
10,0,6429,1,1,0.0,1,1,3,0,Normal
15,0,9912,1,1,1.0,1,1,4,0,Normal
14,1,4843,1,1,0.0,1,1,3,0,Normal
16,5,8312,1,1,0.0,1,1,4,0,Normal
12,3,9276,1,1,1.0,1,0,3,0,Suspicious Command
10,6,6727,1,1,1.0,1,1,0,0,Normal
17,2,5820,0,1,0.0,1,1,4,0,Normal
11,3,8805,1,1,1.0,1,1,4,0,Normal
17,3,11422,1,1,0.0,1,1,3,0,Normal
14,6,6600,1,1,0.0,1,1,4,0,Normal
9,1,1087,1,1,0.0,1,1,3,0,Normal
8,4,0,0,1,1.0,0,0,0,0,Failed Login
14,2,3065,1,1,1.0,1,1,1,0,Normal
8,4,2293,1,1,0.0,1,1,4,0,Normal
10,3,10063,1,1,1.0,1,1,0,0,Normal
11,6,4934,1,1,0.0,1,1,3,0,Normal
13,1,2743,1,1,0.0,1,1,6,0,Normal
11,6,11638,0,1,0.0,1,1,3,0,Normal
17,6,1793,0,1,0.0,1,0,6,0,Unusual Resource Access
10,3,6524,1,1,0.0,1,1,6,0,Normal
8,3,4371,1,1,0.0,1,1,3,0,Normal
16,3,11848,0,1,0.0,1,1,1,0,Normal
16,2,1884,1,1,0.0,1,1,1,0,Normal
12,0,1991,1,1,0.0,1,1,6,0,Normal
18,3,5692,1,1,1.0,1,1,6,0,Normal
16,0,8840,1,1,0.0,1,1,4,0,Normal
22,1,6665,1,1,0.0,1,0,6,0,Off-Hours Access
16,2,7243,1,1,0.0,1,1,4,0,Normal
11,3,11663,1,1,1.0,1,1,0,0,Normal
18,4,4838,1,1,0.0,1,1,0,0,Normal
17,4,3058,1,1,0.0,1,1,3,0,Normal
11,2,9482,1,1,0.0,1,1,4,0,Normal
10,5,6101,0,1,2.0,1,1,1,0,Normal
9,4,1383,1,1,0.0,1,1,1,0,Normal
14,1,3389,1,1,0.0,1,1,4,0,Normal
8,0,0,0,1,1.0,0,0,1,0,Failed Login
17,1,0,0,1,2.0,1,0,6,0,Failed Login
11,1,1983,1,1,0.0,1,1,1,0,Normal
13,3,7905,1,1,0.0,1,1,1,0,Normal
14,0,10918,1,1,0.0,1,1,0,0,Normal
18,4,2691,1,1,1.0,1,1,3,0,Normal
11,3,1543,1,1,0.0,0,0,0,0,Normal
8,1,7421,1,1,0.0,1,1,0,0,Normal
12,1,3230,1,1,0.0,1,1,3,0,Normal
9,4,0,0,1,1.0,1,0,3,0,Failed Login
18,5,0,0,1,1.0,0,0,3,0,Failed Login
8,0,10165,1,1,0.0,0,0,4,0,Normal
10,6,957,1,1,0.0,1,0,1,0,Unusual Resource Access
1,3,4909,0,1,0.0,1,0,3,0,Off-Hours Access
16,1,3928,1,1,0.0,1,1,6,0,Normal
10,3,10784,1,1,0.0,0,0,3,0,Normal
9,3,11911,1,1,0.0,0,0,1,0,Normal
15,0,1487,0,1,0.0,1,1,4,0,Normal
14,2,9918,0,1,1.0,1,1,0,0,Normal
12,5,9495,1,1,0.0,1,1,0,0,Normal
17,5,8824,1,1,0.0,1,1,6,0,Normal
13,1,11111,1,1,0.0,1,1,3,0,Normal
16,3,3847,1,1,0.0,1,1,0,0,Normal
8,1,11147,1,1,0.0,1,1,0,0,Normal
17,1,6368,1,1,1.0,1,1,6,0,Normal
8,1,5068,1,1,0.0,1,1,4,0,Normal
16,4,6360,1,1,0.0,1,1,6,0,Normal
8,0,6315,1,1,1.0,1,1,1,0,Normal
15,3,8788,1,1,2.0,1,1,1,0,Normal
13,5,9437,1,1,0.0,1,1,6,0,Normal
16,5,10360,1,1,0.0,1,1,1,0,Normal
13,2,1410,1,1,0.0,1,1,4,0,Normal
10,0,3970,1,1,0.0,1,1,0,0,Normal
12,5,5348,1,1,1.0,1,1,6,0,Normal
13,2,9503,1,1,0.0,1,1,1,0,Normal
8,6,0,0,1,1.0,0,0,0,0,Failed Login
9,6,4261,1,1,0.0,0,0,1,0,Normal
16,3,1621,1,1,0.0,1,1,4,0,Normal
8,2,1268,1,1,0.0,1,1,4,0,Normal
13,1,5432,1,1,0.0,1,1,4,0,Normal
9,2,5383,0,1,1.0,1,1,1,0,Normal
16,5,6639,1,1,0.0,1,1,3,0,Normal
12,3,2067,1,1,0.0,1,1,1,0,Normal
10,3,2635,1,1,0.0,0,0,6,0,Normal
10,0,8529,1,1,1.0,1,0,6,0,Unusual Resource Access
15,0,0,0,1,1.0,0,0,2,0,Failed Login
10,0,8326,1,1,1.0,1,1,4,0,Normal
13,5,0,0,1,1.0,0,0,1,0,Failed Login
15,5,4808,1,1,0.0,1,1,0,0,Normal
14,3,10582,1,1,0.0,1,1,1,0,Normal
16,5,11756,1,1,1.0,1,1,1,0,Normal
17,3,10602,1,1,1.0,1,1,6,0,Normal
15,5,2040,1,1,0.0,1,1,0,0,Normal
14,0,2383,1,1,0.0,1,1,6,0,Normal
18,2,11727,1,1,0.0,1,1,1,0,Normal
17,0,4269,1,1,0.0,1,1,1,0,Normal
18,6,2362,1,1,0.0,1,1,4,0,Normal
14,4,1922,1,1,0.0,1,1,4,0,Normal
16,2,5523,1,1,0.0,0,0,6,0,Normal
17,3,7552,1,1,0.0,1,1,0,0,Normal
10,2,10000,1,1,0.0,1,1,1,0,Normal
12,6,1090,0,1,0.0,1,1,1,0,Normal
15,2,11111,1,1,0.0,1,0,0,0,Suspicious Command
16,1,6721,1,1,0.0,1,1,0,0,Normal
17,2,5311,1,1,0.0,1,1,3,0,Normal
8,3,2754,1,1,0.0,1,1,4,0,Normal
10,4,8517,1,1,0.0,1,1,4,0,Normal
9,0,11282,1,1,0.0,1,1,6,0,Normal
13,3,8338,1,1,0.0,1,1,0,0,Normal
14,5,3644,0,1,0.0,1,1,4,0,Normal
12,6,3670,1,1,0.0,1,1,3,0,Normal
17,4,2251,1,1,0.0,1,1,0,0,Normal
12,6,8217,1,1,0.0,1,0,1,0,Unusual Resource Access
11,3,1442,1,1,0.0,1,1,3,0,Normal
10,0,7177,1,1,0.0,1,1,0,0,Normal
11,0,11422,1,1,1.0,1,1,6,0,Normal
14,2,3278,1,1,0.0,1,0,0,0,Unusual Resource Access
12,2,6072,1,1,0.0,0,0,0,0,Normal
18,5,11963,1,1,0.0,1,0,0,0,Unusual Resource Access
11,6,6032,1,1,0.0,1,1,1,0,Normal
9,0,9505,0,1,0.0,1,1,6,0,Normal
12,4,1288,1,1,0.0,1,1,6,0,Normal
18,0,3918,0,1,0.0,1,0,1,0,Unusual Resource Access
9,2,7895,1,1,1.0,1,1,4,0,Normal
9,5,7266,1,1,0.0,1,1,0,0,Normal
12,0,8956,1,1,0.0,1,1,6,0,Normal
9,3,2053,0,1,0.0,1,0,6,0,Unusual Resource Access
15,5,11596,1,1,0.0,1,1,1,0,Normal
14,2,7311,1,1,1.0,1,1,4,0,Normal
15,5,2048,1,1,0.0,1,1,0,0,Normal
15,3,6471,1,1,0.0,1,0,4,0,Unusual Resource Access
12,5,9984,0,1,0.0,1,1,1,0,Normal
14,4,8870,0,1,1.0,1,1,4,0,Normal
8,6,4807,1,1,0.0,1,1,3,0,Normal
18,5,4368,1,1,0.0,1,0,6,0,Suspicious Command
16,2,2080,0,1,0.0,1,1,1,0,Normal
15,2,4876,1,1,0.0,0,0,6,0,Normal
8,1,0,0,1,1.0,0,0,5,0,Failed Login
14,1,10617,1,1,0.0,1,0,6,0,Suspicious Command
12,5,6960,1,1,0.0,0,0,1,0,Normal
17,3,11257,1,1,0.0,1,1,6,0,Normal
15,2,3839,0,1,0.0,0,0,6,0,Normal
15,6,3244,1,1,0.0,1,1,1,0,Normal
11,1,10669,1,1,2.0,1,1,6,0,Normal
18,4,7761,0,1,0.0,1,1,4,0,Normal
16,5,9742,1,1,0.0,1,1,4,0,Normal
18,1,4073,0,1,0.0,1,1,6,0,Normal
15,3,11879,0,1,0.0,1,1,1,0,Normal
11,4,11005,1,1,1.0,1,1,4,0,Normal
8,4,0,0,1,1.0,0,0,3,0,Failed Login
18,1,2704,1,1,0.0,1,1,1,0,Normal
14,4,8354,1,1,0.0,1,0,3,0,Suspicious Command
15,6,5318,1,1,0.0,1,1,4,0,Normal
17,3,0,0,1,1.0,1,0,2,0,Failed Login
17,1,9956,1,1,0.0,1,1,3,0,Normal
16,1,8014,1,1,0.0,1,0,1,0,Unusual Resource Access
17,3,7744,0,1,0.0,1,1,6,0,Normal
16,4,7360,1,1,0.0,1,1,3,0,Normal
9,2,4471,1,1,0.0,1,1,0,0,Normal
9,1,3550,1,1,0.0,1,1,4,0,Normal
17,4,3171,1,1,0.0,1,1,0,0,Normal
13,1,5320,1,1,0.0,1,0,0,0,Unusual Resource Access
18,1,1798,1,1,0.0,1,1,4,0,Normal
14,5,1569,1,1,1.0,1,1,3,0,Normal
9,5,4593,1,1,0.0,1,0,1,0,Unusual Resource Access
16,3,1792,0,1,0.0,1,1,4,0,Normal
16,3,9614,1,1,0.0,1,1,0,0,Normal
17,2,8401,0,1,0.0,1,1,1,0,Normal
12,0,5421,0,1,0.0,1,1,1,0,Normal
11,1,7724,1,1,0.0,1,1,4,0,Normal
13,3,5676,1,1,0.0,1,1,6,0,Normal
11,6,8403,1,1,0.0,1,0,3,0,Unusual Resource Access
12,2,8833,1,1,2.0,1,1,1,0,Normal
10,3,3625,1,1,0.0,0,0,0,0,Normal
10,4,4797,0,1,0.0,1,1,1,0,Normal
10,6,3922,1,1,0.0,1,1,4,0,Normal
13,2,8247,1,1,0.0,1,1,4,0,Normal
8,5,8404,1,1,0.0,1,1,1,0,Normal
16,4,2740,1,1,0.0,1,0,4,0,Unusual Resource Access
18,6,1306,1,1,0.0,1,1,4,0,Normal
13,4,10458,1,1,0.0,1,1,1,0,Normal
12,5,9721,1,1,0.0,1,1,6,0,Normal
16,4,6106,1,1,0.0,1,1,0,0,Normal
18,3,7906,1,1,0.0,1,1,1,0,Normal
13,4,10091,0,1,0.0,1,1,0,0,Normal
14,2,3583,1,1,0.0,1,1,4,0,Normal
10,1,2310,1,1,0.0,1,1,3,0,Normal
16,1,7056,0,1,0.0,1,1,3,0,Normal
12,3,8471,1,1,0.0,1,1,3,0,Normal
11,6,9974,1,1,0.0,1,1,4,0,Normal
17,4,8493,1,1,0.0,1,1,3,0,Normal
12,6,11612,1,1,0.0,1,1,6,0,Normal
18,3,5441,1,1,0.0,1,1,6,0,Normal
17,6,5125,1,1,0.0,1,1,0,0,Normal
9,0,1187,1,1,0.0,1,1,3,0,Normal
5,3,9577,1,1,0.0,1,0,4,0,Off-Hours Access
18,5,3638,1,1,1.0,1,1,3,0,Normal
18,0,6839,0,1,0.0,1,1,4,0,Normal
10,0,5510,1,1,0.0,1,1,3,0,Normal
10,3,9147,1,1,1.0,1,1,1,0,Normal
17,5,9929,1,1,1.0,1,1,3,0,Normal
9,3,8756,1,1,0.0,1,1,6,0,Normal
15,6,6504,1,1,0.0,1,1,3,0,Normal
9,0,0,0,1,2.0,0,0,0,0,Failed Login
14,3,0,0,1,1.0,0,0,6,0,Failed Login
9,5,4265,1,1,0.0,1,1,3,0,Normal
8,6,10242,1,1,0.0,1,0,3,0,Suspicious Command
8,6,10556,1,1,0.0,1,0,4,0,Suspicious Command
10,5,7848,1,1,0.0,1,1,0,0,Normal
13,5,9415,1,1,0.0,1,1,6,0,Normal
12,3,6275,1,1,0.0,1,1,6,0,Normal
17,2,4600,1,1,0.0,1,1,0,0,Normal
14,1,6920,1,1,0.0,1,1,0,0,Normal
18,3,9463,1,1,0.0,1,1,0,0,Normal
20,0,7858,1,1,1.0,1,0,6,0,Off-Hours Access
17,3,6734,1,1,0.0,1,1,0,0,Normal
12,4,2901,1,1,0.0,1,1,6,0,Normal
10,1,2017,1,1,0.0,1,1,6,0,Normal
17,0,5860,1,1,0.0,1,1,1,0,Normal
16,2,4208,1,1,0.0,1,1,0,0,Normal
16,3,1189,1,1,0.0,1,1,3,0,Normal
9,2,7065,1,1,1.0,1,1,4,0,Normal
1,0,9973,1,1,0.0,0,0,0,0,Off-Hours Access
16,3,1813,1,1,0.0,1,1,3,0,Normal
17,0,6150,0,1,0.0,1,1,4,0,Normal
13,6,11142,1,1,0.0,1,1,6,0,Normal
13,6,6431,0,1,0.0,1,0,4,0,Unusual Resource Access
8,5,0,0,1,1.0,0,0,0,0,Failed Login
15,5,9038,1,1,0.0,1,1,4,0,Normal
13,4,0,0,1,2.0,1,0,6,0,Failed Login
17,2,2452,1,1,0.0,1,1,3,0,Normal
16,6,6590,1,1,0.0,1,1,1,0,Normal
16,4,11770,1,1,0.0,1,1,0,0,Normal
12,0,11902,1,1,0.0,1,1,0,0,Normal
18,2,10175,1,1,0.0,0,0,0,0,Suspicious Command
15,6,5819,1,1,0.0,1,1,1,0,Normal
9,1,5273,1,1,0.0,1,1,0,0,Normal
18,3,4807,0,1,0.0,1,1,0,0,Normal
12,2,0,0,1,1.0,0,0,6,0,Failed Login
18,0,1226,0,1,0.0,1,1,0,0,Normal
9,4,11904,1,1,1.0,1,1,4,0,Normal
10,0,9096,0,1,0.0,1,1,3,0,Normal
16,6,4800,1,1,0.0,1,1,6,0,Normal
13,5,4765,1,1,0.0,1,1,0,0,Normal
11,0,7843,1,1,0.0,1,0,4,0,Unusual Resource Access
10,3,5949,0,1,0.0,1,1,4,0,Normal
8,2,9955,1,1,0.0,1,1,4,0,Normal
13,3,4772,1,1,1.0,1,1,3,0,Normal
14,3,2378,1,1,0.0,1,1,4,0,Normal
10,1,11458,1,1,1.0,1,1,4,0,Normal
15,4,7820,1,1,0.0,1,1,4,0,Normal
12,3,7795,1,1,0.0,1,1,4,0,Normal
8,2,11224,1,1,0.0,1,1,1,0,Normal
18,1,3087,1,1,0.0,1,0,0,0,Unusual Resource Access
13,6,1239,1,1,0.0,1,0,1,0,Suspicious Command
17,1,8476,1,1,0.0,1,1,6,0,Normal
8,0,10736,1,1,0.0,1,1,0,0,Normal
10,6,0,0,1,2.0,1,0,2,0,Failed Login
10,0,4431,1,1,0.0,1,1,3,0,Normal
14,1,1371,1,1,0.0,1,1,1,0,Normal
11,2,2304,0,1,0.0,1,1,0,0,Normal
14,5,0,0,1,1.0,0,0,6,0,Failed Login
17,6,987,1,1,1.0,1,1,6,0,Normal
14,4,10067,0,1,0.0,1,1,1,0,Normal
5,0,5503,1,1,0.0,0,0,1,0,Off-Hours Access
12,4,6028,1,1,0.0,1,1,3,0,Normal
10,3,3995,1,1,0.0,1,1,6,0,Normal
15,3,8050,0,1,0.0,0,0,0,0,Normal
3,6,3657,1,1,0.0,1,0,1,0,Off-Hours Access
18,6,967,1,1,0.0,1,1,3,0,Normal
1,3,2228,0,1,1.0,1,0,1,0,Off-Hours Access
15,2,11680,0,1,0.0,1,1,3,0,Normal
17,1,3018,1,1,0.0,1,1,3,0,Normal
13,4,9864,1,1,0.0,1,1,6,0,Normal
10,3,5791,1,1,0.0,1,0,6,0,Suspicious Command
12,4,6782,1,1,0.0,1,1,1,0,Normal
11,4,8705,1,1,0.0,1,1,0,0,Normal
14,4,3953,1,1,0.0,1,1,3,0,Normal
1,4,2993,1,1,0.0,1,0,4,0,Off-Hours Access
14,4,9927,0,1,0.0,1,1,6,0,Normal
14,4,11727,1,1,0.0,1,1,0,0,Normal
12,6,1166,0,1,0.0,1,1,3,0,Normal
14,0,3966,1,1,0.0,1,0,4,0,Unusual Resource Access
17,4,0,0,1,1.0,0,0,0,0,Failed Login
17,0,2335,1,1,0.0,1,1,4,0,Normal
21,5,5830,0,1,0.0,1,0,1,0,Off-Hours Access
8,1,0,0,1,1.0,0,0,4,0,Failed Login
14,0,2582,1,1,0.0,1,1,6,0,Normal
15,1,9981,1,1,0.0,1,1,3,0,Normal
16,3,4699,1,1,0.0,1,1,0,0,Normal
17,1,5288,1,1,0.0,1,1,6,0,Normal
15,5,8047,0,1,0.0,1,1,0,0,Normal
15,1,9217,1,1,0.0,1,1,1,0,Normal
18,1,7295,1,1,0.0,1,1,4,0,Normal
10,6,2312,1,1,1.0,1,1,4,0,Normal
10,1,0,0,1,1.0,0,0,6,0,Failed Login
10,0,1943,1,1,0.0,1,1,6,0,Normal
9,2,9344,1,1,0.0,1,0,1,0,Suspicious Command
15,3,2634,1,1,0.0,1,1,6,0,Normal
16,3,4265,1,1,0.0,0,0,6,0,Normal
15,3,2526,1,1,1.0,1,1,0,0,Normal
9,6,7711,1,1,1.0,1,1,0,0,Normal
15,6,3705,0,1,0.0,1,1,3,0,Normal
14,5,9577,1,1,0.0,1,1,1,0,Normal
23,1,2289,0,1,0.0,1,0,3,0,Off-Hours Access
10,5,1507,1,1,0.0,1,1,0,0,Normal
18,3,7769,1,1,0.0,1,1,4,0,Normal
13,4,5483,1,1,1.0,1,1,6,0,Normal
18,2,11028,1,1,0.0,1,1,3,0,Normal
18,2,2280,0,1,0.0,1,1,4,0,Normal
10,4,4401,0,1,0.0,1,1,4,0,Normal
13,4,1356,1,1,0.0,1,1,6,0,Normal
12,2,2709,1,1,0.0,1,1,3,0,Normal
18,3,1682,1,1,0.0,1,1,6,0,Normal
8,6,10428,1,1,0.0,1,1,1,0,Normal
13,2,11917,1,1,0.0,1,1,3,0,Normal
9,2,4054,1,1,0.0,1,1,3,0,Normal
14,6,2411,0,1,0.0,1,1,6,0,Normal
11,3,11989,1,1,0.0,1,1,4,0,Normal
14,4,9072,1,1,0.0,1,1,3,0,Normal
15,3,3264,1,1,0.0,1,1,1,0,Normal
10,2,2834,1,1,0.0,1,1,3,0,Normal
10,3,10756,1,1,0.0,1,0,6,0,Normal
0,6,10560,1,1,0.0,1,0,1,0,Off-Hours Access
12,2,0,0,1,1.0,0,0,6,0,Failed Login
17,4,8686,1,1,0.0,1,1,0,0,Normal
18,4,3340,1,1,1.0,1,1,0,0,Normal
18,0,1306,1,1,0.0,1,0,1,0,Unusual Resource Access
12,5,2295,1,1,0.0,1,1,3,0,Normal
17,3,9135,0,1,0.0,1,1,0,0,Normal
10,5,4918,1,1,1.0,1,1,1,0,Normal
16,6,10548,0,1,0.0,1,1,0,0,Normal
13,2,1294,1,1,0.0,1,1,0,0,Normal
9,3,3655,1,1,0.0,1,1,3,0,Normal
9,5,0,0,1,1.0,0,0,1,0,Failed Login
13,1,1749,1,1,0.0,1,1,6,0,Normal
11,6,7208,0,1,0.0,1,1,3,0,Normal
20,2,9988,1,1,0.0,1,0,1,0,Off-Hours Access
15,1,3232,1,1,0.0,1,1,1,0,Normal
11,6,8301,0,1,1.0,1,1,3,0,Normal
17,0,1885,1,1,0.0,1,1,6,0,Normal
18,0,10487,1,1,0.0,1,1,1,0,Normal
16,0,2369,1,1,0.0,1,1,4,0,Normal
16,4,10901,1,1,0.0,1,1,1,0,Normal
18,5,4929,1,1,0.0,1,1,4,0,Normal
17,2,11491,0,1,0.0,1,1,1,0,Normal
18,2,7066,1,1,0.0,1,0,6,0,Unusual Resource Access
8,0,4061,1,1,0.0,1,1,4,0,Normal
12,2,2374,1,1,0.0,0,0,1,0,Normal
11,2,5499,1,1,1.0,1,1,6,0,Normal
18,0,0,0,1,1.0,0,0,3,0,Failed Login
10,6,1278,1,1,0.0,1,0,1,0,Unusual Resource Access
16,2,7897,1,1,0.0,1,1,6,0,Normal
14,5,2894,1,1,0.0,1,1,4,0,Normal
16,6,1669,1,1,0.0,1,1,1,0,Normal
8,5,2240,1,1,0.0,1,1,4,0,Normal
14,2,3594,1,1,0.0,1,1,1,0,Normal
9,1,0,0,1,1.0,0,0,2,0,Failed Login
11,4,8084,1,1,0.0,1,1,3,0,Normal
9,6,7083,1,1,0.0,1,1,6,0,Normal
15,3,11159,1,1,0.0,0,0,3,0,Normal
16,3,8328,1,1,0.0,1,0,6,0,Suspicious Command
17,1,11564,1,1,1.0,1,1,4,0,Normal
17,5,1101,1,1,0.0,1,1,6,0,Normal
11,0,11342,1,1,0.0,1,1,1,0,Normal
17,3,3155,1,1,0.0,1,1,1,0,Normal
20,4,1032,1,1,1.0,1,0,4,0,Off-Hours Access
10,2,10066,1,1,1.0,1,1,3,0,Normal
11,1,6495,1,1,0.0,1,1,6,0,Normal
17,2,10174,1,1,1.0,1,1,3,0,Normal
9,0,4494,0,1,0.0,1,1,0,0,Normal
17,2,6331,1,1,0.0,1,1,0,0,Normal
8,0,6763,0,1,0.0,1,1,6,0,Normal
15,4,0,0,1,1.0,0,0,3,0,Failed Login
10,2,5189,0,1,0.0,1,1,1,0,Normal
14,6,4344,1,1,0.0,1,1,4,0,Normal
13,6,11110,1,1,0.0,1,1,3,0,Normal
10,2,10993,1,1,0.0,1,0,6,0,Unusual Resource Access
10,4,11213,1,1,0.0,1,1,6,0,Normal
16,1,2233,1,1,0.0,1,1,1,0,Normal
9,0,11468,1,1,0.0,1,1,0,0,Normal
15,4,9509,1,1,0.0,1,1,4,0,Normal
15,3,11354,1,1,0.0,1,1,0,0,Normal
11,1,4740,1,1,0.0,1,1,0,0,Normal
14,2,5070,1,1,1.0,1,1,4,0,Normal
12,4,7986,1,1,1.0,0,0,0,0,Unusual Resource Access
13,3,3842,1,1,0.0,1,1,6,0,Normal
13,4,9120,1,1,0.0,1,0,4,0,Normal
12,6,2842,0,1,0.0,1,1,6,0,Normal
13,1,1039,1,1,0.0,1,0,3,0,Unusual Resource Access
14,6,8633,1,1,0.0,1,1,6,0,Normal
14,6,8673,1,1,0.0,0,0,1,0,Normal
15,5,2306,1,1,1.0,1,1,4,0,Normal
14,3,10049,0,1,0.0,1,1,0,0,Normal
10,1,0,0,1,1.0,0,0,3,0,Failed Login
8,6,3418,1,1,0.0,1,1,1,0,Normal
17,0,4245,1,1,0.0,1,1,0,0,Normal
15,1,8297,1,1,1.0,1,1,3,0,Normal
18,5,0,0,1,1.0,0,0,0,0,Failed Login
16,2,6939,1,1,0.0,1,1,6,0,Normal
3,1,7981,1,1,0.0,1,0,1,0,Off-Hours Access
12,6,0,0,1,2.0,1,0,4,0,Failed Login
15,6,1540,1,1,0.0,1,1,3,0,Normal
15,2,10943,1,1,0.0,1,1,0,0,Normal
17,0,7202,1,1,1.0,1,1,0,0,Normal
14,5,3487,1,1,2.0,1,1,1,0,Normal
9,3,7638,1,1,0.0,1,1,0,0,Normal
9,6,11367,0,1,0.0,1,0,6,0,Unusual Resource Access
14,4,1518,0,1,0.0,1,1,0,0,Normal
10,3,0,0,1,1.0,0,0,5,0,Failed Login
9,0,9659,1,1,1.0,1,1,6,0,Normal
8,2,1682,1,1,0.0,1,0,0,0,Suspicious Command
18,3,5951,1,1,0.0,1,1,0,0,Normal
14,3,7038,1,1,0.0,0,0,1,0,Normal
8,1,1621,1,1,0.0,1,0,1,0,Suspicious Command
13,0,11134,1,1,0.0,1,1,1,0,Normal
9,1,6742,1,1,0.0,1,1,6,0,Normal
1,1,10711,1,1,1.0,1,0,0,0,Off-Hours Access
16,5,5027,0,1,0.0,1,1,1,0,Normal
14,3,3772,1,1,0.0,1,1,4,0,Normal
15,2,10870,1,1,0.0,1,1,6,0,Normal
11,1,4711,0,1,1.0,1,1,6,0,Normal
14,4,2200,0,1,0.0,1,1,3,0,Normal
11,4,11419,0,1,0.0,1,1,1,0,Normal
15,0,5456,1,1,0.0,1,1,1,0,Normal
18,1,4652,1,1,0.0,1,1,6,0,Normal
16,1,10862,1,1,0.0,1,1,1,0,Normal
15,0,8955,0,1,0.0,1,1,6,0,Normal
11,6,3589,1,1,0.0,0,0,0,0,Unusual Resource Access
17,0,10344,1,1,1.0,1,1,4,0,Normal
15,6,7088,1,1,0.0,1,1,0,0,Normal
17,4,8797,0,1,2.0,1,1,1,0,Normal
12,4,9957,1,1,0.0,1,1,1,0,Normal
12,2,10110,1,1,1.0,1,1,0,0,Normal
6,6,8920,1,1,0.0,1,0,4,0,Off-Hours Access
9,6,7204,1,1,0.0,1,1,6,0,Normal
12,1,8727,1,1,0.0,1,0,1,0,Suspicious Command
18,6,5181,1,1,0.0,1,1,1,0,Normal
12,6,11756,1,1,0.0,1,1,3,0,Normal
9,5,5043,1,1,0.0,1,0,0,0,Suspicious Command
18,5,5945,1,1,0.0,1,1,3,0,Normal
9,3,3238,1,1,0.0,1,1,4,0,Normal
12,0,925,0,1,0.0,1,1,0,0,Normal
16,1,3695,1,1,0.0,1,1,0,0,Normal
11,6,0,0,1,1.0,0,0,5,0,Failed Login
14,1,11327,1,1,0.0,1,1,6,0,Normal
9,0,1386,1,1,0.0,1,1,4,0,Normal
9,2,1018,1,1,0.0,1,1,4,0,Normal
9,3,7054,1,1,0.0,0,0,6,0,Normal
12,5,6421,1,1,0.0,1,1,0,0,Normal
13,2,11796,1,1,0.0,1,1,4,0,Normal
13,6,8386,1,1,0.0,1,1,6,0,Normal
10,2,9593,1,1,0.0,1,1,6,0,Normal
18,0,7668,1,1,0.0,1,1,3,0,Normal
13,1,2233,1,1,1.0,1,0,3,0,Unusual Resource Access
15,3,5714,1,1,0.0,1,1,0,0,Normal
16,1,1420,1,1,1.0,1,1,3,0,Normal
18,4,8211,0,1,0.0,1,1,1,0,Normal
11,2,2628,1,1,0.0,1,1,6,0,Normal
13,3,6352,0,1,0.0,1,0,0,0,Unusual Resource Access
17,5,7152,1,1,1.0,1,1,0,0,Normal
11,1,5667,0,1,0.0,1,1,6,0,Normal
17,4,10567,0,1,0.0,1,0,4,0,Unusual Resource Access
19,0,5763,1,1,0.0,1,0,4,0,Off-Hours Access
10,2,11801,1,1,0.0,1,1,1,0,Normal
16,4,10303,1,1,0.0,1,1,4,0,Normal
14,3,4350,1,1,0.0,1,1,1,0,Normal
10,3,5800,1,1,0.0,1,1,0,0,Normal
14,5,6606,1,1,0.0,1,1,0,0,Normal
12,4,7351,0,1,0.0,1,1,3,0,Normal
17,6,8396,1,1,0.0,1,1,4,0,Normal
15,2,4473,1,1,0.0,1,1,1,0,Normal
13,2,3318,1,1,0.0,0,0,6,0,Normal
8,0,3843,0,1,0.0,1,1,0,0,Normal
13,1,11172,1,1,1.0,1,1,1,0,Normal
11,5,10667,1,1,0.0,1,1,4,0,Normal
18,6,11554,1,1,0.0,1,1,0,0,Normal
13,2,2253,0,1,1.0,1,1,6,0,Normal
16,3,10287,1,1,0.0,1,1,3,0,Normal
9,4,7190,1,1,1.0,1,1,1,0,Normal
9,6,3929,1,1,0.0,1,1,3,0,Normal
16,0,1947,1,1,0.0,1,1,0,0,Normal
18,0,3860,1,1,0.0,1,1,6,0,Normal
13,2,9192,0,1,0.0,1,0,6,0,Unusual Resource Access
10,5,5825,0,1,0.0,1,1,1,0,Normal
18,4,10354,1,1,0.0,1,1,1,0,Normal
17,6,2522,1,1,0.0,1,1,1,0,Normal
10,1,10765,1,1,0.0,1,1,1,0,Normal
10,3,2118,1,1,0.0,1,1,0,0,Normal
10,1,5064,1,1,0.0,1,1,6,0,Normal
16,6,11273,1,1,0.0,0,0,4,0,Normal
18,6,3587,1,1,0.0,1,1,3,0,Normal
14,6,4955,0,1,0.0,1,1,3,0,Normal
18,5,1061,1,1,0.0,0,0,4,0,Suspicious Command
14,2,9525,1,1,0.0,1,1,1,0,Normal
15,6,10274,1,1,0.0,1,1,4,0,Normal
9,0,6110,1,1,0.0,1,1,1,0,Normal
18,6,7106,1,1,0.0,1,0,1,0,Unusual Resource Access
18,3,7752,1,1,0.0,1,1,3,0,Normal
15,6,6023,1,1,0.0,1,0,4,0,Unusual Resource Access
11,4,1840,0,1,0.0,0,0,3,0,Normal
8,3,8758,1,1,0.0,1,1,1,0,Normal
16,2,1127,1,1,0.0,1,1,0,0,Normal
8,4,6553,1,1,0.0,1,1,3,0,Normal
17,3,4587,1,1,0.0,0,0,3,0,Normal
16,6,9018,1,1,0.0,1,1,0,0,Normal
13,5,2831,1,1,0.0,1,1,3,0,Normal
11,3,4462,1,1,0.0,1,1,0,0,Normal
15,3,1842,1,1,0.0,1,1,0,0,Normal
12,5,6629,1,1,0.0,1,1,6,0,Normal
9,2,2288,1,1,0.0,0,0,1,0,Normal
9,1,3449,1,1,0.0,1,1,6,0,Normal
13,0,3884,1,1,0.0,1,1,0,0,Normal
22,2,5567,1,1,0.0,1,0,6,0,Off-Hours Access
19,1,7451,1,1,0.0,1,0,1,0,Off-Hours Access
14,4,1246,1,1,1.0,1,1,6,0,Normal
18,2,7939,1,1,0.0,0,0,4,0,Normal
12,4,4959,1,1,0.0,1,1,0,0,Normal
11,0,4952,1,1,1.0,1,1,4,0,Normal
9,3,0,0,1,1.0,0,0,6,0,Failed Login
8,1,1734,1,1,0.0,1,1,6,0,Normal
18,3,7880,1,1,0.0,1,1,4,0,Normal
8,1,6856,1,1,0.0,1,1,4,0,Normal
13,2,1569,0,1,0.0,0,0,1,0,Normal
11,5,10837,0,1,0.0,1,1,4,0,Normal
23,3,10807,1,1,1.0,1,0,3,0,Off-Hours Access
11,3,2642,1,1,1.0,1,1,6,0,Normal
18,3,4209,1,1,0.0,1,0,0,0,Unusual Resource Access
10,3,5037,1,1,0.0,1,1,3,0,Normal
13,2,2009,1,1,0.0,1,1,0,0,Normal
8,4,3012,1,1,0.0,1,1,4,0,Normal
11,3,9623,1,1,0.0,1,0,0,0,Normal
15,0,10115,1,1,0.0,1,1,0,0,Normal
11,3,10269,1,1,0.0,1,1,1,0,Normal
16,6,5140,1,1,0.0,1,1,3,0,Normal
16,3,1647,1,1,0.0,1,1,1,0,Normal
10,1,5330,1,1,0.0,1,1,1,0,Normal
11,2,11527,1,1,0.0,1,1,6,0,Normal
16,3,10918,1,1,0.0,1,1,0,0,Normal
8,1,5482,1,1,0.0,1,1,1,0,Normal
18,5,7158,1,1,0.0,1,1,6,0,Normal
17,1,4514,1,1,0.0,1,1,0,0,Normal
14,1,8009,1,1,0.0,1,1,1,0,Normal
15,4,3785,1,1,0.0,0,0,1,0,Normal
10,4,5981,1,1,0.0,1,1,6,0,Normal
17,2,2080,1,1,0.0,1,1,1,0,Normal
14,1,1093,1,1,0.0,1,1,1,0,Normal
9,2,3065,1,1,0.0,0,0,6,0,Normal
17,1,9786,1,1,0.0,1,1,6,0,Normal
11,4,8179,1,1,0.0,1,1,3,0,Normal
10,3,5282,1,1,0.0,1,1,3,0,Normal
8,0,0,0,1,1.0,0,0,6,0,Failed Login
18,6,2741,1,1,0.0,1,1,0,0,Normal
9,2,10987,1,1,0.0,1,1,6,0,Normal
9,3,3375,1,1,0.0,1,1,3,0,Normal
10,0,11832,1,1,0.0,1,1,1,0,Normal
13,4,9079,1,1,0.0,1,1,4,0,Normal
9,6,11645,1,1,0.0,1,1,1,0,Normal
15,2,0,0,1,1.0,0,0,2,0,Failed Login
15,1,11330,1,1,0.0,1,1,3,0,Normal
11,1,9044,1,1,0.0,1,1,3,0,Normal
11,5,7811,1,1,0.0,1,1,3,0,Normal
11,6,6826,0,1,0.0,1,1,1,0,Normal
13,2,2704,0,1,0.0,0,0,1,0,Normal
10,1,9935,1,1,1.0,1,1,1,0,Normal
8,2,3244,1,1,0.0,1,1,6,0,Normal
13,1,2108,1,1,0.0,1,1,3,0,Normal
10,6,5807,1,1,0.0,1,0,3,0,Suspicious Command
15,5,2722,1,1,1.0,1,1,4,0,Normal
17,3,3527,0,1,0.0,0,0,3,0,Normal
15,2,9122,1,1,2.0,1,1,3,0,Normal
12,0,2950,1,1,0.0,1,1,0,0,Normal
11,3,10813,1,1,0.0,1,1,3,0,Normal
15,2,3600,0,1,0.0,1,1,0,0,Normal
12,1,6842,1,1,0.0,1,0,6,0,Normal
10,4,2293,1,1,1.0,1,0,1,0,Unusual Resource Access
15,6,2427,1,1,0.0,1,1,4,0,Normal
12,5,6052,1,1,0.0,1,1,1,0,Normal
18,6,9150,0,1,0.0,0,0,0,0,Normal
8,6,10506,1,1,0.0,1,1,0,0,Normal
18,6,4694,1,1,0.0,1,1,6,0,Normal
16,0,6493,1,1,0.0,1,1,3,0,Normal
17,6,7250,1,1,0.0,1,0,6,0,Normal
9,0,2495,1,1,0.0,1,1,0,0,Normal
12,1,0,0,1,1.0,0,0,4,0,Failed Login
15,0,5596,1,1,0.0,1,0,4,0,Suspicious Command
18,0,9296,1,1,0.0,1,1,4,0,Normal
14,2,1599,1,1,1.0,1,1,4,0,Normal
16,2,5662,1,1,1.0,1,1,6,0,Normal
9,1,11863,0,1,0.0,1,1,0,0,Normal
16,1,2306,1,1,0.0,1,1,6,0,Normal
14,3,7478,1,1,0.0,1,1,1,0,Normal
15,0,5460,1,1,0.0,1,1,6,0,Normal
10,3,10209,0,1,0.0,1,1,4,0,Normal
21,6,2034,1,1,0.0,1,0,6,0,Off-Hours Access
15,4,4407,1,1,1.0,1,1,3,0,Normal
9,3,3532,1,1,0.0,1,0,3,0,Suspicious Command
17,3,10683,1,1,0.0,1,1,3,0,Normal
17,6,1132,1,1,1.0,1,1,4,0,Normal
13,3,9431,1,1,0.0,1,1,4,0,Normal
10,0,2496,0,1,0.0,1,1,3,0,Normal
14,1,10745,1,1,0.0,1,0,1,0,Normal
18,1,6860,0,1,0.0,1,1,4,0,Normal
9,4,7683,1,1,0.0,1,1,0,0,Normal
14,5,3780,1,1,0.0,1,1,6,0,Normal
17,5,7151,1,1,0.0,1,1,0,0,Normal
17,3,2600,0,1,0.0,1,1,6,0,Normal
9,1,2533,1,1,0.0,1,1,3,0,Normal
8,6,4371,1,1,0.0,1,1,0,0,Normal
11,5,6644,1,1,0.0,1,1,6,0,Normal
18,0,7038,1,1,0.0,1,1,6,0,Normal
18,3,11931,1,1,0.0,1,1,0,0,Normal
8,1,7034,1,1,0.0,1,1,1,0,Normal
13,0,7945,1,1,1.0,1,1,3,0,Normal
17,1,10367,1,1,0.0,1,1,6,0,Normal
10,0,3495,1,1,0.0,1,1,3,0,Normal
10,6,0,0,1,1.0,0,0,2,0,Failed Login
22,2,11246,1,1,0.0,1,0,0,0,Off-Hours Access
11,1,11179,1,1,0.0,1,0,6,0,Unusual Resource Access
9,6,2910,0,1,0.0,1,1,3,0,Normal
10,2,6821,1,1,0.0,1,1,0,0,Normal
8,3,11151,0,1,2.0,1,1,0,0,Normal
13,0,3845,1,1,0.0,1,1,1,0,Normal
17,2,2820,1,1,0.0,1,1,6,0,Normal
17,0,9448,1,1,0.0,1,1,1,0,Normal
17,1,9386,1,1,0.0,1,1,6,0,Normal
9,6,6266,1,1,0.0,1,1,6,0,Normal
10,3,7452,1,1,0.0,1,0,0,0,Unusual Resource Access
18,1,2585,1,1,0.0,1,1,0,0,Normal
15,1,0,0,1,1.0,0,0,0,0,Failed Login
18,2,3640,0,1,1.0,1,1,0,0,Normal
12,1,7425,0,1,0.0,1,1,4,0,Normal
14,5,0,0,1,1.0,0,0,6,0,Failed Login
13,3,6168,1,1,0.0,1,1,3,0,Normal
17,4,6144,1,1,0.0,1,0,4,0,Suspicious Command
15,6,10343,1,1,0.0,1,0,0,0,Unusual Resource Access
17,1,3047,1,1,0.0,1,1,4,0,Normal
23,5,10016,0,1,0.0,1,0,0,0,Off-Hours Access
14,3,11403,0,1,0.0,1,1,0,0,Normal
8,5,3173,0,1,0.0,1,1,6,0,Normal
14,4,4031,1,1,0.0,1,1,6,0,Normal
8,5,1605,0,1,0.0,1,1,4,0,Normal
12,4,5322,1,1,1.0,1,1,0,0,Normal
15,6,3324,1,1,1.0,1,1,4,0,Normal
14,2,9448,1,1,0.0,1,1,6,0,Normal
15,2,4600,0,1,0.0,1,1,0,0,Normal
9,3,11704,1,1,0.0,1,1,1,0,Normal
15,4,11885,1,1,0.0,1,1,6,0,Normal
15,1,10575,1,1,1.0,1,1,1,0,Normal
12,5,9165,0,1,0.0,1,1,1,0,Normal
14,6,4226,1,1,1.0,1,1,3,0,Normal
14,3,0,0,1,1.0,0,0,2,0,Failed Login
15,4,9916,0,1,0.0,1,1,6,0,Normal
14,6,6367,0,1,0.0,1,1,3,0,Normal
8,5,4077,1,1,1.0,1,1,0,0,Normal
12,0,9397,1,1,1.0,1,1,0,0,Normal
11,1,1770,0,1,0.0,1,1,6,0,Normal
16,4,11061,1,1,0.0,1,1,1,0,Normal
11,5,4270,1,1,1.0,1,1,0,0,Normal
17,4,3932,1,1,1.0,1,1,6,0,Normal
11,1,3630,1,1,1.0,1,1,6,0,Normal
8,6,6373,0,1,0.0,1,1,0,0,Normal
9,2,6669,1,1,0.0,1,1,3,0,Normal
11,1,2438,1,1,0.0,1,0,1,0,Unusual Resource Access
13,4,9840,1,1,0.0,1,1,4,0,Normal
8,2,6367,1,1,0.0,1,1,4,0,Normal
3,2,4280,1,1,0.0,1,0,0,0,Off-Hours Access
6,0,1573,1,1,1.0,1,0,4,0,Off-Hours Access
17,5,10184,1,1,0.0,1,1,0,0,Normal
15,2,3361,1,1,0.0,0,0,0,0,Normal
10,2,1958,1,1,0.0,1,1,4,0,Normal
0,3,6637,1,1,0.0,0,0,4,0,Off-Hours Access
18,4,2309,1,1,0.0,1,1,1,0,Normal
11,4,0,0,1,1.0,0,0,0,0,Failed Login
12,3,10139,1,1,0.0,1,1,1,0,Normal
18,6,3123,1,1,0.0,0,0,4,0,Normal
9,4,0,0,1,2.0,0,0,3,0,Failed Login
13,3,8543,1,1,0.0,1,1,0,0,Normal
16,3,3203,1,1,0.0,1,1,6,0,Normal
16,6,9800,1,1,0.0,1,1,3,0,Normal
14,1,0,0,1,1.0,1,0,5,0,Failed Login
12,0,1897,0,1,0.0,1,1,4,0,Normal
8,4,3261,1,1,0.0,1,1,3,0,Normal
18,2,900,0,1,0.0,1,0,6,0,Unusual Resource Access
16,5,2597,1,1,1.0,1,1,1,0,Normal
14,2,7528,1,1,0.0,1,1,4,0,Normal
16,0,11683,1,1,0.0,1,1,0,0,Normal
8,1,3697,1,1,0.0,1,1,1,0,Normal
12,3,8976,1,1,1.0,1,1,3,0,Normal
9,3,3327,0,1,0.0,1,1,0,0,Normal
14,6,1458,1,1,0.0,1,1,4,0,Normal
13,3,9502,1,1,0.0,1,0,4,0,Suspicious Command
18,0,6458,1,1,0.0,1,1,3,0,Normal
18,5,11469,1,1,1.0,1,1,6,0,Normal
18,0,11695,1,1,0.0,1,1,3,0,Normal
17,5,0,0,1,1.0,0,0,0,0,Failed Login
11,5,7782,0,1,0.0,1,1,0,0,Normal
8,5,7032,1,1,0.0,0,0,0,0,Normal
9,5,3082,1,1,0.0,1,1,0,0,Normal
12,1,4594,1,1,0.0,1,1,4,0,Normal
11,4,11207,1,1,0.0,1,1,6,0,Normal
10,6,7585,1,1,0.0,1,1,4,0,Normal
10,5,4015,1,1,0.0,1,1,0,0,Normal
16,3,10053,1,1,0.0,1,1,3,0,Normal
14,2,10224,0,1,0.0,1,1,6,0,Normal
9,4,1743,1,1,0.0,1,1,1,0,Normal
12,2,6763,0,1,0.0,1,1,0,0,Normal
16,4,10914,1,1,0.0,1,1,3,0,Normal
16,3,8616,1,1,0.0,1,1,3,0,Normal
12,1,0,0,1,1.0,0,0,5,0,Failed Login
14,4,9934,1,1,0.0,1,1,6,0,Normal
9,3,4590,1,1,0.0,1,1,3,0,Normal
11,4,4114,1,1,0.0,1,1,6,0,Normal
8,4,7242,1,1,0.0,1,1,6,0,Normal
14,1,8075,0,1,0.0,1,1,6,0,Normal
14,5,4701,0,1,1.0,1,1,1,0,Normal
16,4,4994,1,1,0.0,1,1,6,0,Normal
15,6,0,0,1,1.0,0,0,0,0,Failed Login
21,5,6124,1,1,1.0,1,0,3,0,Off-Hours Access
13,3,8866,1,1,0.0,1,1,3,0,Normal
16,6,4353,0,1,0.0,1,0,3,0,Normal
10,6,11548,1,1,2.0,1,1,0,0,Normal
15,2,5454,1,1,0.0,1,1,4,0,Normal
8,4,9015,0,1,0.0,1,1,0,0,Normal
11,3,11712,1,1,0.0,1,0,1,0,Normal
8,4,6486,1,1,0.0,1,0,6,0,Suspicious Command
8,6,7258,1,1,0.0,1,1,3,0,Normal
15,5,9401,1,1,0.0,1,1,3,0,Normal
11,2,5395,0,1,0.0,1,1,4,0,Normal
13,4,10985,1,1,0.0,1,1,6,0,Normal
18,3,2936,1,1,0.0,1,1,6,0,Normal
12,0,8481,0,1,0.0,1,1,0,0,Normal
13,3,8116,1,1,1.0,1,0,6,0,Suspicious Command
12,6,4626,1,1,0.0,1,1,1,0,Normal
19,0,5144,1,1,0.0,1,0,6,0,Off-Hours Access
13,1,10244,1,1,0.0,1,0,1,0,Unusual Resource Access
14,2,3244,0,1,0.0,1,1,4,0,Normal
13,6,5717,1,1,0.0,1,1,0,0,Normal
12,3,6536,1,1,0.0,0,0,3,0,Unusual Resource Access
8,6,11536,0,1,0.0,1,1,0,0,Normal
17,2,7749,1,1,0.0,1,1,3,0,Normal
8,4,9425,1,1,0.0,1,1,3,0,Normal
17,0,4882,1,1,0.0,1,1,4,0,Normal
9,5,7616,1,1,0.0,1,1,0,0,Normal
9,4,10815,1,1,0.0,1,1,0,0,Normal
17,2,4913,1,1,0.0,1,1,3,0,Normal
10,2,6496,1,1,0.0,1,1,4,0,Normal
16,1,0,0,1,1.0,0,0,0,0,Failed Login
9,3,1292,1,1,0.0,1,1,0,0,Normal
16,6,7819,1,1,1.0,1,1,0,0,Normal
11,5,6418,1,1,0.0,1,1,6,0,Normal
9,0,6715,1,1,0.0,1,1,6,0,Normal
14,4,3905,1,1,1.0,1,1,1,0,Normal
19,2,2487,1,1,0.0,1,0,4,0,Off-Hours Access
8,5,10399,1,1,0.0,1,1,3,0,Normal
13,0,1587,1,1,0.0,1,1,1,0,Normal
17,3,2529,1,1,0.0,1,1,4,0,Normal
12,4,9946,1,1,0.0,1,0,6,0,Unusual Resource Access
17,2,9713,1,1,0.0,0,0,3,0,Normal
8,0,0,0,1,1.0,1,0,1,0,Failed Login
15,1,5462,1,1,1.0,1,1,1,0,Normal
9,6,6259,1,1,0.0,1,1,6,0,Normal
18,2,6057,0,1,0.0,1,1,6,0,Normal
16,3,8602,1,1,0.0,1,0,1,0,Unusual Resource Access
15,0,11300,0,1,0.0,1,1,1,0,Normal
11,4,8939,1,1,0.0,1,1,6,0,Normal
14,3,7130,1,1,0.0,1,1,3,0,Normal
15,6,4699,1,1,1.0,1,1,4,0,Normal
14,1,8780,1,1,0.0,1,1,3,0,Normal
12,2,4953,1,1,0.0,1,1,4,0,Normal
13,2,7650,1,1,0.0,1,0,3,0,Suspicious Command
23,3,5171,1,1,1.0,1,0,0,0,Off-Hours Access
11,4,8234,1,1,1.0,1,1,4,0,Normal
16,0,10906,1,1,0.0,1,1,3,0,Normal
8,2,6360,1,1,0.0,0,0,6,0,Normal
2,3,4432,1,1,0.0,1,0,4,0,Off-Hours Access
8,2,2579,1,1,0.0,0,0,3,0,Normal
10,3,4668,1,1,1.0,0,0,6,0,Normal
9,4,0,0,1,1.0,0,0,3,0,Failed Login
16,0,7865,1,1,0.0,1,0,4,0,Suspicious Command
12,4,5229,1,1,0.0,1,1,6,0,Normal
14,4,10091,1,1,0.0,1,1,0,0,Normal
16,3,1182,1,1,0.0,1,1,0,0,Normal
16,5,4571,1,1,0.0,1,1,0,0,Normal
15,2,2685,1,1,0.0,1,1,3,0,Normal
18,6,3673,1,1,1.0,1,1,3,0,Normal
10,4,9475,1,1,0.0,0,0,0,0,Normal
15,3,6435,1,1,0.0,1,0,4,0,Normal
21,3,8813,1,1,0.0,1,0,4,0,Off-Hours Access
9,4,2169,1,1,0.0,1,1,0,0,Normal
16,0,4133,1,1,0.0,1,1,1,0,Normal
15,1,0,0,1,2.0,0,0,0,0,Failed Login
13,0,5654,1,1,0.0,1,1,1,0,Normal
13,3,8635,1,1,0.0,1,1,4,0,Normal
10,3,1060,1,1,1.0,1,1,0,0,Normal
9,3,0,0,1,3.0,0,0,0,0,Failed Login
16,1,5909,1,1,1.0,1,0,3,0,Suspicious Command
12,0,2169,1,1,0.0,1,1,1,0,Normal
12,1,10990,1,1,0.0,1,0,3,0,Unusual Resource Access
11,2,3300,1,1,0.0,0,0,3,0,Normal
13,2,9283,1,1,0.0,0,0,1,0,Normal
13,3,4844,1,1,0.0,1,1,6,0,Normal
15,0,6093,1,1,0.0,1,1,3,0,Normal
11,0,8063,1,1,0.0,1,1,1,0,Normal
12,6,8033,1,1,0.0,1,1,3,0,Normal
22,1,6814,1,1,1.0,1,0,1,0,Off-Hours Access
12,6,5045,0,1,0.0,1,0,0,0,Unusual Resource Access
8,6,11258,1,1,0.0,1,1,3,0,Normal
18,4,2856,1,1,0.0,1,0,0,0,Suspicious Command
8,3,5446,1,1,0.0,1,1,3,0,Normal
8,4,10514,1,1,1.0,1,1,1,0,Normal
14,2,4061,1,1,0.0,1,1,6,0,Normal
9,3,10084,1,1,0.0,1,0,4,0,Unusual Resource Access
17,2,0,0,1,1.0,0,0,3,0,Failed Login
18,1,4942,1,1,0.0,1,1,6,0,Normal
10,4,5603,1,1,0.0,1,1,0,0,Normal
7,5,6615,1,1,0.0,1,0,3,0,Off-Hours Access
18,1,10488,1,1,0.0,1,1,6,0,Normal
14,1,6506,1,1,0.0,1,1,1,0,Normal
12,4,5130,1,1,0.0,1,1,1,0,Normal
9,3,3190,1,1,0.0,1,1,0,0,Normal
18,0,2613,1,1,0.0,1,1,4,0,Normal
10,2,6416,1,1,0.0,0,0,4,0,Normal
12,6,4890,1,1,1.0,1,0,0,0,Unusual Resource Access
13,0,1557,1,1,1.0,1,1,4,0,Normal
12,1,3186,1,1,1.0,1,0,3,0,Suspicious Command
8,6,6570,1,1,1.0,1,1,1,0,Normal
18,2,3425,1,1,0.0,0,0,1,0,Suspicious Command
8,6,2536,1,1,1.0,1,1,4,0,Normal
11,3,8493,1,1,0.0,1,1,0,0,Normal
14,5,7451,1,1,0.0,1,1,1,0,Normal
18,0,7352,1,1,0.0,1,1,3,0,Normal
17,2,3818,1,1,0.0,1,1,3,0,Normal
16,5,10716,1,1,1.0,1,1,3,0,Normal
11,1,1624,1,1,0.0,1,1,1,0,Normal
14,5,3369,1,1,0.0,1,1,0,0,Normal
15,0,3841,1,1,0.0,1,1,0,0,Normal
9,0,2561,1,1,0.0,1,1,4,0,Normal
10,2,9206,1,1,0.0,0,0,3,0,Normal
18,1,8658,1,1,0.0,1,0,4,0,Suspicious Command
9,6,9611,1,1,0.0,1,1,0,0,Normal
10,4,5124,1,1,0.0,1,1,3,0,Normal
15,4,5515,0,1,0.0,1,1,0,0,Normal
13,2,5034,1,1,0.0,1,1,4,0,Normal
8,5,5704,1,1,0.0,1,1,1,0,Normal
12,5,0,0,1,1.0,0,0,6,0,Failed Login
12,1,4899,1,1,0.0,1,1,3,0,Normal
9,3,3304,1,1,0.0,0,0,6,0,Normal
9,4,7465,0,1,0.0,1,1,0,0,Normal
18,3,2807,1,1,0.0,1,1,0,0,Normal
17,4,1700,1,1,0.0,1,1,1,0,Normal
14,5,9117,1,1,0.0,1,1,4,0,Normal
10,3,982,1,1,0.0,1,1,4,0,Normal
18,1,0,0,1,2.0,0,0,3,0,Failed Login
17,4,6137,1,1,0.0,1,0,4,0,Suspicious Command
15,6,9620,1,1,0.0,1,1,1,0,Normal
14,3,11244,1,1,0.0,1,1,6,0,Normal
11,4,5881,1,1,0.0,0,0,4,0,Normal
8,2,3631,1,1,0.0,1,1,3,0,Normal
8,1,8940,1,1,0.0,1,1,3,0,Normal
14,6,7383,1,1,0.0,1,1,6,0,Normal
12,6,9912,1,1,0.0,1,1,0,0,Normal
17,1,11226,0,1,0.0,1,1,4,0,Normal
14,5,8500,1,1,0.0,1,1,0,0,Normal
10,1,11600,1,1,0.0,1,0,0,0,Unusual Resource Access
11,1,4573,1,1,0.0,1,1,3,0,Normal
17,0,6225,1,1,0.0,1,1,6,0,Normal
15,1,6946,1,1,0.0,1,0,1,0,Unusual Resource Access
11,3,0,0,1,1.0,1,0,0,0,Failed Login
18,4,3509,1,1,0.0,1,1,4,0,Normal
8,4,9415,1,1,0.0,0,0,0,0,Normal
22,1,7427,1,1,1.0,1,0,4,0,Off-Hours Access
16,3,2932,0,1,0.0,1,1,0,0,Normal
17,5,6904,1,1,1.0,1,1,1,0,Normal
15,2,6510,1,1,0.0,1,0,4,0,Suspicious Command
15,5,5410,1,1,0.0,1,1,3,0,Normal
16,6,6976,1,1,0.0,1,1,1,0,Normal
10,4,8106,1,1,0.0,1,1,0,0,Normal
10,6,10472,1,1,0.0,1,0,1,0,Suspicious Command
16,4,8714,1,1,0.0,1,1,0,0,Normal
10,1,9474,1,1,1.0,1,1,4,0,Normal
18,3,3773,1,1,0.0,1,1,0,0,Normal
7,4,9487,1,1,0.0,0,0,6,0,Off-Hours Access
18,6,6298,1,1,0.0,1,1,6,0,Normal
16,5,8217,1,1,0.0,1,1,6,0,Normal
10,3,8372,1,1,0.0,1,1,1,0,Normal
16,3,1943,1,1,0.0,1,1,1,0,Normal
11,1,8719,1,1,0.0,1,1,3,0,Normal
8,6,8736,0,1,0.0,1,1,1,0,Normal
1,1,11302,1,1,0.0,1,0,1,0,Off-Hours Access
14,3,11240,1,1,0.0,1,1,0,0,Normal
12,4,9619,1,1,0.0,1,1,4,0,Normal
16,5,3884,1,1,0.0,1,1,6,0,Normal
15,4,1974,1,1,0.0,1,1,1,0,Normal
15,5,4071,1,1,0.0,1,1,1,0,Normal
12,1,9590,1,1,0.0,1,1,4,0,Normal
17,3,6204,1,1,0.0,1,1,1,0,Normal
10,6,11755,1,1,0.0,1,1,3,0,Normal
18,3,4647,1,1,0.0,1,1,4,0,Normal
12,0,6367,1,1,0.0,1,1,4,0,Normal
15,5,7347,1,1,0.0,1,1,3,0,Normal
8,0,0,0,1,2.0,0,0,1,0,Failed Login
14,6,4167,1,1,1.0,1,1,3,0,Normal
12,2,3528,1,1,0.0,1,1,1,0,Normal
15,6,4993,1,1,1.0,1,1,0,0,Normal
18,3,3386,1,1,0.0,1,0,0,0,Suspicious Command
11,6,4917,1,1,1.0,1,1,0,0,Normal
12,2,1258,1,1,0.0,1,1,4,0,Normal
13,3,4419,1,1,0.0,1,1,0,0,Normal
13,2,5083,1,1,0.0,1,1,4,0,Normal
20,1,6258,1,1,0.0,1,0,6,0,Off-Hours Access
13,6,10161,0,1,0.0,1,1,6,0,Normal
10,5,10303,1,1,0.0,1,1,6,0,Normal
18,5,8293,1,1,0.0,1,1,0,0,Normal
10,4,8339,1,1,0.0,1,1,4,0,Normal
17,0,7288,0,1,0.0,1,1,3,0,Normal
10,1,11951,1,1,0.0,1,1,3,0,Normal
18,1,10351,1,1,0.0,1,1,4,0,Normal
12,1,9639,1,1,1.0,0,0,6,0,Normal
13,5,4670,1,1,0.0,1,1,4,0,Normal
14,0,6721,0,1,0.0,1,1,1,0,Normal
9,2,8173,1,1,0.0,1,1,6,0,Normal
15,2,7134,1,1,2.0,1,1,1,0,Normal
16,0,4029,1,1,0.0,1,0,4,0,Unusual Resource Access
16,6,9235,0,1,0.0,1,1,4,0,Normal
14,0,2283,1,1,0.0,1,0,1,0,Suspicious Command
12,2,3205,1,1,0.0,1,1,6,0,Normal
10,2,11018,1,1,0.0,1,0,4,0,Unusual Resource Access
10,1,11855,1,1,0.0,1,1,1,0,Normal
10,5,5914,1,1,1.0,0,0,1,0,Normal
17,3,6332,0,1,1.0,1,1,6,0,Normal
10,1,0,0,1,2.0,0,0,2,0,Failed Login
15,5,8115,1,1,0.0,0,0,3,0,Normal
12,3,6889,1,1,0.0,1,1,3,0,Normal
17,4,9333,1,1,0.0,1,1,1,0,Normal
9,4,10976,0,1,0.0,1,1,4,0,Normal
18,0,11850,1,1,0.0,1,1,0,0,Normal
12,2,7814,1,1,0.0,1,1,4,0,Normal
8,3,4142,1,1,1.0,1,1,6,0,Normal
11,3,0,0,1,1.0,0,0,0,0,Failed Login
16,3,11639,1,1,0.0,1,1,4,0,Normal
10,5,9893,1,1,0.0,1,1,0,0,Normal
16,5,7888,1,1,0.0,1,1,4,0,Normal
9,6,2870,1,1,0.0,1,1,6,0,Normal
12,6,0,0,1,1.0,0,0,5,0,Failed Login
16,6,9592,1,1,0.0,1,1,3,0,Normal
16,6,7035,1,1,0.0,1,1,1,0,Normal
18,1,3391,1,1,0.0,1,1,1,0,Normal
8,3,9448,1,1,0.0,1,1,0,0,Normal
12,6,10005,1,1,0.0,1,1,4,0,Normal
17,4,7623,1,1,1.0,1,1,6,0,Normal
11,0,7306,1,1,0.0,1,1,0,0,Normal
9,6,7477,0,1,1.0,1,1,1,0,Normal
11,6,6265,0,1,0.0,1,1,4,0,Normal
9,4,4704,1,1,1.0,1,1,0,0,Normal
16,5,3417,0,1,0.0,1,1,0,0,Normal
14,3,11171,1,1,0.0,0,0,6,0,Normal
15,2,9466,0,1,0.0,1,1,1,0,Normal
17,0,11793,1,1,0.0,1,1,1,0,Normal
9,1,5023,1,1,0.0,1,1,4,0,Normal
12,2,2556,1,1,0.0,1,1,6,0,Normal
11,3,2603,1,1,1.0,1,1,4,0,Normal
17,0,11837,1,1,0.0,1,1,3,0,Normal
18,6,2824,1,1,0.0,1,1,6,0,Normal
17,2,6590,1,1,0.0,1,1,6,0,Normal
16,6,11862,0,1,0.0,1,1,0,0,Normal
18,2,7652,1,1,0.0,1,1,4,0,Normal
12,1,4974,1,1,0.0,1,1,4,0,Normal
15,5,4330,1,1,0.0,1,1,1,0,Normal
14,4,9089,1,1,0.0,1,1,1,0,Normal
16,0,5910,0,1,0.0,1,1,4,0,Normal
17,5,4212,1,1,0.0,1,1,0,0,Normal
15,6,3661,1,1,1.0,1,1,1,0,Normal
12,6,2383,0,1,1.0,1,0,1,0,Unusual Resource Access
13,6,3079,1,1,1.0,1,1,0,0,Normal
12,4,6205,1,1,1.0,1,1,6,0,Normal
16,2,9001,1,1,0.0,1,1,6,0,Normal
15,2,1103,1,1,0.0,1,1,1,0,Normal
17,1,10014,1,1,0.0,1,1,0,0,Normal
5,0,6750,1,1,0.0,1,0,4,0,Off-Hours Access
13,6,10385,1,1,0.0,1,1,3,0,Normal
16,6,6036,0,1,0.0,1,1,3,0,Normal
18,3,5309,1,1,0.0,1,1,0,0,Normal
15,2,3707,0,1,0.0,1,1,6,0,Normal
8,1,3322,0,1,0.0,1,1,0,0,Normal
12,4,9721,1,1,0.0,1,0,4,0,Suspicious Command
16,6,10515,1,1,0.0,1,1,3,0,Normal
13,3,10957,0,1,0.0,1,1,6,0,Normal
11,0,3869,0,1,0.0,1,1,1,0,Normal
9,5,7247,1,1,1.0,1,1,3,0,Normal
10,3,2470,1,1,0.0,1,1,1,0,Normal
12,1,8301,1,1,0.0,1,0,4,0,Suspicious Command
17,2,7013,0,1,0.0,0,0,6,0,Normal
8,4,3878,1,1,1.0,1,0,0,0,Suspicious Command
9,6,7030,1,1,1.0,1,1,3,0,Normal
10,3,1397,1,1,0.0,1,1,0,0,Normal
9,2,2665,1,1,0.0,1,1,4,0,Normal
9,0,3443,1,1,0.0,1,1,3,0,Normal
18,3,2806,1,1,1.0,1,1,0,0,Normal
13,2,0,0,1,1.0,0,0,5,0,Failed Login
18,4,10124,1,1,0.0,0,0,3,0,Normal
16,5,6148,1,1,0.0,1,1,4,0,Normal
18,4,7077,0,1,0.0,1,1,0,0,Normal
13,5,5931,0,1,0.0,1,0,1,0,Unusual Resource Access
13,1,1358,0,1,0.0,1,1,3,0,Normal
16,6,9484,1,1,1.0,1,1,3,0,Normal
8,2,8391,1,1,0.0,1,1,6,0,Normal
11,4,11392,1,1,0.0,1,1,3,0,Normal
11,0,7485,1,1,1.0,1,0,4,0,Suspicious Command
11,0,1067,1,1,0.0,1,0,0,0,Suspicious Command
12,0,5052,1,1,0.0,1,1,0,0,Normal
8,0,11761,1,1,0.0,1,1,1,0,Normal
9,5,9686,1,1,0.0,1,0,4,0,Suspicious Command
12,6,4211,0,1,0.0,1,1,0,0,Normal
10,1,8744,0,1,0.0,1,1,0,0,Normal
14,0,4860,1,1,0.0,1,1,6,0,Normal
15,6,3996,1,1,0.0,1,1,3,0,Normal
17,3,5009,1,1,0.0,1,1,4,0,Normal
18,2,3408,1,1,0.0,1,1,0,0,Normal
18,0,3248,1,1,0.0,1,0,3,0,Unusual Resource Access
9,3,9387,1,1,0.0,1,0,0,0,Normal
13,0,2600,1,1,0.0,1,0,1,0,Normal
17,2,11464,1,1,0.0,0,0,0,0,Unusual Resource Access
14,0,10936,1,1,0.0,1,1,0,0,Normal
15,1,9689,1,1,0.0,1,1,0,0,Normal
10,1,0,0,1,1.0,0,0,0,0,Failed Login
18,6,7799,1,1,0.0,1,1,0,0,Normal
14,2,6241,1,1,0.0,1,1,4,0,Normal
11,4,5928,1,1,0.0,1,0,4,0,Unusual Resource Access
9,3,11116,1,1,0.0,1,1,4,0,Normal
16,5,3723,1,1,0.0,1,0,3,0,Unusual Resource Access
17,2,10321,1,1,0.0,1,1,0,0,Normal
15,5,1764,1,1,1.0,1,0,6,0,Suspicious Command
13,5,5939,1,1,0.0,1,1,1,0,Normal
13,3,6447,1,1,0.0,1,1,0,0,Normal
16,5,7702,0,1,0.0,1,1,1,0,Normal
10,1,5507,1,1,0.0,1,1,0,0,Normal
10,2,1545,1,1,0.0,1,1,6,0,Normal
10,3,6837,1,1,0.0,1,1,3,0,Normal
8,2,6466,0,1,0.0,1,1,4,0,Normal
23,6,9005,1,1,0.0,1,0,4,0,Off-Hours Access
14,6,4046,1,1,1.0,1,1,4,0,Normal
8,2,1752,1,1,0.0,1,1,1,0,Normal
15,3,5370,1,1,0.0,1,1,6,0,Normal
16,5,1074,1,1,0.0,1,1,3,0,Normal
23,0,6505,1,1,0.0,1,0,0,0,Off-Hours Access
12,4,5514,1,1,1.0,1,1,0,0,Normal
18,3,2759,0,1,0.0,1,1,3,0,Normal
11,5,1964,1,1,0.0,1,1,4,0,Normal
9,5,1120,1,1,0.0,1,1,6,0,Normal
9,0,11238,1,1,0.0,1,1,0,0,Normal
17,5,4168,1,1,0.0,1,1,1,0,Normal
19,3,4132,1,1,0.0,1,0,0,0,Off-Hours Access
15,0,8150,1,1,1.0,1,1,6,0,Normal
11,0,0,0,1,1.0,1,0,5,0,Failed Login
17,0,9201,1,1,0.0,1,1,0,0,Normal
13,3,1014,1,1,0.0,1,1,3,0,Normal
9,0,6539,1,1,0.0,1,1,0,0,Normal
14,0,11951,0,1,0.0,1,1,6,0,Normal
13,3,10225,1,1,0.0,1,1,6,0,Normal
15,4,8913,1,1,0.0,1,1,4,0,Normal
11,1,6681,1,1,0.0,1,1,6,0,Normal
14,5,3401,1,1,0.0,1,1,0,0,Normal
10,2,11257,1,1,0.0,0,0,0,0,Normal
18,1,10614,1,1,1.0,1,1,1,0,Normal
19,0,8871,1,1,0.0,1,0,1,0,Off-Hours Access
10,1,2636,0,1,0.0,1,1,4,0,Normal
12,0,8997,1,1,0.0,1,1,3,0,Normal
12,2,11229,1,1,0.0,0,0,4,0,Normal
10,0,7017,1,1,0.0,1,1,4,0,Normal
9,3,7732,1,1,0.0,1,1,4,0,Normal
11,3,5496,1,1,0.0,1,1,0,0,Normal
11,5,11265,1,1,0.0,1,1,4,0,Normal
11,0,10129,1,1,1.0,1,1,0,0,Normal
9,2,6169,0,1,1.0,1,1,3,0,Normal
12,0,4065,1,1,0.0,1,1,0,0,Normal
8,6,11272,0,1,0.0,1,1,1,0,Normal
15,0,6143,1,1,0.0,1,1,4,0,Normal
11,5,10813,0,1,1.0,1,1,3,0,Normal
11,4,4966,1,1,0.0,1,1,4,0,Normal
8,0,3260,1,1,0.0,1,1,1,0,Normal
14,1,0,0,1,1.0,0,0,5,0,Failed Login
12,2,5565,1,1,0.0,1,1,0,0,Normal
9,2,8716,1,1,0.0,0,0,3,0,Normal
14,4,11489,1,1,0.0,1,1,0,0,Normal
8,0,0,0,1,1.0,1,0,0,0,Failed Login
23,5,9831,1,1,0.0,1,0,0,0,Off-Hours Access
14,1,2365,1,1,0.0,1,1,3,0,Normal
12,5,11463,1,1,0.0,1,1,6,0,Normal
11,1,11292,1,1,0.0,1,0,0,0,Unusual Resource Access
12,5,0,0,1,2.0,1,0,4,0,Failed Login
17,4,3589,1,1,1.0,1,1,3,0,Normal
18,2,6380,1,1,0.0,0,0,4,0,Suspicious Command
14,3,1372,1,1,1.0,1,1,0,0,Normal
10,1,2648,1,1,0.0,1,1,0,0,Normal
12,6,5870,1,1,0.0,1,1,3,0,Normal
11,1,9085,1,1,0.0,1,0,1,0,Suspicious Command
14,2,8767,1,1,0.0,1,1,0,0,Normal
11,2,904,1,1,0.0,1,1,6,0,Normal
8,1,8191,1,1,1.0,1,1,4,0,Normal
8,5,7833,1,1,0.0,1,1,1,0,Normal
18,1,11331,1,1,0.0,1,0,6,0,Suspicious Command
15,3,2310,1,1,1.0,1,1,6,0,Normal
17,2,5324,0,1,1.0,1,1,4,0,Normal
10,4,7083,0,1,1.0,1,1,0,0,Normal
15,0,10349,0,1,0.0,1,1,6,0,Normal
12,2,4221,1,1,0.0,1,1,0,0,Normal
11,3,5594,1,1,0.0,1,0,6,0,Suspicious Command
15,6,3750,1,1,0.0,1,0,4,0,Unusual Resource Access
13,2,11920,1,1,0.0,1,1,1,0,Normal
13,1,5048,1,1,0.0,1,1,3,0,Normal
15,1,1600,1,1,0.0,1,1,1,0,Normal
10,1,11266,1,1,0.0,1,1,3,0,Normal
10,6,2239,1,1,0.0,1,1,0,0,Normal
16,4,10328,0,1,0.0,1,1,6,0,Normal
10,2,8914,0,1,0.0,1,1,4,0,Normal
13,6,11662,1,1,0.0,1,1,3,0,Normal
14,6,11393,1,1,0.0,1,1,1,0,Normal
11,3,11357,1,1,0.0,1,0,3,0,Suspicious Command
8,1,2883,1,1,0.0,1,1,4,0,Normal
9,2,2848,1,1,0.0,1,1,0,0,Normal
17,2,7042,1,1,0.0,1,1,0,0,Normal
15,6,1586,1,1,0.0,1,1,3,0,Normal
13,3,8659,1,1,0.0,1,1,4,0,Normal
9,5,6651,1,1,0.0,1,1,3,0,Normal
8,0,5031,1,1,0.0,1,1,0,0,Normal
18,4,9954,1,1,0.0,1,0,4,0,Suspicious Command
9,1,11963,1,1,0.0,1,1,3,0,Normal
9,2,5401,1,1,0.0,1,1,0,0,Normal
16,3,10495,0,1,0.0,1,1,4,0,Normal
15,2,5656,1,1,0.0,1,1,6,0,Normal
10,2,8799,1,1,0.0,1,1,1,0,Normal
18,5,8185,1,1,0.0,1,0,1,0,Suspicious Command
10,6,7758,0,1,0.0,1,0,3,0,Unusual Resource Access
3,1,3554,0,1,0.0,1,0,6,0,Off-Hours Access
11,2,10031,1,1,0.0,1,1,4,0,Normal
18,6,0,0,1,1.0,0,0,3,0,Failed Login
8,4,10494,1,1,0.0,1,1,4,0,Normal
10,6,4398,1,1,0.0,1,1,0,0,Normal
9,1,11277,1,1,0.0,1,1,3,0,Normal
10,4,3282,1,1,0.0,1,1,3,0,Normal
17,4,11150,1,1,0.0,1,0,0,0,Normal
8,1,6150,1,1,0.0,1,1,6,0,Normal
13,2,0,0,1,2.0,0,0,1,0,Failed Login
14,2,3284,1,1,0.0,0,0,6,0,Normal
12,0,9670,1,1,0.0,1,1,4,0,Normal
15,1,10559,1,1,0.0,1,1,0,0,Normal
17,0,8589,1,1,0.0,1,1,1,0,Normal
16,5,5022,1,1,0.0,1,1,6,0,Normal
12,1,6029,1,1,0.0,1,1,1,0,Normal
12,6,11977,1,1,0.0,1,1,3,0,Normal
18,1,3181,1,1,0.0,1,1,3,0,Normal
13,2,10699,1,1,0.0,1,0,1,0,Unusual Resource Access
4,1,2938,1,1,0.0,1,0,6,0,Off-Hours Access
8,0,9010,1,1,0.0,1,1,4,0,Normal
16,3,5253,0,1,0.0,1,1,1,0,Normal
17,3,7238,1,1,0.0,1,1,0,0,Normal
13,5,7834,1,1,0.0,0,0,6,0,Unusual Resource Access
3,2,10248,1,1,0.0,1,0,3,0,Off-Hours Access
11,6,10470,1,1,0.0,1,1,3,0,Normal
14,0,0,0,1,1.0,0,0,5,0,Failed Login
10,0,5478,0,1,0.0,1,1,1,0,Normal
14,4,8209,1,1,0.0,1,1,0,0,Normal
14,4,4260,1,1,0.0,1,0,4,0,Suspicious Command
16,2,9076,1,1,0.0,1,1,6,0,Normal
11,0,10746,1,1,0.0,1,1,6,0,Normal
7,0,11475,1,1,0.0,1,0,3,0,Off-Hours Access
8,6,6790,1,1,0.0,1,1,4,0,Normal
15,4,8065,1,1,0.0,1,1,6,0,Normal
12,6,4490,1,1,0.0,1,1,1,0,Normal
16,0,7149,1,1,0.0,1,1,6,0,Normal
10,4,1720,1,1,1.0,1,1,3,0,Normal
15,3,8041,1,1,0.0,1,1,1,0,Normal
10,4,2411,1,1,0.0,1,1,1,0,Normal
10,6,7834,1,1,0.0,1,1,0,0,Normal
17,1,0,0,1,1.0,0,0,4,0,Failed Login
10,3,7352,1,1,0.0,1,0,6,0,Suspicious Command
10,3,3769,1,1,0.0,1,0,0,0,Suspicious Command
18,0,7083,1,1,1.0,1,1,6,0,Normal
15,4,9771,1,1,0.0,1,1,3,0,Normal
18,2,10361,1,1,0.0,1,1,3,0,Normal
14,4,2968,1,1,0.0,1,1,0,0,Normal
13,0,10802,1,1,0.0,1,1,6,0,Normal
8,6,1162,1,1,0.0,1,1,1,0,Normal
10,5,11534,1,1,0.0,1,1,1,0,Normal
8,6,5043,1,1,0.0,0,0,0,0,Normal
13,2,3036,1,1,1.0,1,1,0,0,Normal
18,6,7028,0,1,0.0,1,1,4,0,Normal
18,0,10701,1,1,0.0,1,1,6,0,Normal
15,5,6675,1,1,0.0,1,1,6,0,Normal
10,4,10101,1,1,0.0,1,1,1,0,Normal
18,1,9370,0,1,0.0,1,0,4,0,Unusual Resource Access
15,2,11307,1,1,0.0,1,0,0,0,Suspicious Command
2,5,4072,1,1,0.0,1,0,0,0,Off-Hours Access
10,2,5080,1,1,2.0,1,1,3,0,Normal
8,0,4489,1,1,0.0,1,1,6,0,Normal
9,3,11005,1,1,0.0,1,1,4,0,Normal
17,3,11246,1,1,1.0,1,1,4,0,Normal
18,2,5470,1,1,0.0,1,1,3,0,Normal
14,2,9236,1,1,0.0,1,1,4,0,Normal
8,0,2644,1,1,0.0,1,1,4,0,Normal
11,1,3410,0,1,0.0,1,1,0,0,Normal
14,1,5800,0,1,0.0,1,1,4,0,Normal
0,3,5946,0,1,0.0,1,0,4,0,Off-Hours Access
14,3,7946,1,1,1.0,1,1,0,0,Normal
10,0,6259,1,1,1.0,1,1,3,0,Normal
9,5,9753,1,1,0.0,1,1,1,0,Normal
18,3,8620,1,1,0.0,1,1,6,0,Normal
13,0,0,0,1,1.0,0,0,6,0,Failed Login
10,1,2661,1,1,0.0,1,1,0,0,Normal
9,4,3171,0,1,0.0,1,1,4,0,Normal
10,3,9033,1,1,0.0,1,1,6,0,Normal
14,3,8644,1,1,0.0,1,1,1,0,Normal
12,4,4752,1,1,1.0,1,1,0,0,Normal
11,1,1502,0,1,0.0,1,1,1,0,Normal
10,5,3346,1,1,0.0,1,1,1,0,Normal
13,5,8032,1,1,0.0,1,1,0,0,Normal
18,2,4336,1,1,0.0,1,1,4,0,Normal
11,0,1414,1,1,0.0,1,1,6,0,Normal
15,0,8266,1,1,1.0,1,1,4,0,Normal
14,3,3914,0,1,0.0,1,1,3,0,Normal
9,1,1588,1,1,0.0,1,1,1,0,Normal
12,3,7746,0,1,0.0,1,1,1,0,Normal
13,3,6424,0,1,0.0,1,1,4,0,Normal
16,0,6347,1,1,1.0,1,1,1,0,Normal
16,0,4122,1,1,0.0,1,1,3,0,Normal
17,4,8378,0,1,0.0,1,1,3,0,Normal
17,1,7736,1,1,0.0,1,1,0,0,Normal
17,5,5819,1,1,0.0,1,1,4,0,Normal
17,2,970,1,1,0.0,1,1,4,0,Normal
15,0,9120,1,1,1.0,1,0,6,0,Suspicious Command
8,2,9650,1,1,0.0,1,1,1,0,Normal
11,5,6283,1,1,1.0,1,1,3,0,Normal
18,2,11497,1,1,0.0,0,0,4,0,Normal
12,6,5631,1,1,0.0,1,0,6,0,Unusual Resource Access
16,3,3448,1,1,1.0,1,1,6,0,Normal
11,2,2757,1,1,0.0,0,0,1,0,Normal
16,4,8784,1,1,1.0,1,1,6,0,Normal
9,6,4001,1,1,0.0,1,1,0,0,Normal
17,3,3558,1,1,1.0,1,1,6,0,Normal
16,0,0,0,1,1.0,0,0,5,0,Failed Login
18,0,4162,1,1,0.0,1,0,4,0,Suspicious Command
8,1,8493,1,1,1.0,1,0,4,0,Unusual Resource Access
17,5,11139,1,1,1.0,1,0,6,0,Suspicious Command
13,1,7873,1,1,0.0,1,1,3,0,Normal
12,3,7119,1,1,0.0,0,0,4,0,Normal
9,1,9063,1,1,1.0,1,1,6,0,Normal
12,2,3151,1,1,0.0,1,1,6,0,Normal
12,5,2927,1,1,0.0,1,1,4,0,Normal
9,6,6003,1,1,0.0,1,1,4,0,Normal
9,3,9846,1,1,0.0,1,1,3,0,Normal
14,5,7784,0,1,1.0,1,1,4,0,Normal
10,3,965,0,1,0.0,0,0,3,0,Normal
2,6,1175,1,1,0.0,1,0,6,0,Off-Hours Access
10,3,7583,0,1,0.0,1,1,1,0,Normal
11,6,1872,1,1,0.0,1,1,1,0,Normal
11,0,6540,1,1,0.0,1,1,4,0,Normal
17,1,10998,1,1,0.0,1,1,1,0,Normal
18,3,2777,1,1,0.0,1,1,6,0,Normal
10,3,2865,1,1,0.0,1,1,3,0,Normal
11,3,2714,1,1,0.0,1,0,1,0,Suspicious Command
11,5,11516,1,1,1.0,1,1,1,0,Normal
14,5,8164,1,1,0.0,1,1,4,0,Normal
11,6,11809,1,1,2.0,1,0,1,0,Normal
14,3,7999,1,1,0.0,1,1,6,0,Normal
2,2,9576,1,1,0.0,1,0,6,0,Off-Hours Access
12,6,4191,1,1,0.0,1,1,0,0,Normal
12,0,8078,1,1,0.0,1,1,1,0,Normal
15,1,9250,1,1,1.0,1,1,3,0,Normal
13,4,0,0,1,1.0,0,0,6,0,Failed Login
18,2,10311,1,1,0.0,1,1,3,0,Normal
15,1,1220,1,1,0.0,1,1,1,0,Normal
8,5,2677,1,1,1.0,1,1,1,0,Normal
12,1,4168,1,1,0.0,1,1,3,0,Normal
17,0,7124,1,1,0.0,1,1,6,0,Normal
8,5,8623,1,1,1.0,1,1,4,0,Normal
11,3,2149,0,1,1.0,1,1,6,0,Normal
14,2,8552,1,1,0.0,1,1,1,0,Normal
9,4,3123,1,1,0.0,1,1,0,0,Normal
8,5,7603,0,1,0.0,1,1,3,0,Normal
15,2,6483,1,1,0.0,1,1,6,0,Normal
17,3,6318,1,1,1.0,1,0,0,0,Suspicious Command
11,6,2497,1,1,0.0,1,0,6,0,Suspicious Command
11,3,8450,1,1,0.0,1,0,4,0,Suspicious Command
17,2,4245,1,1,0.0,1,1,6,0,Normal
10,1,8661,1,1,0.0,1,1,1,0,Normal
16,3,0,0,1,1.0,0,0,0,0,Failed Login
16,4,10494,1,1,0.0,1,1,3,0,Normal
20,0,7548,1,1,1.0,1,0,6,0,Off-Hours Access
15,5,2789,1,1,1.0,1,1,3,0,Normal
16,2,8753,1,1,1.0,1,1,3,0,Normal
10,0,9731,1,1,0.0,1,1,1,0,Normal
16,3,2115,1,1,0.0,1,1,3,0,Normal
16,5,5178,1,1,0.0,1,1,4,0,Normal
8,0,7816,0,1,0.0,1,0,0,0,Unusual Resource Access
13,5,2270,1,1,0.0,1,0,6,0,Suspicious Command
18,4,11235,1,1,0.0,1,0,6,0,Suspicious Command
13,6,11477,1,1,0.0,1,1,3,0,Normal
16,4,11846,1,1,0.0,0,0,3,0,Normal
16,3,3779,1,1,0.0,1,1,1,0,Normal
8,6,1561,1,1,0.0,1,1,0,0,Normal
17,3,4924,1,1,0.0,0,0,4,0,Normal
13,4,9584,1,1,0.0,1,1,4,0,Normal
11,5,9283,1,1,1.0,1,1,4,0,Normal
13,3,7049,1,1,0.0,0,0,3,0,Normal
18,3,4306,1,1,0.0,1,1,0,0,Normal
16,0,1178,1,1,0.0,1,1,4,0,Normal
8,4,11149,1,1,0.0,1,0,4,0,Suspicious Command
10,1,4979,1,1,2.0,1,1,0,0,Normal
11,5,5287,1,1,1.0,1,1,0,0,Normal
14,6,9447,1,1,0.0,1,1,1,0,Normal
8,0,6933,1,1,0.0,1,1,1,0,Normal
12,5,8468,1,1,0.0,1,1,6,0,Normal
18,4,7022,1,1,0.0,1,1,4,0,Normal
10,3,6469,1,1,0.0,1,1,4,0,Normal
8,1,7081,1,1,0.0,1,1,0,0,Normal
12,1,9177,0,1,0.0,1,1,3,0,Normal
11,6,3823,1,1,0.0,1,1,3,0,Normal
15,6,1515,1,1,0.0,1,0,4,0,Normal
11,4,6717,1,1,1.0,1,1,1,0,Normal
9,5,2574,0,1,0.0,1,1,1,0,Normal
16,2,1691,1,1,0.0,1,1,3,0,Normal
18,4,4451,1,1,1.0,1,1,0,0,Normal
8,2,2158,0,1,0.0,1,1,6,0,Normal
14,5,7571,1,1,0.0,1,1,3,0,Normal
8,4,1335,1,1,0.0,1,1,1,0,Normal
14,5,10684,1,1,0.0,1,1,1,0,Normal
13,0,5547,1,1,0.0,1,1,4,0,Normal
14,3,4401,1,1,0.0,1,1,3,0,Normal
10,6,5999,1,1,1.0,1,1,6,0,Normal
16,1,2683,1,1,0.0,1,1,4,0,Normal
16,0,10510,1,1,0.0,1,1,6,0,Normal
1,0,5716,0,1,0.0,1,0,4,0,Off-Hours Access
8,1,6429,1,1,1.0,1,1,6,0,Normal
14,1,2472,0,1,0.0,1,1,3,0,Normal
8,1,9423,1,1,0.0,1,1,6,0,Normal
17,2,3423,1,1,0.0,1,1,0,0,Normal
11,4,2682,1,1,0.0,1,0,0,0,Unusual Resource Access
14,3,11077,1,1,1.0,1,1,1,0,Normal
8,4,9985,0,1,0.0,1,1,4,0,Normal
11,5,8713,1,1,0.0,1,1,1,0,Normal
10,4,4729,1,1,0.0,1,1,1,0,Normal
8,5,1195,1,1,0.0,1,1,0,0,Normal
17,6,5581,1,1,1.0,1,1,4,0,Normal
15,3,7500,1,1,0.0,1,1,1,0,Normal
14,1,7058,1,1,0.0,1,1,3,0,Normal
17,1,2368,1,1,1.0,1,1,0,0,Normal
13,6,0,0,1,1.0,0,0,1,0,Failed Login
11,2,5723,1,1,1.0,1,1,1,0,Normal
14,1,7581,1,1,0.0,1,1,6,0,Normal
10,3,7743,0,1,0.0,1,1,0,0,Normal
12,1,1186,1,1,0.0,1,0,3,0,Suspicious Command
13,2,10177,1,1,0.0,1,1,1,0,Normal
10,5,9821,1,1,0.0,1,1,4,0,Normal
9,3,10286,1,1,0.0,1,1,0,0,Normal
11,4,7878,0,1,0.0,1,1,0,0,Normal
16,6,2869,1,1,1.0,1,1,4,0,Normal
16,0,5991,1,1,0.0,1,1,3,0,Normal
8,2,8738,1,1,0.0,1,1,1,0,Normal
16,2,4067,1,1,1.0,1,0,6,0,Unusual Resource Access
8,0,9547,0,1,1.0,1,1,0,0,Normal
17,1,0,0,1,1.0,0,0,0,0,Failed Login
2,6,7506,1,1,0.0,1,0,0,0,Off-Hours Access
10,0,2408,1,1,0.0,1,1,3,0,Normal
15,0,3537,1,1,0.0,1,1,6,0,Normal
8,3,5205,0,1,0.0,1,1,3,0,Normal
11,2,9824,1,1,1.0,1,0,0,0,Suspicious Command
10,1,10778,1,1,0.0,1,1,6,0,Normal
14,2,3068,1,1,0.0,1,1,4,0,Normal
14,6,8231,0,1,0.0,1,1,1,0,Normal
17,3,6192,0,1,0.0,1,1,3,0,Normal
16,4,5412,1,1,0.0,1,1,0,0,Normal
18,1,8607,1,1,0.0,1,1,0,0,Normal
15,2,3690,1,1,0.0,1,1,3,0,Normal
18,0,9847,1,1,0.0,1,0,3,0,Suspicious Command
18,3,7879,1,1,0.0,1,1,1,0,Normal
11,5,3803,1,1,0.0,1,1,3,0,Normal
11,5,8974,1,1,1.0,1,1,6,0,Normal
14,1,8736,1,1,0.0,1,1,0,0,Normal
11,3,3300,1,1,0.0,1,1,3,0,Normal
14,2,11695,1,1,0.0,1,1,6,0,Normal
13,1,5240,1,1,0.0,1,0,6,0,Suspicious Command
9,4,10249,1,1,0.0,1,1,6,0,Normal
17,2,9653,1,1,0.0,1,1,3,0,Normal
17,0,1164,1,1,0.0,1,1,3,0,Normal
13,3,4665,1,1,0.0,0,0,3,0,Normal
17,4,5681,1,1,0.0,1,1,3,0,Normal
13,0,9969,1,1,0.0,1,1,3,0,Normal
13,4,8401,1,1,0.0,1,1,3,0,Normal
9,2,9812,1,1,0.0,1,1,1,0,Normal
16,1,10985,1,1,0.0,1,1,6,0,Normal
17,4,10901,1,1,0.0,1,1,0,0,Normal
17,6,9046,1,1,0.0,0,0,3,0,Normal
13,6,8992,1,1,1.0,1,1,1,0,Normal
13,5,7430,1,1,0.0,1,1,6,0,Normal
11,6,1389,1,1,0.0,1,1,4,0,Normal
14,0,8381,1,1,0.0,1,1,4,0,Normal
19,5,7356,1,1,0.0,1,0,0,0,Off-Hours Access
17,0,10281,1,1,0.0,1,0,3,0,Suspicious Command
12,0,9633,1,1,0.0,1,1,1,0,Normal
15,3,3647,1,1,1.0,1,1,0,0,Normal
11,6,9579,1,1,1.0,1,1,4,0,Normal
6,1,10892,0,1,0.0,1,0,4,0,Off-Hours Access
18,5,1024,1,1,0.0,1,1,1,0,Normal
18,5,2120,1,1,0.0,1,1,3,0,Normal
15,0,9444,1,1,0.0,1,1,1,0,Normal
8,3,7363,1,1,0.0,1,1,1,0,Normal
9,2,2656,1,1,0.0,1,1,1,0,Normal
11,2,9493,0,1,1.0,1,1,0,0,Normal
13,2,5254,1,1,0.0,1,1,3,0,Normal
9,1,6697,1,1,0.0,1,1,6,0,Normal
9,4,8647,1,1,0.0,1,1,3,0,Normal
10,0,5351,1,1,0.0,1,1,6,0,Normal
16,4,3567,1,1,0.0,1,1,0,0,Normal
14,3,10461,1,1,0.0,1,1,4,0,Normal
16,2,3645,1,1,0.0,1,1,4,0,Normal
13,4,11257,1,1,0.0,1,1,3,0,Normal
13,6,3812,1,1,0.0,1,1,4,0,Normal
9,0,1316,1,1,0.0,1,1,4,0,Normal
10,3,11372,1,1,0.0,0,0,4,0,Normal
7,2,11277,1,1,0.0,1,0,3,0,Off-Hours Access
18,0,5559,1,1,0.0,1,1,4,0,Normal
14,0,3260,1,1,0.0,1,1,0,0,Normal
18,2,11437,1,1,0.0,1,1,4,0,Normal
13,6,6942,1,1,0.0,1,1,1,0,Normal
16,4,2634,1,1,0.0,1,1,3,0,Normal
10,4,0,0,1,1.0,0,0,3,0,Failed Login
12,1,9956,1,1,0.0,1,1,1,0,Normal
5,0,11184,1,1,0.0,1,0,4,0,Off-Hours Access
10,0,6231,1,1,0.0,1,1,6,0,Normal
18,5,11675,1,1,0.0,1,1,0,0,Normal
8,0,2881,1,1,1.0,1,1,0,0,Normal
18,2,3878,1,1,1.0,1,0,6,0,Unusual Resource Access
17,6,0,0,1,1.0,0,0,2,0,Failed Login
10,2,2901,1,1,0.0,1,0,4,0,Unusual Resource Access
15,2,5648,1,1,0.0,1,1,0,0,Normal
12,3,2808,1,1,0.0,1,1,3,0,Normal
17,1,10255,1,1,0.0,1,1,1,0,Normal
13,3,0,0,1,1.0,0,0,2,0,Failed Login
11,4,11962,1,1,0.0,1,1,6,0,Normal
14,6,9397,1,1,0.0,1,0,0,0,Suspicious Command
15,6,11833,1,1,0.0,1,1,4,0,Normal
16,1,10301,1,1,0.0,1,0,3,0,Suspicious Command
13,4,10515,1,1,0.0,1,0,1,0,Suspicious Command
12,4,11611,1,1,0.0,0,0,4,0,Normal
11,0,1693,1,1,0.0,1,0,1,0,Unusual Resource Access
11,5,7619,1,1,0.0,1,1,0,0,Normal
18,0,0,0,1,1.0,1,0,3,0,Failed Login
3,5,4314,1,1,0.0,1,0,0,0,Off-Hours Access
15,0,0,0,1,1.0,0,0,6,0,Failed Login
13,6,11794,1,1,0.0,1,1,3,0,Normal
14,4,11827,1,1,1.0,1,0,1,0,Suspicious Command
17,6,4649,1,1,0.0,1,1,6,0,Normal
14,1,0,0,1,1.0,1,0,1,0,Failed Login
0,3,1907,1,1,0.0,1,0,3,0,Off-Hours Access
14,4,7655,1,1,0.0,1,1,6,0,Normal
16,4,0,0,1,1.0,0,0,6,0,Failed Login
23,0,6976,0,1,0.0,1,0,3,0,Off-Hours Access
13,5,3725,1,1,0.0,1,1,0,0,Normal
10,5,8013,0,1,0.0,0,0,0,0,Normal
9,3,0,0,1,1.0,0,0,0,0,Failed Login
16,1,9368,0,1,0.0,1,1,6,0,Normal
17,6,1896,1,1,0.0,1,1,4,0,Normal
14,3,0,0,1,1.0,0,0,5,0,Failed Login
15,3,3766,0,1,0.0,1,1,0,0,Normal
0,6,989,1,1,1.0,1,0,6,0,Off-Hours Access
11,2,6687,1,1,0.0,1,0,6,0,Suspicious Command
4,2,2011,0,1,0.0,1,0,3,0,Off-Hours Access
15,6,0,0,1,1.0,0,0,6,0,Failed Login
11,5,3720,0,1,0.0,1,1,4,0,Normal
8,4,11493,1,1,0.0,1,1,4,0,Normal
17,0,11517,0,1,0.0,1,1,1,0,Normal
18,2,10779,1,1,0.0,1,1,0,0,Normal
14,3,3754,1,1,0.0,1,0,1,0,Unusual Resource Access
16,1,5636,1,1,0.0,1,1,3,0,Normal
15,0,5227,1,1,0.0,1,1,6,0,Normal
10,2,1735,1,1,1.0,1,1,0,0,Normal
10,5,1799,1,1,0.0,1,1,0,0,Normal
8,2,9841,1,1,0.0,1,1,6,0,Normal
17,2,9165,1,1,0.0,1,1,3,0,Normal
9,6,9706,1,1,0.0,1,1,6,0,Normal
8,4,7437,1,1,0.0,1,1,3,0,Normal
9,0,9307,1,1,1.0,0,0,3,0,Normal
16,2,9732,1,1,0.0,1,1,6,0,Normal
16,3,6146,1,1,0.0,1,1,0,0,Normal
11,0,5807,1,1,0.0,1,1,6,0,Normal
18,1,3364,1,1,1.0,1,0,3,0,Unusual Resource Access
17,0,5276,0,1,0.0,1,1,6,0,Normal
12,5,7838,0,1,0.0,1,1,3,0,Normal
16,3,8887,1,1,0.0,1,1,1,0,Normal
14,5,10419,1,1,1.0,1,1,0,0,Normal
8,1,1319,1,1,0.0,1,0,3,0,Unusual Resource Access
10,4,3405,1,1,0.0,1,1,6,0,Normal
10,6,4537,1,1,0.0,1,0,3,0,Unusual Resource Access
16,5,8041,1,1,0.0,1,1,6,0,Normal
16,6,2016,1,1,0.0,1,1,3,0,Normal
9,4,2750,1,1,0.0,0,0,1,0,Normal
17,5,7574,0,1,0.0,1,1,1,0,Normal
14,4,3956,1,1,0.0,1,1,4,0,Normal
16,5,6346,1,1,1.0,1,1,0,0,Normal
12,6,3269,1,1,0.0,1,1,0,0,Normal
13,1,5637,1,1,0.0,1,1,1,0,Normal
14,1,8833,1,1,0.0,1,1,0,0,Normal
12,6,9855,1,1,0.0,1,1,3,0,Normal
8,3,9930,1,1,0.0,1,1,0,0,Normal
12,2,4610,1,1,0.0,1,1,6,0,Normal
14,3,9844,1,1,0.0,1,1,4,0,Normal
11,3,11034,1,1,0.0,1,1,0,0,Normal
14,4,6262,1,1,0.0,1,1,6,0,Normal
18,6,10954,1,1,0.0,1,1,6,0,Normal
6,2,10664,1,1,0.0,1,0,1,0,Off-Hours Access
14,5,4972,1,1,0.0,1,1,4,0,Normal
12,6,3126,1,1,0.0,1,0,4,0,Unusual Resource Access
12,6,7065,1,1,0.0,1,1,4,0,Normal
16,4,9051,1,1,0.0,1,1,0,0,Normal
12,1,6056,1,1,0.0,1,1,4,0,Normal
13,2,8282,1,1,0.0,1,1,3,0,Normal
11,2,1373,1,1,0.0,1,1,3,0,Normal
13,6,3043,1,1,1.0,1,1,0,0,Normal
12,5,11264,1,1,0.0,1,1,0,0,Normal
8,3,3959,0,1,0.0,1,1,1,0,Normal
15,0,0,0,1,1.0,0,0,6,0,Failed Login
9,5,9639,1,1,0.0,1,1,4,0,Normal
8,3,2675,1,1,1.0,0,0,6,0,Normal
15,3,2196,1,1,1.0,1,1,1,0,Normal
15,6,8209,1,1,0.0,1,1,4,0,Normal
10,1,3312,1,1,1.0,1,1,6,0,Normal
11,3,8743,1,1,1.0,1,1,1,0,Normal
17,3,1687,1,1,0.0,1,1,3,0,Normal
18,0,9322,1,1,1.0,1,1,4,0,Normal
16,2,0,0,1,1.0,0,0,1,0,Failed Login
13,2,2156,0,1,0.0,1,1,1,0,Normal
15,6,8948,1,1,0.0,1,1,3,0,Normal
14,2,11787,1,1,1.0,1,1,1,0,Normal
11,2,7117,1,1,1.0,0,0,3,0,Normal
15,2,1895,1,1,1.0,1,1,3,0,Normal
11,0,6289,1,1,0.0,1,1,4,0,Normal
11,0,11293,1,1,1.0,1,0,6,0,Suspicious Command
14,3,5595,1,1,1.0,1,1,3,0,Normal
10,6,11877,1,1,0.0,1,1,4,0,Normal
16,3,1980,1,1,0.0,1,1,4,0,Normal
16,6,4847,1,1,1.0,1,1,4,0,Normal
16,2,5914,0,1,0.0,1,0,3,0,Unusual Resource Access
10,3,5393,1,1,0.0,1,1,6,0,Normal
14,3,10701,1,1,0.0,1,1,6,0,Normal
12,0,11528,1,1,0.0,1,1,3,0,Normal
2,2,9371,1,1,0.0,1,0,1,0,Off-Hours Access
17,3,3287,0,1,0.0,1,1,1,0,Normal
10,2,1166,0,1,0.0,0,0,6,0,Normal
14,1,9221,1,1,0.0,1,1,6,0,Normal
15,2,1083,1,1,0.0,1,1,6,0,Normal
13,1,1911,1,1,1.0,1,1,4,0,Normal
13,4,10560,1,1,1.0,1,1,6,0,Normal
14,3,4094,1,1,0.0,1,1,1,0,Normal
13,6,959,1,1,0.0,1,1,6,0,Normal
14,5,6963,1,1,0.0,1,1,6,0,Normal
17,4,6329,0,1,1.0,1,1,6,0,Normal
18,2,2407,0,1,0.0,1,1,4,0,Normal
13,0,4583,1,1,0.0,1,1,6,0,Normal
13,5,10590,1,1,1.0,1,1,3,0,Normal
8,0,10197,1,1,0.0,1,0,3,0,Unusual Resource Access
14,0,9550,1,1,0.0,1,1,6,0,Normal
16,5,8641,1,1,0.0,1,1,6,0,Normal
13,4,7924,1,1,0.0,1,1,3,0,Normal
17,4,10643,1,1,0.0,0,0,6,0,Normal
10,4,0,0,1,1.0,0,0,4,0,Failed Login
9,6,6398,1,1,0.0,1,1,4,0,Normal
15,5,2378,1,1,0.0,1,1,4,0,Normal
17,0,9777,1,1,0.0,1,1,6,0,Normal
17,4,0,0,1,1.0,0,0,1,0,Failed Login
12,6,3060,0,1,0.0,1,1,4,0,Normal
13,4,8028,1,1,2.0,1,1,4,0,Normal
17,1,0,0,1,1.0,0,0,2,0,Failed Login
15,3,5462,1,1,0.0,0,0,1,0,Normal
10,4,6275,1,1,1.0,1,1,3,0,Normal
15,4,0,0,1,1.0,0,0,6,0,Failed Login
13,6,1865,1,1,0.0,1,1,6,0,Normal
8,1,6991,0,1,1.0,1,1,3,0,Normal
9,2,3946,1,1,0.0,1,1,4,0,Normal
13,3,10230,1,1,0.0,0,0,6,0,Normal
9,2,10304,1,1,0.0,1,0,3,0,Suspicious Command
12,5,9450,1,1,1.0,1,1,3,0,Normal
11,6,3054,1,1,0.0,1,1,4,0,Normal
9,3,9332,1,1,0.0,1,1,3,0,Normal
16,4,1481,1,1,0.0,1,1,6,0,Normal
16,6,5094,1,1,0.0,1,0,0,0,Suspicious Command
11,0,9582,0,1,0.0,1,1,0,0,Normal
14,5,4074,1,1,0.0,1,1,0,0,Normal
12,3,9147,1,1,0.0,1,1,3,0,Normal
13,0,11232,1,1,0.0,1,1,0,0,Normal
16,6,1769,1,1,0.0,1,1,4,0,Normal
8,3,11056,1,1,0.0,1,1,0,0,Normal
10,0,1596,1,1,0.0,1,0,6,0,Suspicious Command
8,4,4726,0,1,0.0,1,1,6,0,Normal
16,2,1212,1,1,0.0,1,1,3,0,Normal
15,3,3802,1,1,1.0,1,1,6,0,Normal
13,0,5291,1,1,0.0,1,1,4,0,Normal
9,2,8071,1,1,0.0,0,0,1,0,Normal
8,3,2193,1,1,0.0,0,0,6,0,Normal
10,1,5153,1,1,0.0,1,1,3,0,Normal
19,4,10564,1,1,2.0,1,0,4,0,Off-Hours Access
11,3,1059,1,1,0.0,1,1,6,0,Normal
11,0,10385,0,1,0.0,1,1,1,0,Normal
8,6,1647,1,1,0.0,0,0,0,0,Normal
23,5,10191,1,1,0.0,1,0,4,0,Off-Hours Access
6,6,9857,0,1,0.0,1,0,6,0,Off-Hours Access
12,3,9107,1,1,0.0,1,1,0,0,Normal
18,1,5925,1,1,1.0,1,1,4,0,Normal
8,2,7076,1,1,0.0,0,0,0,0,Normal
11,2,2094,1,1,0.0,0,0,6,0,Normal
12,5,5583,0,1,0.0,1,1,1,0,Normal
17,0,3348,1,1,0.0,1,0,3,0,Normal
9,1,10260,0,1,0.0,1,1,6,0,Normal
13,3,10005,1,1,0.0,0,0,3,0,Normal
10,2,7191,1,1,0.0,1,0,6,0,Normal
17,6,6380,1,1,0.0,1,1,4,0,Normal
16,6,6196,1,1,0.0,1,1,0,0,Normal
10,4,6006,1,1,0.0,1,1,0,0,Normal
11,0,8491,1,1,1.0,1,0,4,0,Unusual Resource Access
8,6,2388,1,1,0.0,0,0,6,0,Normal
16,2,7968,1,1,1.0,1,1,1,0,Normal
17,6,6897,1,1,1.0,1,0,6,0,Unusual Resource Access
9,5,3643,1,1,0.0,1,0,0,0,Suspicious Command
8,4,4772,1,1,0.0,1,1,4,0,Normal
17,3,9870,1,1,0.0,1,1,6,0,Normal
15,6,5423,1,1,0.0,1,1,3,0,Normal
9,2,8711,1,1,1.0,1,1,1,0,Normal
11,5,0,0,1,1.0,0,0,1,0,Failed Login
11,1,2697,0,1,0.0,1,1,3,0,Normal
17,6,11928,1,1,0.0,1,1,6,0,Normal
2,1,4077,1,1,0.0,1,0,1,0,Off-Hours Access
10,5,6396,0,1,0.0,1,1,0,0,Normal
8,1,10646,1,1,0.0,1,1,4,0,Normal
14,6,10912,1,1,0.0,1,1,6,0,Normal
20,4,9598,1,1,0.0,1,0,1,0,Off-Hours Access
8,6,0,0,1,1.0,0,0,5,0,Failed Login
16,2,10028,1,1,0.0,0,0,0,0,Normal
14,3,4731,1,1,0.0,1,1,0,0,Normal
17,4,6825,0,1,0.0,0,0,4,0,Normal
12,5,7969,1,1,0.0,1,1,0,0,Normal
11,0,7729,1,1,0.0,1,1,3,0,Normal
14,0,3021,1,1,0.0,1,1,1,0,Normal
9,1,5089,1,1,1.0,1,1,1,0,Normal
13,3,5267,1,1,0.0,1,1,4,0,Normal
16,4,2286,1,1,1.0,1,0,4,0,Suspicious Command
11,3,4822,1,1,0.0,1,1,4,0,Normal
13,0,9610,1,1,0.0,1,1,4,0,Normal
8,1,2189,1,1,0.0,1,1,6,0,Normal
15,4,5275,1,1,0.0,1,1,4,0,Normal
17,0,6320,1,1,0.0,1,1,0,0,Normal
12,3,6806,1,1,0.0,1,1,1,0,Normal
12,3,9137,1,1,0.0,1,1,3,0,Normal
12,2,6523,1,1,0.0,1,1,1,0,Normal
8,3,6981,1,1,1.0,1,0,4,0,Suspicious Command
15,4,1121,1,1,2.0,1,1,1,0,Normal
17,6,4101,1,1,0.0,1,0,3,0,Suspicious Command
14,0,6089,1,1,0.0,1,1,4,0,Normal
15,3,11677,1,1,0.0,0,0,1,0,Normal
18,3,9651,1,1,0.0,1,1,6,0,Normal
13,4,2870,0,1,0.0,1,1,1,0,Normal
9,2,6115,1,1,0.0,1,1,4,0,Normal
12,2,9181,1,1,0.0,1,1,0,0,Normal
18,1,2742,1,1,0.0,1,1,6,0,Normal
18,0,7632,1,1,0.0,1,1,3,0,Normal
10,0,8321,1,1,0.0,1,1,0,0,Normal
13,2,8568,0,1,0.0,1,1,1,0,Normal
18,3,3398,1,1,0.0,0,0,4,0,Normal
8,4,11534,1,1,0.0,0,0,4,0,Normal
10,3,1333,1,1,0.0,1,0,6,0,Unusual Resource Access
9,6,9568,1,1,0.0,1,1,0,0,Normal
8,0,7094,1,1,0.0,1,1,1,0,Normal
16,6,1338,1,1,0.0,1,1,1,0,Normal
15,1,2994,1,1,0.0,1,1,4,0,Normal
18,6,3330,1,1,1.0,1,1,1,0,Normal
15,5,9455,1,1,0.0,1,1,1,0,Normal
15,6,0,0,1,2.0,0,0,6,0,Failed Login
16,3,1532,1,1,1.0,1,0,0,0,Suspicious Command
10,5,8977,1,1,0.0,1,0,6,0,Unusual Resource Access
12,5,8739,1,1,0.0,1,1,0,0,Normal
10,3,3402,1,1,0.0,1,1,1,0,Normal
8,4,5684,1,1,0.0,1,1,3,0,Normal
17,2,6695,1,1,0.0,1,1,1,0,Normal
17,0,11649,0,1,1.0,1,1,4,0,Normal
18,2,1992,1,1,0.0,1,1,1,0,Normal
14,3,2612,1,1,0.0,1,1,4,0,Normal
13,2,0,0,1,1.0,0,0,2,0,Failed Login
16,3,4655,1,1,0.0,1,1,0,0,Normal
9,0,1637,1,1,0.0,1,1,0,0,Normal
10,4,2316,1,1,1.0,1,1,4,0,Normal
18,6,6159,1,1,0.0,1,0,1,0,Unusual Resource Access
10,6,3146,0,1,0.0,1,1,6,0,Normal
3,0,7945,1,1,0.0,0,0,1,0,Off-Hours Access
18,6,10179,1,1,0.0,1,1,6,0,Normal
14,0,2209,1,1,0.0,1,1,1,0,Normal
3,1,5958,1,1,0.0,1,0,3,0,Off-Hours Access
18,4,0,0,1,1.0,0,0,6,0,Failed Login
8,6,7095,1,1,1.0,1,1,0,0,Normal
12,2,919,1,1,0.0,1,1,6,0,Normal
14,2,11801,1,1,0.0,1,1,3,0,Normal
17,4,5971,0,1,0.0,1,1,0,0,Normal
13,0,6316,0,1,0.0,1,1,4,0,Normal
13,6,4163,0,1,0.0,1,1,0,0,Normal
14,6,8131,0,1,0.0,1,1,0,0,Normal
18,6,7128,1,1,1.0,1,1,3,0,Normal
13,3,3836,1,1,0.0,1,1,6,0,Normal
10,4,10068,1,1,1.0,1,0,3,0,Unusual Resource Access
14,0,11671,1,1,0.0,1,1,0,0,Normal
12,5,5936,1,1,1.0,1,1,1,0,Normal
12,6,10228,1,1,0.0,1,1,0,0,Normal
12,2,5570,1,1,0.0,1,1,0,0,Normal
14,2,11975,1,1,0.0,1,1,3,0,Normal
8,2,10445,1,1,0.0,1,0,3,0,Suspicious Command
9,0,6254,1,1,0.0,1,0,0,0,Suspicious Command
13,4,6970,1,1,0.0,1,1,0,0,Normal
10,6,1603,1,1,0.0,1,1,6,0,Normal
12,1,10909,1,1,0.0,1,1,1,0,Normal
6,2,10646,1,1,0.0,0,0,3,0,Off-Hours Access
13,6,6806,1,1,0.0,1,0,4,0,Unusual Resource Access
13,3,2286,0,1,0.0,1,1,1,0,Normal
13,5,3907,1,1,0.0,1,1,4,0,Normal
21,2,4700,1,1,0.0,1,0,6,0,Off-Hours Access
16,1,1359,0,1,0.0,1,1,3,0,Normal
13,1,5497,1,1,0.0,1,1,3,0,Normal
18,6,5586,0,1,0.0,1,1,0,0,Normal
12,3,3442,1,1,0.0,0,0,6,0,Normal
13,0,10060,1,1,2.0,1,1,1,0,Normal
10,5,4159,1,1,1.0,1,0,1,0,Normal
17,6,3133,0,1,1.0,1,1,6,0,Normal
9,6,4663,0,1,0.0,1,1,6,0,Normal
15,1,3226,1,1,0.0,1,0,0,0,Suspicious Command
13,6,5454,1,1,1.0,1,1,1,0,Normal
10,4,10011,1,1,0.0,1,1,3,0,Normal
11,0,3059,0,1,0.0,1,1,4,0,Normal
9,2,2388,1,1,0.0,1,1,6,0,Normal
10,2,1858,1,1,0.0,1,1,4,0,Normal
18,3,2564,1,1,0.0,1,1,0,0,Normal
15,3,2634,1,1,1.0,1,1,0,0,Normal
14,3,9695,1,1,0.0,0,0,1,0,Normal
0,2,7358,1,1,0.0,1,0,4,0,Off-Hours Access
16,3,8853,1,1,0.0,1,1,1,0,Normal
9,5,3029,0,1,0.0,1,1,6,0,Normal
16,5,4761,1,1,0.0,1,1,6,0,Normal
14,5,11870,0,1,0.0,1,1,6,0,Normal
15,1,10701,1,1,1.0,1,1,1,0,Normal
17,0,0,0,1,1.0,0,0,2,0,Failed Login
11,2,3579,0,1,0.0,1,1,1,0,Normal
10,6,7074,1,1,0.0,1,1,1,0,Normal
17,3,4099,1,1,0.0,1,1,1,0,Normal
11,0,5848,1,1,0.0,1,1,4,0,Normal
16,0,10404,1,1,1.0,1,1,3,0,Normal
10,2,7085,1,1,0.0,0,0,3,0,Normal
17,4,8243,1,1,0.0,1,0,1,0,Normal
10,2,3520,1,1,0.0,1,1,1,0,Normal
10,3,6124,1,1,0.0,1,1,0,0,Normal
17,6,10283,1,1,0.0,1,0,4,0,Suspicious Command
9,4,4710,1,1,0.0,1,0,0,0,Suspicious Command
10,2,11097,1,1,0.0,1,1,1,0,Normal
8,0,6392,1,1,0.0,1,1,6,0,Normal
18,2,2490,1,1,0.0,0,0,4,0,Normal
18,2,5366,1,1,1.0,1,1,6,0,Normal
10,2,3387,0,1,0.0,1,1,1,0,Normal
12,6,9719,1,1,0.0,1,1,4,0,Normal
15,5,2603,1,1,0.0,1,1,6,0,Normal
12,5,0,0,1,1.0,0,0,2,0,Failed Login
15,3,4906,1,1,0.0,1,1,0,0,Normal
14,5,7442,1,1,0.0,1,1,4,0,Normal
17,5,5752,1,1,0.0,1,1,1,0,Normal
14,6,10922,1,1,0.0,1,0,4,0,Unusual Resource Access
9,6,10211,1,1,1.0,1,1,3,0,Normal
17,1,4163,1,1,0.0,1,0,1,0,Unusual Resource Access
8,2,7614,0,1,0.0,0,0,0,0,Normal
8,3,9734,1,1,0.0,0,0,1,0,Normal
9,1,6251,1,1,0.0,1,1,6,0,Normal
16,2,931,1,1,0.0,1,1,3,0,Normal
14,3,11713,1,1,0.0,1,1,1,0,Normal
8,3,7981,1,1,0.0,1,1,3,0,Normal
11,3,10006,1,1,0.0,1,1,1,0,Normal
18,0,8824,1,1,0.0,1,1,1,0,Normal
9,1,3800,1,1,0.0,1,1,0,0,Normal
16,1,2524,1,1,1.0,1,0,1,0,Suspicious Command
11,4,10731,1,1,1.0,1,1,0,0,Normal
8,5,7218,0,1,1.0,1,1,0,0,Normal
13,1,1002,1,1,0.0,1,1,1,0,Normal
18,1,2129,1,1,0.0,1,1,1,0,Normal
14,2,2713,1,1,0.0,1,1,3,0,Normal
18,5,6633,1,1,0.0,1,1,4,0,Normal
2,2,2443,1,1,0.0,1,0,4,0,Off-Hours Access
12,1,10165,1,1,0.0,1,1,3,0,Normal
12,0,8180,1,1,0.0,1,1,6,0,Normal
17,6,11179,1,1,0.0,1,1,4,0,Normal
14,1,8074,1,1,0.0,1,1,6,0,Normal
8,5,5929,1,1,0.0,1,1,0,0,Normal
18,6,7545,1,1,0.0,1,1,4,0,Normal
17,1,2743,1,1,0.0,1,1,4,0,Normal
15,0,7431,1,1,0.0,1,1,1,0,Normal
9,5,9644,0,1,0.0,1,1,3,0,Normal
17,2,1062,1,1,0.0,1,1,0,0,Normal
8,2,9818,1,1,0.0,1,0,6,0,Unusual Resource Access
12,0,4528,0,1,0.0,1,1,6,0,Normal
16,6,8804,1,1,0.0,1,1,4,0,Normal
17,0,2636,1,1,0.0,1,1,4,0,Normal
11,1,6971,0,1,0.0,1,1,0,0,Normal
18,3,0,0,1,1.0,0,0,0,0,Failed Login
17,5,11794,1,1,0.0,1,1,3,0,Normal
8,6,11609,0,1,0.0,1,1,6,0,Normal
18,1,2751,1,1,0.0,1,1,6,0,Normal
9,2,5743,1,1,0.0,1,1,4,0,Normal
8,0,0,0,1,1.0,0,0,0,0,Failed Login
13,3,10877,1,1,1.0,1,0,6,0,Suspicious Command
18,1,1381,1,1,0.0,1,1,0,0,Normal
14,2,6235,1,1,0.0,1,1,4,0,Normal
10,5,4590,1,1,0.0,1,1,3,0,Normal
10,4,4474,0,1,1.0,1,1,4,0,Normal
17,1,7361,1,1,1.0,1,1,1,0,Normal
9,3,11387,1,1,0.0,1,1,1,0,Normal
12,1,11016,1,1,1.0,1,1,1,0,Normal
13,2,3864,1,1,0.0,1,1,1,0,Normal
1,0,6404,0,1,0.0,1,0,6,0,Off-Hours Access
8,1,2419,1,1,0.0,1,1,3,0,Normal
15,3,6742,1,1,0.0,1,1,1,0,Normal
16,1,8457,0,1,0.0,1,1,6,0,Normal
17,3,5641,1,1,0.0,1,1,4,0,Normal
15,2,0,0,1,1.0,0,0,3,0,Failed Login
17,4,9304,1,1,0.0,1,1,6,0,Normal
16,0,8762,1,1,1.0,1,1,1,0,Normal
4,4,11728,1,1,0.0,1,0,4,0,Off-Hours Access
11,4,2563,1,1,0.0,1,1,6,0,Normal
14,6,5692,1,1,0.0,1,1,1,0,Normal
15,4,10607,1,1,1.0,1,1,1,0,Normal
12,4,3137,1,1,1.0,1,1,0,0,Normal
18,0,6494,0,1,1.0,1,1,4,0,Normal
8,2,10657,1,1,0.0,0,0,3,0,Normal
8,6,3582,0,1,0.0,1,1,4,0,Normal
18,1,3688,1,1,1.0,1,1,4,0,Normal
16,4,11045,1,1,0.0,1,1,4,0,Normal
10,2,6283,1,1,0.0,1,1,0,0,Normal
10,4,1741,1,1,1.0,1,1,3,0,Normal
17,4,1135,1,1,0.0,1,0,0,0,Suspicious Command
12,4,2520,1,1,0.0,1,1,4,0,Normal
14,1,7309,1,1,0.0,0,0,3,0,Normal
11,4,0,0,1,1.0,1,0,4,0,Failed Login
12,4,1086,1,1,0.0,1,1,3,0,Normal
18,0,2626,1,1,0.0,1,1,1,0,Normal
13,6,7829,1,1,0.0,1,1,0,0,Normal
13,6,9722,1,1,0.0,1,1,3,0,Normal
8,2,2973,1,1,0.0,1,1,1,0,Normal
9,4,8671,1,1,2.0,1,0,3,0,Suspicious Command
19,1,2915,1,1,0.0,1,0,3,0,Off-Hours Access
10,3,4284,1,1,0.0,1,1,0,0,Normal
16,3,7487,1,1,0.0,1,1,0,0,Normal
13,3,9821,1,1,0.0,1,0,4,0,Suspicious Command
14,5,8278,1,1,0.0,1,1,4,0,Normal
1,5,4932,1,1,1.0,1,0,0,0,Off-Hours Access
8,0,4831,1,1,0.0,1,1,3,0,Normal
3,2,2246,1,1,0.0,0,0,1,0,Off-Hours Access
9,3,1472,0,1,0.0,1,1,6,0,Normal
18,5,9672,1,1,0.0,1,1,4,0,Normal
8,3,3995,1,1,0.0,1,1,6,0,Normal
15,6,3238,1,1,0.0,0,0,4,0,Normal
16,6,11283,1,1,0.0,1,1,4,0,Normal
17,4,4363,0,1,1.0,1,1,4,0,Normal
8,6,5161,1,1,1.0,1,1,0,0,Normal
16,0,9241,1,1,0.0,1,1,3,0,Normal
13,5,9708,1,1,1.0,1,1,4,0,Normal
9,3,4227,1,1,1.0,1,0,6,0,Suspicious Command
16,6,9210,1,1,0.0,1,1,6,0,Normal
18,2,4544,1,1,0.0,1,1,3,0,Normal
15,4,2444,1,1,0.0,1,1,4,0,Normal
9,0,11335,1,1,0.0,1,1,3,0,Normal
16,0,6612,1,1,0.0,1,1,1,0,Normal
12,3,2292,1,1,1.0,1,1,1,0,Normal
15,6,5299,1,1,0.0,1,1,6,0,Normal
23,3,2133,1,1,0.0,0,0,3,0,Off-Hours Access
17,3,3262,1,1,0.0,1,1,1,0,Normal
8,2,3374,1,1,0.0,1,1,0,0,Normal
17,1,3807,1,1,0.0,1,1,1,0,Normal
12,0,5645,0,1,0.0,1,1,1,0,Normal
18,3,7768,0,1,0.0,1,1,1,0,Normal
8,0,7168,1,1,0.0,1,1,4,0,Normal
11,0,0,0,1,1.0,0,0,5,0,Failed Login
11,5,2048,1,1,0.0,1,1,1,0,Normal
17,5,0,0,1,1.0,1,0,2,0,Failed Login
8,6,10981,1,1,0.0,1,1,1,0,Normal
8,5,8643,1,1,0.0,1,0,3,0,Suspicious Command
10,3,5059,1,1,0.0,1,1,6,0,Normal
9,6,3639,1,1,0.0,1,1,3,0,Normal
15,2,7569,0,1,0.0,0,0,1,0,Normal
12,5,6807,1,1,1.0,1,1,1,0,Normal
10,2,10529,1,1,0.0,0,0,1,0,Normal
18,4,4311,1,1,0.0,1,0,6,0,Suspicious Command
13,1,3038,1,1,0.0,1,1,1,0,Normal
17,2,1507,1,1,0.0,1,0,6,0,Unusual Resource Access
18,6,8747,1,1,1.0,1,0,0,0,Unusual Resource Access
16,2,4404,1,1,0.0,1,1,1,0,Normal
8,3,6011,1,1,0.0,1,1,4,0,Normal
20,4,5827,1,1,0.0,1,0,6,0,Off-Hours Access
16,6,5307,1,1,0.0,1,0,3,0,Suspicious Command
8,2,4570,1,1,0.0,1,1,6,0,Normal
14,3,3655,0,1,0.0,1,1,6,0,Normal
15,4,0,0,1,1.0,0,0,6,0,Failed Login
12,6,4820,1,1,0.0,1,1,0,0,Normal
16,2,2374,0,1,0.0,1,1,3,0,Normal
8,6,0,0,1,1.0,0,0,2,0,Failed Login
17,5,1632,1,1,0.0,1,1,3,0,Normal
13,4,9872,1,1,0.0,1,1,6,0,Normal
11,0,10676,1,1,1.0,1,1,6,0,Normal
11,2,4902,1,1,0.0,1,1,6,0,Normal
9,4,9997,1,1,0.0,1,1,3,0,Normal
16,5,3358,0,1,0.0,1,1,4,0,Normal
18,6,4233,1,1,0.0,1,1,4,0,Normal
8,1,10316,1,1,0.0,1,1,0,0,Normal
12,2,8135,1,1,0.0,1,1,0,0,Normal
10,5,0,0,1,1.0,0,0,3,0,Failed Login
12,3,3205,0,1,0.0,1,1,0,0,Normal
9,2,3127,1,1,0.0,1,1,4,0,Normal
18,6,3517,1,1,0.0,1,1,4,0,Normal
8,2,11054,0,1,0.0,0,0,1,0,Normal
13,5,7759,0,1,0.0,1,1,6,0,Normal
13,5,11804,1,1,0.0,1,1,4,0,Normal
8,3,0,0,1,1.0,0,0,2,0,Failed Login
9,2,4185,1,1,0.0,1,1,1,0,Normal
18,3,2367,1,1,1.0,1,1,4,0,Normal
16,3,9055,1,1,0.0,1,1,6,0,Normal
11,5,7155,1,1,0.0,1,1,4,0,Normal
18,4,7764,1,1,0.0,1,1,0,0,Normal
9,2,4776,0,1,0.0,0,0,4,0,Normal
18,4,3339,1,1,0.0,1,1,0,0,Normal
9,1,3670,1,1,0.0,1,1,3,0,Normal
18,4,7359,1,1,0.0,1,1,1,0,Normal
14,1,7456,1,1,0.0,1,1,4,0,Normal
17,4,9842,1,1,0.0,1,1,0,0,Normal
17,3,2219,1,1,0.0,1,1,0,0,Normal
11,1,7663,0,1,0.0,1,1,6,0,Normal
15,6,4755,1,1,0.0,1,1,1,0,Normal
8,4,9873,1,1,0.0,0,0,0,0,Normal
18,5,11431,1,1,0.0,1,0,4,0,Suspicious Command
18,5,4104,1,1,0.0,1,1,0,0,Normal
15,6,1961,1,1,0.0,1,0,1,0,Suspicious Command
14,6,7538,1,1,0.0,1,1,0,0,Normal
9,5,3537,1,1,0.0,1,1,6,0,Normal
12,2,1380,0,1,1.0,1,1,1,0,Normal
16,0,4203,1,1,0.0,1,0,6,0,Suspicious Command
17,5,2213,0,1,1.0,1,1,6,0,Normal
11,2,1646,1,1,0.0,0,0,3,0,Unusual Resource Access
14,5,11006,1,1,1.0,1,1,4,0,Normal
9,3,9483,1,1,0.0,1,1,0,0,Normal
9,1,6482,1,1,0.0,1,1,0,0,Normal
9,3,10044,1,1,0.0,1,1,1,0,Normal
15,2,1821,1,1,0.0,1,0,3,0,Normal
9,1,9288,0,1,0.0,1,1,3,0,Normal
10,6,10535,1,1,1.0,0,0,3,0,Normal
9,3,6451,1,1,0.0,1,1,0,0,Normal
5,2,1141,0,1,0.0,1,0,3,0,Off-Hours Access
12,2,7375,1,1,1.0,1,1,1,0,Normal
14,5,10770,1,1,0.0,1,1,0,0,Normal
15,1,1226,1,1,1.0,1,1,0,0,Normal
9,6,4928,1,1,0.0,1,1,6,0,Normal
10,2,2791,1,1,0.0,1,1,6,0,Normal
10,0,8769,0,1,0.0,1,1,6,0,Normal
18,3,5627,1,1,0.0,0,0,3,0,Unusual Resource Access
9,4,5838,0,1,0.0,1,1,6,0,Normal
9,6,4645,0,1,0.0,1,1,4,0,Normal
23,3,10967,1,1,0.0,1,0,1,0,Off-Hours Access
9,5,1179,1,1,0.0,1,1,4,0,Normal
15,3,8937,1,1,1.0,1,1,1,0,Normal
9,1,9940,1,1,0.0,1,1,1,0,Normal
9,3,8257,1,1,0.0,1,1,6,0,Normal
11,6,9055,1,1,0.0,1,1,3,0,Normal
10,3,8467,1,1,0.0,1,1,3,0,Normal
10,2,6958,1,1,0.0,0,0,0,0,Normal
15,2,1959,1,1,1.0,1,1,4,0,Normal
8,1,1902,1,1,0.0,1,0,0,0,Unusual Resource Access
12,5,6213,1,1,0.0,1,0,3,0,Suspicious Command
8,0,6344,1,1,0.0,1,1,1,0,Normal
10,0,9993,1,1,0.0,1,1,1,0,Normal
14,2,1068,1,1,0.0,1,1,1,0,Normal
15,6,4311,1,1,0.0,1,1,4,0,Normal
15,0,10791,1,1,0.0,1,1,4,0,Normal
16,1,1753,1,1,0.0,1,1,3,0,Normal
16,4,3789,0,1,1.0,1,1,1,0,Normal
11,5,1316,1,1,1.0,1,1,4,0,Normal
10,0,7750,1,1,0.0,1,1,3,0,Normal
17,5,5116,1,1,1.0,1,1,0,0,Normal
18,2,8276,0,1,0.0,1,1,0,0,Normal
15,2,5072,1,1,0.0,1,1,4,0,Normal
8,6,3311,1,1,0.0,1,1,4,0,Normal
14,1,4279,1,1,0.0,1,1,0,0,Normal
18,0,2643,1,1,0.0,1,1,6,0,Normal
13,0,10840,0,1,0.0,1,1,0,0,Normal
19,0,4712,1,1,0.0,1,0,3,0,Off-Hours Access
14,5,10476,1,1,0.0,0,0,1,0,Normal
1,2,1314,1,1,0.0,1,0,0,0,Off-Hours Access
8,2,7454,1,1,0.0,1,1,6,0,Normal
13,3,5671,1,1,0.0,0,0,6,0,Normal
15,1,7072,1,1,0.0,1,1,4,0,Normal
15,1,8167,1,1,0.0,1,1,4,0,Normal
16,2,7415,1,1,0.0,0,0,6,0,Normal
13,0,6225,0,1,0.0,1,1,3,0,Normal
10,2,3852,1,1,0.0,1,1,0,0,Normal
9,6,7777,1,1,0.0,1,0,0,0,Suspicious Command
10,5,11459,1,1,0.0,1,1,3,0,Normal
15,6,7021,0,1,0.0,1,1,3,0,Normal
16,4,7759,1,1,1.0,1,1,6,0,Normal
14,5,1630,1,1,0.0,1,1,1,0,Normal
9,3,1661,1,1,0.0,1,1,3,0,Normal
13,2,11053,0,1,0.0,1,1,1,0,Normal
8,6,3470,1,1,0.0,1,1,1,0,Normal
8,0,2001,0,1,0.0,1,0,4,0,Normal
18,2,1872,0,1,0.0,1,1,4,0,Normal
13,4,7532,1,1,0.0,1,1,1,0,Normal
16,6,4072,1,1,0.0,1,1,3,0,Normal
12,0,9720,1,1,0.0,1,0,3,0,Suspicious Command
12,0,10749,1,1,1.0,1,0,3,0,Suspicious Command
10,5,4145,0,1,1.0,1,1,0,0,Normal
13,6,1143,1,1,0.0,1,1,6,0,Normal
12,1,4228,1,1,0.0,1,1,3,0,Normal
9,6,7380,1,1,0.0,1,1,1,0,Normal
15,5,2998,1,1,0.0,1,1,0,0,Normal
18,6,5026,1,1,0.0,1,1,0,0,Normal
8,6,2873,1,1,0.0,1,1,0,0,Normal
17,6,0,0,1,1.0,0,0,6,0,Failed Login
8,6,4338,1,1,0.0,1,1,4,0,Normal
2,1,2978,1,1,1.0,1,0,0,0,Off-Hours Access
10,3,9833,1,1,1.0,1,1,3,0,Normal
13,2,10578,1,1,0.0,1,1,6,0,Normal
15,5,8972,1,1,0.0,1,1,0,0,Normal
11,1,10548,1,1,0.0,1,1,1,0,Normal
13,5,3618,1,1,0.0,0,0,6,0,Normal
12,2,9415,1,1,0.0,1,1,6,0,Normal
16,6,3714,1,1,1.0,1,1,3,0,Normal
15,3,1194,1,1,0.0,1,1,1,0,Normal
10,3,6837,1,1,0.0,1,1,1,0,Normal
13,1,10494,1,1,0.0,1,1,6,0,Normal
10,0,2641,1,1,0.0,1,1,6,0,Normal
18,6,5813,1,1,0.0,1,1,1,0,Normal
17,1,11486,0,1,0.0,1,1,1,0,Normal
10,0,5609,1,1,0.0,1,1,6,0,Normal
8,2,0,0,1,1.0,0,0,6,0,Failed Login
17,3,3932,0,1,0.0,1,1,1,0,Normal
8,1,2126,0,1,1.0,1,1,3,0,Normal
13,2,11044,1,1,1.0,1,0,3,0,Normal
15,0,8860,1,1,0.0,1,0,0,0,Suspicious Command
14,3,8666,1,1,0.0,1,1,6,0,Normal
16,1,1141,1,1,0.0,1,1,6,0,Normal
11,0,8185,1,1,0.0,1,1,6,0,Normal
11,1,4147,1,1,0.0,1,1,1,0,Normal
4,1,4121,1,1,0.0,1,0,6,0,Off-Hours Access
18,3,5689,1,1,0.0,1,0,3,0,Suspicious Command
12,3,8655,1,1,0.0,1,1,6,0,Normal
2,5,10080,1,1,0.0,1,0,1,0,Off-Hours Access
12,3,4488,1,1,0.0,1,1,1,0,Normal
11,5,5086,1,1,1.0,1,1,3,0,Normal
10,2,6957,1,1,0.0,0,0,3,0,Normal
10,5,1579,1,1,0.0,1,1,3,0,Normal
14,4,5289,1,1,0.0,1,0,4,0,Unusual Resource Access
12,4,5892,0,1,0.0,1,0,0,0,Unusual Resource Access
14,1,4539,1,1,0.0,1,1,4,0,Normal
12,4,1739,1,1,0.0,1,1,0,0,Normal
15,5,9967,1,1,0.0,1,0,1,0,Unusual Resource Access
9,4,10876,1,1,0.0,1,1,3,0,Normal
15,6,2702,0,1,0.0,1,1,3,0,Normal
15,3,1234,1,1,1.0,1,1,0,0,Normal
14,5,4633,1,1,1.0,1,1,6,0,Normal
14,3,4361,0,1,1.0,1,1,1,0,Normal
18,2,8616,1,1,0.0,1,1,0,0,Normal
10,6,7622,1,1,0.0,1,0,0,0,Normal
12,1,1164,1,1,1.0,1,1,3,0,Normal
16,1,9131,1,1,0.0,1,1,1,0,Normal
8,6,10282,1,1,1.0,1,1,1,0,Normal
10,0,9152,1,1,0.0,1,1,3,0,Normal
13,2,11889,1,1,0.0,0,0,6,0,Normal
9,6,5198,1,1,0.0,1,1,6,0,Normal
9,3,1387,1,1,0.0,1,1,0,0,Normal
8,0,3568,1,1,0.0,1,1,0,0,Normal
17,6,10987,0,1,0.0,1,1,3,0,Normal
10,3,3421,1,1,1.0,1,1,3,0,Normal
11,5,2381,1,1,0.0,1,1,0,0,Normal
12,0,7539,1,1,0.0,1,1,1,0,Normal
17,1,5524,0,1,0.0,1,0,6,0,Unusual Resource Access
14,0,10710,1,1,1.0,1,1,0,0,Normal
16,0,6927,1,1,0.0,1,1,6,0,Normal
11,3,9727,1,1,0.0,1,0,0,0,Suspicious Command
8,4,11767,1,1,0.0,1,1,4,0,Normal
16,1,7119,1,1,2.0,1,1,6,0,Normal
18,6,6283,0,1,0.0,1,1,6,0,Normal
8,5,10715,1,1,0.0,1,1,6,0,Normal
15,3,1409,1,1,0.0,0,0,1,0,Normal
9,1,0,0,1,1.0,1,0,5,0,Failed Login
18,2,3313,1,1,0.0,0,0,0,0,Normal
17,5,2355,0,1,1.0,1,1,4,0,Normal
17,1,7205,1,1,0.0,1,1,3,0,Normal
14,3,0,0,1,1.0,1,0,0,0,Failed Login
11,1,5312,1,1,1.0,1,1,4,0,Normal
18,0,6372,1,1,0.0,1,1,4,0,Normal
10,4,5786,1,1,0.0,1,1,1,0,Normal
8,0,4550,1,1,0.0,1,1,1,0,Normal
16,0,8294,1,1,0.0,1,1,3,0,Normal
18,0,3060,1,1,0.0,1,1,6,0,Normal
10,5,6666,1,1,0.0,1,0,6,0,Normal
12,1,8102,1,1,1.0,1,1,3,0,Normal
18,3,5356,1,1,1.0,1,1,0,0,Normal
13,5,9065,1,1,0.0,1,1,0,0,Normal
14,3,2983,1,1,0.0,1,1,1,0,Normal
15,0,11821,1,1,0.0,1,0,0,0,Unusual Resource Access
6,3,10458,1,1,0.0,0,0,0,0,Off-Hours Access
19,2,9333,1,1,0.0,1,0,0,0,Off-Hours Access
17,2,1102,1,1,1.0,1,1,0,0,Normal
10,4,10861,1,1,0.0,1,1,4,0,Normal
17,1,0,0,1,1.0,0,0,1,0,Failed Login
15,2,11007,1,1,0.0,1,1,1,0,Normal
18,4,5557,1,1,0.0,1,1,6,0,Normal
9,4,0,0,1,2.0,0,0,4,0,Failed Login
12,0,1086,1,1,0.0,1,1,4,0,Normal
11,0,10053,1,1,0.0,1,0,4,0,Suspicious Command
5,6,10987,1,1,0.0,1,0,6,0,Off-Hours Access
16,3,8769,1,1,1.0,1,1,4,0,Normal
12,2,5120,0,1,0.0,0,0,0,0,Normal
18,4,6073,1,1,0.0,0,0,3,0,Normal
15,3,0,0,1,1.0,0,0,6,0,Failed Login
13,6,10691,1,1,0.0,0,0,3,0,Normal
15,4,1560,1,1,0.0,1,1,0,0,Normal
12,6,8249,1,1,0.0,1,1,4,0,Normal
12,5,8173,1,1,0.0,1,1,6,0,Normal
11,6,8607,1,1,0.0,1,1,6,0,Normal
3,5,6587,1,1,0.0,1,0,3,0,Off-Hours Access
11,0,2102,1,1,0.0,1,1,3,0,Normal
13,6,6158,1,1,0.0,1,1,6,0,Normal
17,3,10767,1,1,0.0,1,1,1,0,Normal
18,3,1728,1,1,0.0,0,0,6,0,Normal
8,2,6007,0,1,0.0,1,1,4,0,Normal
11,2,3819,0,1,0.0,1,1,1,0,Normal
17,1,5466,1,1,0.0,1,0,3,0,Unusual Resource Access
16,5,6170,1,1,0.0,1,1,0,0,Normal
14,2,4010,0,1,0.0,1,0,1,0,Unusual Resource Access
8,1,7977,1,1,0.0,1,1,6,0,Normal
16,0,3655,0,1,0.0,1,1,3,0,Normal
9,0,2192,0,1,1.0,1,1,1,0,Normal
10,3,2542,0,1,0.0,1,1,0,0,Normal
13,5,3570,1,1,0.0,1,1,4,0,Normal
9,2,1429,1,1,0.0,1,1,0,0,Normal
10,2,4600,1,1,0.0,1,1,4,0,Normal
15,3,5754,1,1,1.0,1,1,4,0,Normal
18,2,2209,1,1,1.0,1,1,1,0,Normal
9,4,6453,1,1,0.0,1,1,3,0,Normal
15,1,3067,1,1,0.0,1,1,0,0,Normal
17,5,7027,1,1,0.0,1,0,6,0,Unusual Resource Access
15,3,9369,1,1,0.0,1,1,0,0,Normal
8,0,7391,1,1,1.0,1,1,6,0,Normal
13,2,11403,0,1,0.0,0,0,3,0,Normal
17,2,1079,1,1,0.0,0,0,6,0,Normal
9,6,11370,0,1,0.0,1,1,1,0,Normal
17,2,4177,1,1,0.0,0,0,1,0,Normal
15,6,4689,1,1,0.0,1,1,4,0,Normal
10,0,11111,1,1,0.0,1,1,6,0,Normal
15,6,11739,1,1,0.0,1,1,4,0,Normal
17,1,5583,1,1,0.0,1,1,4,0,Normal
12,4,9318,0,1,0.0,1,1,1,0,Normal
16,1,7278,1,1,0.0,1,1,3,0,Normal
12,4,7554,1,1,0.0,1,1,0,0,Normal
13,2,11001,1,1,0.0,1,1,0,0,Normal
14,1,2580,1,1,0.0,1,1,0,0,Normal
16,4,1071,1,1,0.0,1,1,0,0,Normal
14,6,3047,1,1,0.0,0,0,6,0,Normal
13,4,2063,1,1,0.0,0,0,6,0,Normal
15,4,9043,1,1,0.0,0,0,0,0,Normal
13,3,1913,1,1,0.0,1,1,3,0,Normal
9,4,2490,1,1,0.0,1,0,4,0,Unusual Resource Access
15,3,8440,0,1,0.0,1,1,4,0,Normal
18,4,9608,1,1,1.0,1,1,3,0,Normal
12,3,4419,1,1,0.0,1,1,3,0,Normal
16,5,10849,1,1,0.0,1,1,4,0,Normal
15,5,7031,1,1,0.0,1,1,6,0,Normal
11,0,3941,1,1,1.0,1,0,3,0,Suspicious Command
14,6,10165,1,1,0.0,1,0,1,0,Unusual Resource Access
10,3,6178,1,1,0.0,1,1,1,0,Normal
15,3,11594,1,1,0.0,1,1,3,0,Normal
11,3,0,0,1,2.0,1,0,3,0,Failed Login
8,3,3994,1,1,0.0,1,1,3,0,Normal
10,4,11710,0,1,1.0,1,1,0,0,Normal
8,0,7273,1,1,0.0,1,0,1,0,Suspicious Command
13,2,11096,0,1,0.0,1,1,3,0,Normal
9,2,5558,1,1,2.0,1,1,0,0,Normal
14,0,8973,1,1,0.0,1,1,1,0,Normal
9,1,7427,1,1,1.0,1,1,6,0,Normal
15,2,6822,0,1,0.0,1,1,3,0,Normal
13,3,11122,1,1,0.0,1,1,1,0,Normal
9,4,8653,1,1,1.0,1,0,0,0,Suspicious Command
15,1,10225,0,1,0.0,1,1,4,0,Normal
8,2,9228,1,1,0.0,0,0,1,0,Normal
14,6,2062,1,1,0.0,1,1,0,0,Normal
17,5,2611,1,1,0.0,1,1,1,0,Normal
17,3,9774,1,1,0.0,1,1,3,0,Normal
9,0,7900,0,1,0.0,1,1,3,0,Normal
12,2,7731,1,1,0.0,0,0,1,0,Normal
10,6,5114,1,1,0.0,0,0,3,0,Normal
16,0,5020,1,1,0.0,1,0,4,0,Unusual Resource Access
10,4,5883,1,1,0.0,0,0,3,0,Suspicious Command
18,0,8454,1,1,0.0,1,1,0,0,Normal
16,4,3215,1,1,0.0,1,1,3,0,Normal
16,1,6303,1,1,0.0,1,1,6,0,Normal
9,4,7198,1,1,0.0,1,1,6,0,Normal
12,1,5912,1,1,0.0,1,1,0,0,Normal
12,1,9342,1,1,0.0,1,1,4,0,Normal
14,6,960,1,1,0.0,1,1,1,0,Normal
0,0,6738,1,1,0.0,1,0,0,0,Off-Hours Access
16,2,9079,1,1,1.0,1,1,4,0,Normal
13,5,6668,0,1,0.0,1,1,0,0,Normal
12,1,7231,1,1,0.0,1,1,6,0,Normal
14,6,5670,1,1,0.0,1,1,1,0,Normal
14,1,2645,1,1,0.0,1,1,4,0,Normal
12,1,10545,1,1,2.0,1,1,3,0,Normal
10,2,9571,1,1,0.0,0,0,1,0,Normal
16,2,8599,1,1,0.0,0,0,4,0,Normal
8,2,1646,1,1,0.0,1,1,1,0,Normal
10,3,11434,1,1,0.0,1,1,3,0,Normal
13,6,0,0,1,1.0,0,0,6,0,Failed Login
17,0,10334,1,1,0.0,1,1,0,0,Normal
10,5,4336,1,1,0.0,1,1,6,0,Normal
8,4,8502,1,1,0.0,1,1,6,0,Normal
15,0,10288,1,1,0.0,1,1,6,0,Normal
17,2,10476,1,1,0.0,1,1,4,0,Normal
14,2,3192,1,1,0.0,1,0,3,0,Suspicious Command
8,0,3416,0,1,0.0,1,1,4,0,Normal
15,4,9312,0,1,0.0,1,0,4,0,Unusual Resource Access
18,3,960,1,1,0.0,1,1,1,0,Normal
17,6,9326,1,1,0.0,0,0,0,0,Normal
20,1,7781,1,1,0.0,1,0,1,0,Off-Hours Access
11,4,940,1,1,2.0,1,1,1,0,Normal
11,6,3303,1,1,0.0,1,0,4,0,Unusual Resource Access
13,0,11104,1,1,1.0,1,1,0,0,Normal
10,3,3266,1,1,0.0,1,1,0,0,Normal
16,0,5368,1,1,0.0,1,0,4,0,Unusual Resource Access
8,2,8535,1,1,0.0,1,1,4,0,Normal
9,3,9033,1,1,0.0,1,0,0,0,Normal
9,4,11128,1,1,1.0,1,1,3,0,Normal
11,4,6679,1,1,0.0,1,1,6,0,Normal
8,0,6955,1,1,0.0,1,1,4,0,Normal
16,0,8747,1,1,0.0,1,0,6,0,Unusual Resource Access
17,2,3434,0,1,0.0,1,0,3,0,Unusual Resource Access
16,5,9268,1,1,0.0,1,1,6,0,Normal
18,2,7482,1,1,0.0,1,1,6,0,Normal
15,3,8781,1,1,0.0,0,0,1,0,Normal
14,6,4568,1,1,0.0,1,1,1,0,Normal
14,1,8340,0,1,1.0,1,1,3,0,Normal
14,3,9272,1,1,0.0,1,1,0,0,Normal
11,6,8208,0,1,0.0,1,1,4,0,Normal
9,4,2540,1,1,0.0,1,1,1,0,Normal
18,3,11977,0,1,0.0,0,0,0,0,Normal
16,4,0,0,1,1.0,0,0,4,0,Failed Login
12,4,4151,1,1,0.0,1,0,6,0,Suspicious Command
9,2,10758,0,1,0.0,1,1,3,0,Normal
15,2,1775,1,1,0.0,1,1,3,0,Normal
18,4,9294,1,1,0.0,1,1,0,0,Normal
17,3,4699,1,1,0.0,1,1,6,0,Normal
12,1,7977,1,1,1.0,1,1,6,0,Normal
11,3,11744,1,1,0.0,1,1,3,0,Normal
13,3,11866,1,1,1.0,1,1,3,0,Normal
14,4,3139,1,1,0.0,1,1,6,0,Normal
18,6,4613,1,1,1.0,1,1,1,0,Normal
6,1,5813,1,1,1.0,1,0,0,0,Off-Hours Access
15,1,3794,1,1,0.0,1,1,0,0,Normal
17,1,11554,0,1,0.0,1,1,4,0,Normal
17,3,8140,0,1,0.0,1,1,6,0,Normal
10,0,5380,1,1,0.0,1,0,4,0,Suspicious Command
8,2,10115,1,1,0.0,1,1,4,0,Normal
8,4,2954,1,1,0.0,1,1,3,0,Normal
11,1,7859,1,1,0.0,1,1,1,0,Normal
8,4,3966,0,1,1.0,1,1,0,0,Normal
14,1,10726,1,1,0.0,1,1,6,0,Normal
14,1,6035,1,1,0.0,1,1,1,0,Normal
10,3,2997,1,1,0.0,1,1,1,0,Normal
16,6,8071,1,1,0.0,1,1,1,0,Normal
15,1,2436,1,1,0.0,1,1,6,0,Normal
10,5,7512,0,1,0.0,1,1,4,0,Normal
10,0,1926,1,1,0.0,1,1,4,0,Normal
13,3,7075,1,1,1.0,1,1,1,0,Normal
11,0,10446,1,1,0.0,1,0,4,0,Suspicious Command
18,3,2418,1,1,1.0,1,1,4,0,Normal
16,3,5627,1,1,0.0,1,0,4,0,Unusual Resource Access
15,0,9680,1,1,0.0,1,1,3,0,Normal
11,3,4143,1,1,0.0,1,0,3,0,Unusual Resource Access
12,5,9517,1,1,0.0,1,1,0,0,Normal
11,5,5643,0,1,0.0,1,1,6,0,Normal
15,2,2452,1,1,0.0,1,1,0,0,Normal
13,4,0,0,1,1.0,1,0,4,0,Failed Login
19,4,2494,1,1,0.0,1,0,3,0,Off-Hours Access
18,0,5834,1,1,0.0,1,1,0,0,Normal
8,0,3239,1,1,0.0,1,1,6,0,Normal
11,2,5213,1,1,0.0,1,1,4,0,Normal
8,3,3655,1,1,0.0,1,0,1,0,Suspicious Command
12,5,7514,1,1,0.0,1,1,6,0,Normal
9,5,3009,1,1,1.0,1,0,1,0,Suspicious Command
8,3,10519,1,1,0.0,1,1,1,0,Normal
13,3,2466,1,1,0.0,1,0,6,0,Normal
11,5,4325,1,1,1.0,1,1,4,0,Normal
18,2,0,0,1,2.0,0,0,1,0,Failed Login
10,5,9101,1,1,0.0,1,1,1,0,Normal
17,4,3738,1,1,0.0,1,1,6,0,Normal
11,1,10457,1,1,1.0,1,1,6,0,Normal
18,2,5433,1,1,0.0,1,1,1,0,Normal
13,1,4701,1,1,0.0,1,1,0,0,Normal
13,4,7523,1,1,1.0,1,1,0,0,Normal
12,4,6957,1,1,0.0,1,1,1,0,Normal
8,4,5817,0,1,0.0,1,1,0,0,Normal
11,6,6976,1,1,0.0,1,1,3,0,Normal
12,5,6106,1,1,0.0,1,1,0,0,Normal
17,5,11284,1,1,0.0,1,1,1,0,Normal
11,5,7261,1,1,0.0,1,1,1,0,Normal
15,5,11465,1,1,0.0,1,1,0,0,Normal
18,4,5347,1,1,0.0,1,1,4,0,Normal
16,5,11856,1,1,0.0,1,1,1,0,Normal
14,5,5750,1,1,0.0,1,1,1,0,Normal
17,2,7703,0,1,1.0,1,1,6,0,Normal
16,2,9342,1,1,0.0,1,1,0,0,Normal
8,4,4311,1,1,0.0,1,1,0,0,Normal
10,3,5387,1,1,0.0,1,1,6,0,Normal
8,5,5407,1,1,0.0,1,1,0,0,Normal
4,5,11268,1,1,0.0,1,0,3,0,Off-Hours Access
12,3,4033,1,1,0.0,1,1,1,0,Normal
17,4,1085,1,1,0.0,1,1,4,0,Normal
16,3,3874,1,1,0.0,1,1,6,0,Normal
12,0,11064,1,1,0.0,1,1,6,0,Normal
14,2,4479,1,1,0.0,0,0,1,0,Normal
9,3,6632,1,1,0.0,1,1,1,0,Normal
11,0,0,0,1,1.0,0,0,1,0,Failed Login
15,1,9640,1,1,1.0,1,1,4,0,Normal
17,0,1917,0,1,0.0,1,1,6,0,Normal
8,1,2393,0,1,0.0,1,1,3,0,Normal
17,4,10104,1,1,1.0,1,0,3,0,Suspicious Command
9,3,2085,1,1,1.0,1,1,6,0,Normal
9,6,9123,1,1,0.0,1,1,4,0,Normal
10,3,4135,0,1,0.0,1,1,4,0,Normal
1,3,2315,0,1,0.0,1,0,0,0,Off-Hours Access
10,2,9432,1,1,0.0,1,0,1,0,Suspicious Command
12,4,9642,1,1,0.0,1,1,1,0,Normal
15,3,4391,1,1,0.0,1,1,3,0,Normal
15,6,3972,1,1,0.0,1,1,0,0,Normal
9,6,10970,0,1,0.0,1,1,4,0,Normal
12,6,6331,1,1,0.0,1,0,4,0,Unusual Resource Access
14,2,1988,1,1,0.0,1,1,0,0,Normal
13,6,11647,1,1,0.0,1,1,1,0,Normal
10,2,8871,1,1,0.0,0,0,4,0,Normal
17,2,5420,1,1,0.0,1,1,3,0,Normal
14,6,9201,1,1,0.0,1,1,4,0,Normal
13,2,7989,1,1,0.0,0,0,4,0,Normal
14,3,9171,1,1,0.0,1,1,4,0,Normal
15,0,3456,1,1,0.0,0,0,0,0,Normal
13,1,0,0,1,1.0,0,0,6,0,Failed Login
23,2,11355,0,1,1.0,1,0,6,0,Off-Hours Access
8,0,8860,1,1,0.0,1,1,6,0,Normal
14,3,0,0,1,1.0,0,0,2,0,Failed Login
8,4,6253,1,1,1.0,1,1,0,0,Normal
17,6,1423,0,1,0.0,1,1,4,0,Normal
16,4,4082,1,1,0.0,1,0,4,0,Suspicious Command
10,2,3050,1,1,0.0,1,1,3,0,Normal
12,1,10018,0,1,0.0,1,1,0,0,Normal
10,2,2092,0,1,0.0,0,0,6,0,Normal
13,4,8592,1,1,0.0,1,0,4,0,Suspicious Command
12,2,1496,1,1,1.0,1,1,3,0,Normal
16,2,1269,1,1,1.0,1,1,1,0,Normal
16,3,8512,1,1,1.0,1,1,1,0,Normal
10,2,8184,1,1,0.0,1,1,3,0,Normal
17,0,6338,1,1,0.0,1,1,4,0,Normal
15,3,10274,1,1,0.0,1,1,3,0,Normal
10,3,10775,1,1,0.0,1,1,0,0,Normal
12,3,10857,1,1,0.0,1,1,3,0,Normal
9,0,6332,1,1,0.0,1,1,0,0,Normal
12,2,2259,1,1,0.0,1,1,6,0,Normal
9,1,4503,1,1,0.0,1,0,4,0,Suspicious Command
15,1,10956,1,1,0.0,1,1,3,0,Normal
15,4,6193,1,1,0.0,1,1,1,0,Normal
10,2,3752,1,1,0.0,1,1,4,0,Normal
8,5,2964,1,1,0.0,1,1,0,0,Normal
11,5,2669,1,1,0.0,1,1,3,0,Normal
12,2,7194,1,1,1.0,1,1,6,0,Normal
8,0,6944,1,1,0.0,1,1,1,0,Normal
11,5,6436,1,1,0.0,1,1,3,0,Normal
11,3,11386,1,1,0.0,1,1,4,0,Normal
8,2,10813,1,1,0.0,1,1,1,0,Normal
17,2,2325,1,1,0.0,1,0,6,0,Unusual Resource Access
10,3,4844,1,1,0.0,1,1,4,0,Normal
17,0,7391,1,1,0.0,1,1,6,0,Normal
8,5,10507,1,1,1.0,1,1,1,0,Normal
13,5,11041,1,1,1.0,1,0,1,0,Unusual Resource Access
9,3,1852,1,1,0.0,1,1,6,0,Normal
18,6,9323,0,1,0.0,1,0,0,0,Unusual Resource Access
12,0,11085,1,1,0.0,1,1,3,0,Normal
13,4,4739,0,1,0.0,1,1,1,0,Normal
15,2,5567,1,1,1.0,1,1,6,0,Normal
12,4,1110,1,1,0.0,1,1,0,0,Normal
13,5,2215,1,1,0.0,1,1,6,0,Normal
14,1,1857,1,1,0.0,1,1,4,0,Normal
14,1,10328,1,1,0.0,1,1,6,0,Normal
18,3,0,0,1,1.0,0,0,3,0,Failed Login
18,5,7230,1,1,0.0,1,1,6,0,Normal
13,1,4150,1,1,0.0,1,1,1,0,Normal
3,6,5586,0,1,0.0,1,0,6,0,Off-Hours Access
8,1,8331,1,1,0.0,1,1,1,0,Normal
17,2,3333,1,1,0.0,1,1,3,0,Normal
11,4,6545,1,1,0.0,1,1,0,0,Normal
17,0,9671,1,1,1.0,1,1,0,0,Normal
16,2,2511,1,1,1.0,1,0,6,0,Suspicious Command
14,2,7911,1,1,0.0,0,0,1,0,Normal
5,2,6887,1,1,0.0,1,0,1,0,Off-Hours Access
14,5,5162,1,1,1.0,1,1,0,0,Normal
14,6,10365,1,1,0.0,1,1,4,0,Normal
12,2,995,1,1,0.0,0,0,4,0,Normal
14,6,8964,1,1,0.0,1,0,0,0,Suspicious Command
13,2,8122,1,1,0.0,1,1,3,0,Normal
12,2,3046,1,1,0.0,1,1,6,0,Normal
18,1,3314,1,1,0.0,1,1,1,0,Normal
15,3,6550,1,1,1.0,1,1,4,0,Normal
10,2,5672,1,1,1.0,1,1,3,0,Normal
11,1,3094,0,1,0.0,1,1,3,0,Normal
10,2,8186,1,1,0.0,1,1,1,0,Normal
17,3,1949,1,1,0.0,1,1,4,0,Normal
15,5,7568,1,1,2.0,1,1,1,0,Normal
16,1,2748,0,1,1.0,1,1,6,0,Normal
10,0,5687,1,1,0.0,1,1,3,0,Normal
12,0,9247,1,1,0.0,1,0,6,0,Unusual Resource Access
16,3,11355,0,1,0.0,1,1,0,0,Normal
13,1,5586,1,1,0.0,1,1,3,0,Normal
14,6,7030,1,1,1.0,1,0,3,0,Unusual Resource Access
8,2,5680,1,1,0.0,1,1,4,0,Normal
16,6,1699,1,1,1.0,1,1,3,0,Normal
18,6,5082,1,1,0.0,1,1,4,0,Normal
12,3,11292,1,1,0.0,0,0,1,0,Unusual Resource Access
11,1,6138,1,1,0.0,1,1,0,0,Normal
7,3,1491,1,1,0.0,1,0,3,0,Off-Hours Access
8,0,7532,1,1,1.0,1,1,6,0,Normal
11,1,2430,0,1,0.0,1,1,0,0,Normal
14,0,2748,0,1,0.0,1,1,0,0,Normal
14,0,9441,1,1,0.0,1,1,3,0,Normal
15,4,0,0,1,1.0,0,0,3,0,Failed Login
13,1,6955,1,1,0.0,1,1,3,0,Normal
17,2,3572,1,1,0.0,1,1,3,0,Normal
10,2,6391,1,1,0.0,1,1,0,0,Normal
16,5,3384,1,1,1.0,1,0,6,0,Suspicious Command
15,0,7945,1,1,0.0,1,1,0,0,Normal
12,2,1903,1,1,0.0,1,1,4,0,Normal
13,4,8631,1,1,1.0,1,0,3,0,Suspicious Command
8,0,10002,1,1,1.0,1,1,1,0,Normal
15,6,2880,1,1,1.0,1,1,6,0,Normal
10,5,7288,1,1,0.0,1,1,3,0,Normal
8,3,2099,0,1,0.0,0,0,1,0,Normal
10,3,8909,1,1,0.0,1,1,4,0,Normal
15,2,2439,1,1,0.0,1,1,0,0,Normal
17,2,7063,1,1,1.0,1,1,6,0,Normal
14,0,5749,0,1,1.0,1,1,0,0,Normal
11,2,1186,1,1,0.0,1,1,6,0,Normal
12,3,0,0,1,1.0,0,0,4,0,Failed Login
8,0,5561,1,1,3.0,1,1,4,0,Normal
9,5,2772,0,1,0.0,1,1,3,0,Normal
9,3,0,0,1,1.0,0,0,6,0,Failed Login
11,6,6409,1,1,0.0,1,1,0,0,Normal
11,3,9216,1,1,0.0,1,1,4,0,Normal
9,2,5547,1,1,0.0,1,1,6,0,Normal
12,4,7669,1,1,0.0,0,0,3,0,Normal
11,2,4302,0,1,0.0,1,1,6,0,Normal
18,0,3296,1,1,0.0,1,1,4,0,Normal
16,0,0,0,1,1.0,1,0,3,0,Failed Login
8,2,1186,1,1,0.0,1,1,0,0,Normal
13,5,9018,0,1,0.0,1,1,1,0,Normal
8,1,6147,1,1,0.0,1,1,1,0,Normal
11,3,1853,0,1,0.0,1,1,6,0,Normal
17,4,9961,1,1,0.0,1,1,6,0,Normal
12,2,9808,1,1,0.0,0,0,6,0,Unusual Resource Access
17,3,5200,1,1,0.0,1,1,6,0,Normal
14,1,7353,1,1,0.0,1,1,0,0,Normal
16,2,3146,1,1,0.0,1,1,1,0,Normal
17,6,8403,1,1,0.0,1,1,4,0,Normal
11,3,6615,1,1,0.0,1,1,6,0,Normal
11,2,9046,1,1,0.0,1,1,0,0,Normal
10,4,2944,1,1,0.0,1,1,3,0,Normal
7,1,2510,1,1,0.0,1,0,0,0,Off-Hours Access
10,0,4451,1,1,0.0,1,1,3,0,Normal
18,4,2338,1,1,1.0,1,1,6,0,Normal
18,6,3716,1,1,0.0,1,1,0,0,Normal
14,1,6222,1,1,0.0,1,0,0,0,Unusual Resource Access
18,3,6493,1,1,0.0,1,0,1,0,Unusual Resource Access
14,6,7128,1,1,0.0,0,0,0,0,Normal
16,1,6095,0,1,0.0,1,1,6,0,Normal
12,3,7249,1,1,0.0,1,1,6,0,Normal
17,1,6675,1,1,1.0,1,0,3,0,Normal
16,4,11521,0,1,0.0,1,0,6,0,Normal
8,3,971,1,1,0.0,0,0,6,0,Normal
18,0,10094,1,1,0.0,1,1,0,0,Normal
8,2,3214,1,1,0.0,1,1,6,0,Normal
20,5,11437,1,1,0.0,1,0,0,0,Off-Hours Access
10,0,0,0,1,1.0,0,0,6,0,Failed Login
10,2,7206,1,1,0.0,1,1,1,0,Normal
17,3,2407,1,1,0.0,1,0,0,0,Unusual Resource Access
17,2,5089,0,1,0.0,1,1,0,0,Normal
11,3,7005,1,1,0.0,1,1,4,0,Normal
12,4,9689,1,1,0.0,0,0,3,0,Normal
16,1,4148,1,1,0.0,1,1,3,0,Normal
11,1,7928,1,1,1.0,1,1,3,0,Normal
15,0,5810,1,1,0.0,1,1,0,0,Normal
18,2,6878,1,1,0.0,0,0,0,0,Normal
22,4,6424,1,1,1.0,1,0,3,0,Off-Hours Access
7,2,8401,0,1,0.0,0,0,6,0,Off-Hours Access
17,3,1648,1,1,0.0,1,1,3,0,Normal
15,3,6056,1,1,0.0,1,1,3,0,Normal
8,2,1939,1,1,0.0,1,1,6,0,Normal
9,6,11320,0,1,0.0,1,1,1,0,Normal
18,2,6006,1,1,0.0,1,1,6,0,Normal
10,4,5238,1,1,0.0,1,1,3,0,Normal
15,5,2188,1,1,0.0,1,1,1,0,Normal
18,2,0,0,1,1.0,1,0,5,0,Failed Login
18,0,2718,1,1,0.0,1,1,4,0,Normal
11,3,11990,1,1,0.0,1,1,3,0,Normal
12,4,10789,1,1,0.0,1,1,6,0,Normal
9,5,6536,1,1,0.0,1,1,4,0,Normal
11,2,7746,1,1,0.0,1,1,6,0,Normal
9,1,8692,1,1,0.0,1,0,4,0,Suspicious Command
10,4,2563,1,1,0.0,1,1,4,0,Normal
16,3,7969,1,1,0.0,1,0,3,0,Unusual Resource Access
0,1,10569,1,1,0.0,1,0,3,0,Off-Hours Access
10,0,9600,1,1,0.0,1,0,1,0,Suspicious Command
12,3,11673,1,1,0.0,0,0,6,0,Normal
17,6,0,0,1,1.0,1,0,6,0,Failed Login
13,6,5573,0,1,0.0,1,0,3,0,Unusual Resource Access
16,4,11786,1,1,0.0,1,0,1,0,Suspicious Command
18,5,1158,1,1,0.0,0,0,4,0,Normal
18,5,2972,1,1,0.0,1,1,3,0,Normal
15,3,2727,1,1,0.0,1,1,3,0,Normal
9,0,0,0,1,1.0,0,0,2,0,Failed Login
13,6,8029,1,1,0.0,1,1,0,0,Normal
13,2,7013,1,1,0.0,0,0,6,0,Suspicious Command
13,3,0,0,1,1.0,0,0,4,0,Failed Login
12,4,3686,1,1,0.0,1,1,6,0,Normal
14,2,5359,0,1,0.0,1,1,6,0,Normal
15,2,11147,0,1,0.0,1,1,4,0,Normal
11,6,9173,0,1,0.0,1,0,3,0,Normal
16,2,0,0,1,1.0,0,0,0,0,Failed Login
10,0,9672,1,1,0.0,1,1,1,0,Normal
11,6,0,0,1,1.0,0,0,2,0,Failed Login
18,6,4922,1,1,0.0,1,1,0,0,Normal
16,2,7919,1,1,0.0,1,1,0,0,Normal
13,2,4855,1,1,0.0,0,0,0,0,Suspicious Command
8,1,6153,0,1,0.0,1,1,3,0,Normal
16,2,10470,1,1,0.0,0,0,6,0,Normal
18,6,6853,1,1,0.0,1,1,4,0,Normal
13,0,0,0,1,2.0,1,0,0,0,Failed Login
10,5,10478,1,1,0.0,1,1,1,0,Normal
7,4,9497,1,1,0.0,1,0,1,0,Off-Hours Access
8,0,11636,1,1,1.0,1,1,1,0,Normal
12,4,3782,1,1,0.0,1,1,0,0,Normal
8,1,8388,1,1,0.0,1,1,6,0,Normal
18,0,3940,1,1,0.0,1,0,4,0,Normal
14,0,7710,1,1,0.0,1,1,1,0,Normal
14,3,0,0,1,1.0,0,0,4,0,Failed Login
11,5,10629,1,1,0.0,1,0,1,0,Unusual Resource Access
15,0,6303,1,1,0.0,1,1,0,0,Normal
12,3,10386,0,1,0.0,0,0,1,0,Normal
10,0,8761,0,1,0.0,1,1,4,0,Normal
16,4,9430,1,1,0.0,1,0,3,0,Unusual Resource Access
12,3,11128,1,1,0.0,1,1,0,0,Normal
10,3,2708,1,1,0.0,1,1,6,0,Normal
13,6,2455,1,1,0.0,1,1,3,0,Normal
8,2,4361,1,1,0.0,1,1,0,0,Normal
9,2,3655,1,1,0.0,1,1,6,0,Normal
13,6,2593,1,1,0.0,1,1,0,0,Normal
15,1,2063,0,1,0.0,1,1,3,0,Normal
16,1,10488,0,1,0.0,1,1,3,0,Normal
8,0,9085,0,1,0.0,1,1,6,0,Normal
11,6,7273,1,1,0.0,1,1,6,0,Normal
11,5,9532,1,1,0.0,0,0,3,0,Normal
8,5,4875,1,1,0.0,1,1,6,0,Normal
12,4,9149,1,1,0.0,1,1,4,0,Normal
11,2,9881,1,1,0.0,1,1,3,0,Normal
4,1,3918,1,1,0.0,1,0,3,0,Off-Hours Access
9,2,7797,1,1,0.0,1,1,0,0,Normal
11,0,9780,1,1,0.0,1,0,6,0,Normal
13,3,9990,1,1,0.0,1,1,1,0,Normal
14,5,4870,0,1,0.0,1,1,3,0,Normal
18,4,1655,1,1,0.0,1,1,3,0,Normal
13,4,8515,1,1,0.0,1,1,3,0,Normal
16,3,3780,1,1,0.0,1,1,3,0,Normal
11,1,7461,1,1,0.0,1,1,0,0,Normal
11,1,0,0,1,1.0,0,0,3,0,Failed Login
12,0,5329,0,1,0.0,1,1,1,0,Normal
11,0,11938,1,1,0.0,1,1,0,0,Normal
13,1,9817,0,1,0.0,1,1,6,0,Normal
12,0,3444,1,1,0.0,1,1,4,0,Normal
1,3,11670,1,1,1.0,1,0,3,0,Off-Hours Access
12,1,5569,0,1,0.0,1,1,3,0,Normal
17,1,4054,1,1,0.0,1,1,6,0,Normal
18,0,2429,1,1,0.0,1,1,4,0,Normal
10,0,1345,1,1,0.0,1,1,6,0,Normal
17,5,10626,1,1,0.0,1,1,3,0,Normal
11,0,7990,1,1,0.0,1,1,0,0,Normal
10,5,4696,1,1,0.0,1,1,1,0,Normal
9,3,0,0,1,1.0,0,0,1,0,Failed Login
16,0,7619,1,1,0.0,1,1,4,0,Normal
16,2,4801,1,1,0.0,1,1,1,0,Normal
16,5,5068,1,1,0.0,1,1,3,0,Normal
13,5,5557,1,1,0.0,1,1,1,0,Normal
10,0,3572,1,1,0.0,1,0,4,0,Suspicious Command
16,3,10874,1,1,0.0,1,1,4,0,Normal
8,1,10813,1,1,0.0,1,1,0,0,Normal
13,1,7533,1,1,0.0,1,1,0,0,Normal
16,5,1516,1,1,0.0,1,1,6,0,Normal
16,5,5566,1,1,0.0,1,1,4,0,Normal
14,4,9729,1,1,0.0,1,1,3,0,Normal
14,2,11426,0,1,0.0,1,1,0,0,Normal
12,4,2223,0,1,0.0,1,1,6,0,Normal
15,3,8771,1,1,0.0,1,1,0,0,Normal
13,4,9793,1,1,0.0,1,1,6,0,Normal
18,2,11749,1,1,0.0,0,0,0,0,Normal
18,4,4299,1,1,0.0,1,1,4,0,Normal
8,5,1172,1,1,0.0,1,1,4,0,Normal
17,1,6522,1,1,0.0,1,1,0,0,Normal
12,3,3030,1,1,0.0,1,0,6,0,Suspicious Command
18,1,2068,1,1,0.0,1,0,3,0,Suspicious Command
16,2,4905,1,1,0.0,1,0,3,0,Normal
8,1,6193,1,1,0.0,1,1,1,0,Normal
9,4,8097,1,1,1.0,1,1,1,0,Normal
9,5,925,1,1,0.0,1,1,1,0,Normal
13,4,6638,1,1,0.0,1,1,0,0,Normal
11,3,3303,0,1,0.0,1,1,0,0,Normal
12,1,11203,1,1,0.0,1,1,1,0,Normal
17,5,2619,1,1,0.0,1,1,1,0,Normal
11,6,7808,0,1,0.0,1,1,0,0,Normal
8,4,8215,1,1,0.0,1,1,6,0,Normal
15,2,11962,1,1,1.0,1,1,1,0,Normal
15,0,9246,1,1,0.0,1,1,6,0,Normal
15,0,9023,1,1,0.0,1,1,4,0,Normal
12,2,9131,1,1,0.0,1,1,4,0,Normal
6,6,1309,1,1,1.0,1,0,0,0,Off-Hours Access
15,2,2219,1,1,0.0,1,1,4,0,Normal
9,4,4302,1,1,0.0,1,1,0,0,Normal
5,6,5659,1,1,0.0,1,0,1,0,Off-Hours Access
13,4,4930,1,1,0.0,1,1,4,0,Normal
18,1,1422,1,1,0.0,1,1,0,0,Normal
12,3,2189,0,1,0.0,1,1,3,0,Normal
12,0,2174,0,1,0.0,1,1,0,0,Normal
14,4,2321,1,1,1.0,1,1,6,0,Normal
16,5,7482,1,1,0.0,1,1,4,0,Normal
15,4,9267,1,1,0.0,1,1,6,0,Normal
8,2,7643,1,1,1.0,1,1,3,0,Normal
17,6,6943,1,1,0.0,1,1,1,0,Normal
13,6,2010,1,1,0.0,1,1,3,0,Normal
11,3,3946,1,1,0.0,1,1,3,0,Normal
8,1,4864,1,1,0.0,1,1,0,0,Normal
10,3,6709,0,1,0.0,1,1,6,0,Normal
14,5,8838,1,1,0.0,1,1,4,0,Normal
16,1,8334,1,1,0.0,1,1,4,0,Normal
15,3,943,1,1,0.0,1,1,1,0,Normal
9,4,9166,1,1,0.0,1,1,1,0,Normal
16,4,5980,1,1,0.0,1,1,0,0,Normal
11,5,2150,1,1,0.0,0,0,4,0,Normal
16,6,0,0,1,1.0,0,0,4,0,Failed Login
9,3,6271,1,1,0.0,1,1,3,0,Normal
12,4,9976,1,1,0.0,1,1,1,0,Normal
9,4,11071,1,1,0.0,1,1,4,0,Normal
9,1,9624,1,1,0.0,1,1,4,0,Normal
8,2,0,0,1,1.0,0,0,3,0,Failed Login
9,0,10308,1,1,0.0,1,1,4,0,Normal
8,1,3740,0,1,0.0,1,1,6,0,Normal
11,3,5745,1,1,0.0,1,1,6,0,Normal
9,2,0,0,1,1.0,0,0,6,0,Failed Login
16,2,7564,1,1,1.0,1,0,4,0,Unusual Resource Access
12,6,10048,1,1,0.0,1,1,6,0,Normal
10,5,5272,1,1,0.0,1,1,3,0,Normal
18,4,9525,0,1,0.0,1,0,6,0,Unusual Resource Access
10,3,7488,1,1,0.0,0,0,4,0,Unusual Resource Access
17,0,1399,1,1,0.0,1,1,1,0,Normal
17,3,1082,1,1,0.0,1,1,6,0,Normal
18,2,3021,1,1,0.0,1,1,0,0,Normal
8,2,3288,0,1,1.0,1,1,1,0,Normal
15,2,6464,1,1,0.0,1,1,3,0,Normal
11,3,3271,1,1,0.0,1,1,6,0,Normal
10,5,7127,1,1,0.0,1,0,6,0,Suspicious Command
10,2,1109,1,1,0.0,1,1,4,0,Normal
15,2,10844,1,1,0.0,1,1,0,0,Normal
12,2,10475,1,1,0.0,0,0,3,0,Normal
12,3,7272,1,1,0.0,1,1,6,0,Normal
11,6,9597,1,1,0.0,1,1,0,0,Normal
14,2,11114,1,1,1.0,1,1,3,0,Normal
18,0,7161,1,1,0.0,1,0,3,0,Suspicious Command
17,3,10360,1,1,0.0,1,1,6,0,Normal
11,2,9436,1,1,0.0,1,1,4,0,Normal
10,5,5946,0,1,0.0,1,1,4,0,Normal
17,6,4723,1,1,0.0,1,1,4,0,Normal
3,2,1028,1,1,0.0,1,0,0,0,Off-Hours Access
16,4,6335,1,1,1.0,1,1,0,0,Normal
13,0,3502,1,1,0.0,1,1,1,0,Normal
8,2,4477,1,1,0.0,1,1,3,0,Normal
14,3,6517,1,1,0.0,1,1,3,0,Normal
14,2,9131,0,1,2.0,1,1,0,0,Normal
16,6,5499,1,1,0.0,1,1,4,0,Normal
13,3,6755,1,1,0.0,1,1,1,0,Normal
13,3,1954,0,1,0.0,1,0,4,0,Unusual Resource Access
18,0,8170,1,1,0.0,1,1,0,0,Normal
9,1,8977,1,1,1.0,1,1,3,0,Normal
17,3,2078,1,1,0.0,0,0,4,0,Normal
12,1,7507,1,1,1.0,1,1,3,0,Normal
8,2,4284,1,1,0.0,1,1,3,0,Normal
9,3,2306,1,1,0.0,1,1,6,0,Normal
18,1,3268,1,1,0.0,1,1,4,0,Normal
11,5,8757,1,1,0.0,1,1,1,0,Normal
18,6,11629,1,1,0.0,1,1,0,0,Normal
18,6,5398,0,1,0.0,1,1,6,0,Normal
16,4,8862,1,1,1.0,1,0,0,0,Suspicious Command
12,5,6553,1,1,0.0,1,1,6,0,Normal
0,0,5797,1,1,0.0,1,0,1,0,Off-Hours Access
0,0,6158,1,1,0.0,1,0,6,0,Off-Hours Access
8,1,6473,1,1,1.0,1,1,0,0,Normal
10,4,5156,1,1,1.0,0,0,0,0,Normal
16,1,941,1,1,1.0,1,1,0,0,Normal
8,0,2246,1,1,1.0,1,1,4,0,Normal
17,5,8817,1,1,0.0,1,1,0,0,Normal
18,6,0,0,1,1.0,0,0,0,0,Failed Login
5,5,1501,1,1,0.0,1,0,4,0,Off-Hours Access
12,5,0,0,1,1.0,0,0,4,0,Failed Login
14,1,4848,1,1,0.0,1,0,0,0,Suspicious Command
11,6,8545,0,1,0.0,1,1,0,0,Normal
9,5,8352,1,1,0.0,1,1,0,0,Normal
12,0,9690,1,1,1.0,1,1,4,0,Normal
15,6,7347,0,1,0.0,1,0,4,0,Unusual Resource Access
13,1,11798,1,1,0.0,1,1,3,0,Normal
16,6,9955,0,1,0.0,1,1,4,0,Normal
13,0,8892,1,1,0.0,1,1,4,0,Normal
14,1,0,0,1,1.0,0,0,3,0,Failed Login
15,2,4923,1,1,0.0,0,0,3,0,Unusual Resource Access
23,6,8460,0,1,0.0,1,0,6,0,Off-Hours Access
14,0,8436,1,1,1.0,1,0,0,0,Suspicious Command
17,3,7985,1,1,0.0,1,1,3,0,Normal
13,5,3457,0,1,0.0,1,1,0,0,Normal
11,5,7850,1,1,0.0,1,1,3,0,Normal
11,6,4834,1,1,1.0,1,1,0,0,Normal
14,0,8345,1,1,0.0,1,1,6,0,Normal
12,1,4676,1,1,1.0,1,1,1,0,Normal
11,5,5358,1,1,0.0,1,1,6,0,Normal
12,3,10967,1,1,0.0,1,1,4,0,Normal
11,2,7683,1,1,0.0,1,1,3,0,Normal
16,3,11782,0,1,1.0,1,1,6,0,Normal
13,2,10086,1,1,0.0,1,1,4,0,Normal
16,2,11867,1,1,0.0,0,0,1,0,Normal
17,3,9199,1,1,0.0,1,1,1,0,Normal
9,6,4113,1,1,0.0,1,1,1,0,Normal
21,1,3304,1,1,0.0,1,0,3,0,Off-Hours Access
12,1,5227,1,1,0.0,1,1,0,0,Normal
11,6,5490,1,1,0.0,1,1,4,0,Normal
16,5,1849,1,1,0.0,1,0,1,0,Suspicious Command
18,1,4445,1,1,0.0,1,1,3,0,Normal
9,5,2215,1,1,1.0,1,1,0,0,Normal
8,0,4894,1,1,0.0,1,1,3,0,Normal
9,3,3668,1,1,0.0,0,0,0,0,Normal
11,2,7369,1,1,0.0,0,0,0,0,Normal
17,3,8035,0,1,0.0,1,0,0,0,Normal
14,2,942,1,1,0.0,1,1,4,0,Normal
9,3,2436,1,1,0.0,1,1,1,0,Normal
16,5,4605,0,1,0.0,1,0,1,0,Unusual Resource Access
18,4,10972,1,1,0.0,1,1,4,0,Normal
17,6,6190,1,1,0.0,1,1,6,0,Normal
14,2,1443,1,1,0.0,0,0,3,0,Normal
12,2,10667,1,1,0.0,1,1,6,0,Normal
0,4,2831,1,1,0.0,1,0,4,0,Off-Hours Access
17,4,6485,1,1,0.0,1,1,1,0,Normal
10,6,1310,1,1,0.0,0,0,3,0,Normal
12,6,10787,1,1,1.0,1,1,1,0,Normal
16,6,4047,1,1,1.0,1,1,4,0,Normal
15,6,3569,0,1,0.0,1,0,6,0,Unusual Resource Access
9,3,4003,0,1,0.0,1,1,1,0,Normal
18,4,10373,0,1,1.0,1,1,3,0,Normal
17,5,8976,0,1,0.0,1,1,0,0,Normal
8,1,8303,0,1,0.0,1,1,3,0,Normal
12,6,6306,0,1,0.0,1,1,6,0,Normal
11,6,6155,1,1,1.0,1,1,3,0,Normal
12,5,7514,1,1,0.0,1,1,0,0,Normal
8,1,4577,1,1,0.0,1,1,4,0,Normal
17,1,2211,1,1,0.0,1,1,1,0,Normal
11,3,10405,1,1,0.0,1,1,4,0,Normal
15,4,6475,0,1,0.0,1,1,4,0,Normal
16,3,5872,1,1,0.0,1,1,3,0,Normal
9,1,7240,0,1,0.0,1,1,4,0,Normal
15,0,10462,1,1,0.0,1,1,3,0,Normal
15,4,2661,0,1,0.0,1,1,6,0,Normal
15,6,6831,1,1,0.0,1,1,0,0,Normal
10,2,3385,1,1,0.0,1,1,0,0,Normal
12,1,1305,1,1,0.0,1,1,4,0,Normal
16,0,6615,1,1,0.0,1,1,3,0,Normal
14,1,0,0,1,2.0,0,0,0,0,Failed Login
15,5,7556,1,1,1.0,1,0,3,0,Suspicious Command
15,3,2042,1,1,0.0,1,1,0,0,Normal
11,2,11601,1,1,1.0,1,0,0,0,Unusual Resource Access
11,0,3244,1,1,1.0,1,1,6,0,Normal
8,0,7090,1,1,0.0,1,1,6,0,Normal
8,2,11621,1,1,2.0,1,1,4,0,Normal
14,5,5905,0,1,0.0,1,1,3,0,Normal
15,2,7167,1,1,0.0,1,1,6,0,Normal
16,2,8745,1,1,0.0,1,1,3,0,Normal
17,5,5093,1,1,0.0,1,1,6,0,Normal
10,4,4956,1,1,0.0,1,1,4,0,Normal
10,4,8758,1,1,0.0,1,1,6,0,Normal
15,1,3856,0,1,0.0,1,1,6,0,Normal
10,6,8773,0,1,0.0,1,1,6,0,Normal
13,3,4321,1,1,0.0,1,1,0,0,Normal
15,5,3512,1,1,0.0,1,1,0,0,Normal
9,6,10196,1,1,0.0,1,1,4,0,Normal
9,0,0,0,1,1.0,0,0,4,0,Failed Login
8,2,3508,1,1,0.0,0,0,6,0,Unusual Resource Access
2,2,5308,1,1,0.0,1,0,6,0,Off-Hours Access
15,1,6724,1,1,0.0,1,1,6,0,Normal
15,6,1732,1,1,0.0,1,1,1,0,Normal
13,5,4441,1,1,0.0,1,0,3,0,Suspicious Command
8,1,5153,1,1,0.0,1,1,6,0,Normal
11,6,2136,1,1,0.0,1,1,0,0,Normal
9,3,2467,1,1,0.0,1,1,6,0,Normal
14,6,11865,1,1,0.0,1,1,0,0,Normal
9,6,2852,1,1,0.0,1,1,6,0,Normal
13,4,10492,1,1,0.0,1,0,0,0,Suspicious Command
9,6,6187,1,1,0.0,1,1,4,0,Normal
11,0,5859,1,1,0.0,1,0,0,0,Suspicious Command
10,4,4803,1,1,1.0,1,1,0,0,Normal
13,6,4760,1,1,0.0,0,0,0,0,Suspicious Command
15,2,4033,1,1,0.0,1,1,4,0,Normal
5,2,9395,1,1,0.0,1,0,4,0,Off-Hours Access
17,0,9648,1,1,0.0,1,1,4,0,Normal
12,6,1728,1,1,0.0,1,1,0,0,Normal
12,6,7764,1,1,1.0,1,1,6,0,Normal
14,3,7543,1,1,0.0,1,1,1,0,Normal
17,3,11214,1,1,0.0,1,0,4,0,Unusual Resource Access
13,2,2681,1,1,0.0,1,1,1,0,Normal
10,0,5137,1,1,0.0,1,1,6,0,Normal
8,6,9447,1,1,1.0,1,1,6,0,Normal
11,6,9542,1,1,1.0,1,1,3,0,Normal
10,4,11342,1,1,0.0,1,1,3,0,Normal
14,2,2250,1,1,0.0,1,1,0,0,Normal
10,2,5834,1,1,0.0,0,0,1,0,Normal
8,2,10814,1,1,0.0,0,0,1,0,Normal
18,3,8326,1,1,0.0,1,1,4,0,Normal
12,1,9145,1,1,0.0,1,1,0,0,Normal
13,3,5555,1,1,0.0,1,1,6,0,Normal
15,0,5909,1,1,0.0,1,0,1,0,Suspicious Command
17,0,4373,1,1,0.0,1,1,4,0,Normal
13,3,10041,1,1,0.0,1,1,0,0,Normal
11,1,4526,1,1,0.0,1,1,6,0,Normal
12,2,1726,1,1,0.0,1,1,1,0,Normal
10,5,5053,0,1,0.0,0,0,0,0,Normal
15,1,4670,1,1,0.0,1,1,1,0,Normal
14,4,3063,1,1,0.0,1,1,1,0,Normal
9,3,9654,1,1,0.0,1,1,4,0,Normal
1,6,3460,1,1,0.0,1,0,3,0,Off-Hours Access
9,1,9267,1,1,2.0,1,1,1,0,Normal
16,5,4987,1,1,0.0,1,1,6,0,Normal
11,6,5060,1,1,1.0,1,1,3,0,Normal
15,1,6045,1,1,0.0,1,1,0,0,Normal
14,2,9336,1,1,0.0,1,1,1,0,Normal
11,1,7625,1,1,0.0,1,1,6,0,Normal
16,1,4790,1,1,0.0,1,1,0,0,Normal
19,5,6773,1,1,1.0,1,0,3,0,Off-Hours Access
9,2,7821,0,1,0.0,1,1,1,0,Normal
17,5,3337,1,1,0.0,1,0,3,0,Suspicious Command
16,4,10630,1,1,1.0,1,1,3,0,Normal
14,2,4882,1,1,0.0,1,1,0,0,Normal
15,4,11727,1,1,0.0,1,0,6,0,Suspicious Command
16,0,8741,1,1,0.0,1,1,0,0,Normal
21,3,6662,1,1,0.0,1,0,0,0,Off-Hours Access
16,2,4536,0,1,0.0,1,1,3,0,Normal
16,2,11202,1,1,0.0,1,1,3,0,Normal
4,3,7108,1,1,1.0,1,0,6,0,Off-Hours Access
15,1,6431,1,1,0.0,1,1,3,0,Normal
14,4,1644,1,1,0.0,1,1,0,0,Normal
12,1,1699,1,1,0.0,1,1,3,0,Normal
10,3,6626,1,1,1.0,1,1,1,0,Normal
11,5,8798,1,1,0.0,1,1,0,0,Normal
9,1,0,0,1,1.0,0,0,4,0,Failed Login
10,5,0,0,1,1.0,0,0,1,0,Failed Login
8,4,9920,1,1,0.0,1,1,3,0,Normal
14,3,9426,1,1,1.0,1,1,1,0,Normal
9,0,10407,0,1,1.0,1,0,6,0,Unusual Resource Access
10,5,4603,0,1,0.0,1,1,3,0,Normal
12,3,10179,1,1,0.0,1,1,3,0,Normal
14,3,9288,1,1,0.0,1,1,1,0,Normal
9,6,3468,1,1,0.0,1,1,0,0,Normal
13,5,0,0,1,1.0,0,0,6,0,Failed Login
9,2,11701,1,1,0.0,1,1,6,0,Normal
12,3,9204,0,1,0.0,0,0,1,0,Normal
14,0,11301,1,1,0.0,1,0,4,0,Unusual Resource Access
11,0,3202,1,1,0.0,1,1,4,0,Normal
16,0,5863,1,1,0.0,1,1,4,0,Normal
12,6,8469,1,1,0.0,1,0,0,0,Unusual Resource Access
11,3,1417,1,1,0.0,1,1,3,0,Normal
18,0,2891,1,1,0.0,1,1,4,0,Normal
8,1,5220,1,1,0.0,1,1,6,0,Normal
9,6,10986,1,1,0.0,1,1,3,0,Normal
18,0,5877,1,1,0.0,1,1,1,0,Normal
18,5,1938,0,1,0.0,1,1,4,0,Normal
9,3,2598,0,1,0.0,1,1,3,0,Normal
8,4,3465,1,1,0.0,1,1,1,0,Normal
18,6,8279,0,1,1.0,1,1,4,0,Normal
17,2,7230,1,1,0.0,0,0,6,0,Normal
16,0,2033,0,1,0.0,1,1,1,0,Normal
7,6,1795,1,1,0.0,1,0,4,0,Off-Hours Access
11,2,5131,1,1,0.0,0,0,4,0,Normal
15,4,4945,1,1,0.0,1,1,1,0,Normal
17,0,11223,1,1,0.0,1,1,1,0,Normal
14,0,0,0,1,1.0,0,0,3,0,Failed Login
14,3,2230,0,1,0.0,1,1,6,0,Normal
13,1,3615,1,1,0.0,1,1,6,0,Normal
12,0,8122,1,1,0.0,1,1,4,0,Normal
12,0,11313,1,1,0.0,1,1,0,0,Normal
12,6,2036,1,1,1.0,1,1,3,0,Normal
14,2,1777,1,1,0.0,1,1,6,0,Normal
15,4,0,0,1,1.0,0,0,5,0,Failed Login
9,5,7832,1,1,0.0,1,1,3,0,Normal
17,3,5291,1,1,0.0,1,1,6,0,Normal
13,6,10151,1,1,0.0,1,0,4,0,Unusual Resource Access
13,3,10198,0,1,0.0,1,1,1,0,Normal
11,2,4894,0,1,0.0,0,0,4,0,Normal
17,3,11164,1,1,0.0,1,1,0,0,Normal
9,0,11510,1,1,0.0,1,1,0,0,Normal
11,2,3435,1,1,0.0,1,1,0,0,Normal
10,4,6617,1,1,0.0,1,1,3,0,Normal
18,5,8750,1,1,0.0,1,1,1,0,Normal
9,2,5380,1,1,0.0,1,1,1,0,Normal
15,2,8114,0,1,0.0,1,1,0,0,Normal
16,6,3132,1,1,0.0,1,0,6,0,Unusual Resource Access
20,3,1155,1,1,0.0,1,0,3,0,Off-Hours Access
18,2,8862,0,1,0.0,1,1,4,0,Normal
12,2,2522,1,1,0.0,1,1,0,0,Normal
17,0,2966,1,1,0.0,1,1,4,0,Normal
10,0,1684,1,1,0.0,1,1,6,0,Normal
9,6,6252,1,1,0.0,1,1,6,0,Normal
17,1,5125,1,1,0.0,1,1,3,0,Normal
17,4,3182,0,1,1.0,1,1,6,0,Normal
16,2,2994,1,1,0.0,1,0,0,0,Unusual Resource Access
9,1,9570,0,1,0.0,1,1,4,0,Normal
18,2,6093,1,1,0.0,1,1,4,0,Normal
10,6,8775,0,1,0.0,1,0,4,0,Unusual Resource Access
18,1,7839,1,1,0.0,1,0,3,0,Unusual Resource Access
18,3,0,0,1,1.0,1,0,2,0,Failed Login
17,3,6524,1,1,0.0,1,1,1,0,Normal
18,2,6157,1,1,0.0,1,0,3,0,Unusual Resource Access
10,5,5114,1,1,0.0,1,1,0,0,Normal
11,3,8027,1,1,0.0,1,1,3,0,Normal
9,2,4517,0,1,0.0,1,1,1,0,Normal
16,0,9086,1,1,1.0,1,1,3,0,Normal
13,5,3634,1,1,0.0,1,1,0,0,Normal
17,3,10355,0,1,0.0,1,1,4,0,Normal
0,4,6208,1,1,0.0,1,0,1,0,Off-Hours Access
8,5,6547,1,1,0.0,1,1,4,0,Normal
11,2,4104,1,1,0.0,1,1,3,0,Normal
17,1,10145,1,1,0.0,1,1,6,0,Normal
12,2,1954,1,1,0.0,1,1,6,0,Normal
15,3,7874,1,1,0.0,1,1,3,0,Normal
15,1,2594,1,1,0.0,1,1,6,0,Normal
10,4,1136,1,1,0.0,1,1,6,0,Normal
8,2,10370,1,1,1.0,1,1,1,0,Normal
10,5,3706,1,1,0.0,1,1,1,0,Normal
18,3,6616,1,1,1.0,1,0,4,0,Unusual Resource Access
10,3,3524,1,1,2.0,1,0,6,0,Unusual Resource Access
11,1,1984,1,1,0.0,1,1,4,0,Normal
18,4,6854,0,1,0.0,0,0,6,0,Normal
12,0,3011,1,1,0.0,1,1,4,0,Normal
8,1,1075,1,1,0.0,1,1,0,0,Normal
8,5,6321,1,1,1.0,1,0,1,0,Unusual Resource Access
17,1,10831,0,1,0.0,1,1,6,0,Normal
9,2,7216,1,1,0.0,1,1,3,0,Normal
12,2,923,1,1,0.0,1,1,1,0,Normal
9,3,8041,1,1,1.0,1,1,6,0,Normal
8,2,5653,1,1,0.0,0,0,4,0,Normal
13,5,7571,1,1,0.0,1,1,0,0,Normal
10,1,3023,1,1,0.0,1,1,3,0,Normal
13,2,3561,1,1,0.0,0,0,6,0,Unusual Resource Access
11,3,11724,1,1,0.0,1,1,1,0,Normal
16,5,8371,1,1,0.0,1,1,1,0,Normal
13,2,5914,1,1,0.0,1,1,6,0,Normal
18,5,6132,1,1,0.0,1,0,4,0,Suspicious Command
10,0,9946,1,1,0.0,1,1,3,0,Normal
9,2,10526,0,1,0.0,1,1,3,0,Normal
13,3,3050,1,1,0.0,1,0,4,0,Suspicious Command
11,2,11725,1,1,0.0,1,1,4,0,Normal
8,0,7564,1,1,1.0,1,1,3,0,Normal
17,0,3986,1,1,0.0,1,1,6,0,Normal
16,6,6328,1,1,1.0,1,1,4,0,Normal
12,2,7274,0,1,0.0,1,1,6,0,Normal
13,2,1538,1,1,0.0,1,1,0,0,Normal
10,2,4200,1,1,0.0,1,1,1,0,Normal
8,0,5361,1,1,0.0,1,1,1,0,Normal
10,4,9357,1,1,0.0,0,0,3,0,Normal
15,3,10638,1,1,0.0,1,0,3,0,Unusual Resource Access
13,1,4509,1,1,0.0,1,1,6,0,Normal
16,4,3284,1,1,0.0,1,1,4,0,Normal
17,5,11581,0,1,0.0,1,1,3,0,Normal
11,3,4876,0,1,0.0,1,1,0,0,Normal
21,2,2707,1,1,0.0,1,0,4,0,Off-Hours Access
10,6,7217,1,1,0.0,1,1,1,0,Normal
12,2,10206,0,1,0.0,1,1,4,0,Normal
12,6,6861,1,1,1.0,1,0,0,0,Suspicious Command
16,2,6304,1,1,0.0,1,1,0,0,Normal
16,3,8529,1,1,0.0,1,0,0,0,Suspicious Command
18,3,3467,1,1,0.0,1,0,0,0,Unusual Resource Access
16,3,4573,1,1,0.0,1,0,1,0,Suspicious Command
18,6,4104,1,1,0.0,1,1,4,0,Normal
18,3,5565,1,1,0.0,1,1,6,0,Normal
23,0,10487,0,1,0.0,1,0,4,0,Off-Hours Access
13,5,3337,0,1,0.0,1,1,6,0,Normal
12,3,5965,1,1,0.0,1,1,0,0,Normal
15,6,3523,0,1,1.0,1,1,6,0,Normal
18,3,8725,1,1,2.0,1,1,1,0,Normal
8,5,3420,1,1,1.0,1,1,6,0,Normal
18,5,7227,1,1,0.0,1,1,4,0,Normal
13,3,6978,1,1,0.0,1,1,4,0,Normal
17,5,7582,1,1,0.0,1,1,1,0,Normal
15,3,11912,1,1,0.0,1,1,3,0,Normal
15,6,10740,0,1,0.0,1,1,3,0,Normal
8,1,4900,1,1,0.0,1,1,1,0,Normal
10,2,3910,1,1,0.0,1,1,6,0,Normal
15,6,1999,1,1,0.0,1,0,6,0,Unusual Resource Access
8,0,4320,1,1,0.0,1,1,3,0,Normal
14,2,2776,1,1,0.0,1,1,1,0,Normal
18,5,10536,1,1,1.0,1,1,1,0,Normal
17,0,3303,0,1,0.0,1,0,3,0,Normal
8,2,3739,1,1,0.0,1,1,1,0,Normal
16,2,4720,1,1,0.0,1,1,3,0,Normal
10,3,5587,1,1,0.0,1,1,4,0,Normal
16,4,9870,1,1,0.0,1,1,1,0,Normal
10,6,2196,1,1,0.0,1,1,6,0,Normal
8,5,7715,1,1,0.0,1,1,4,0,Normal
13,6,7590,0,1,0.0,1,1,0,0,Normal
8,3,8108,1,1,0.0,1,1,4,0,Normal
10,5,8322,1,1,0.0,1,1,1,0,Normal
15,3,1130,1,1,0.0,1,1,4,0,Normal
17,3,8740,1,1,0.0,1,1,4,0,Normal
14,3,9320,1,1,0.0,1,1,3,0,Normal
16,6,9459,0,1,0.0,1,1,0,0,Normal
14,6,5113,0,1,0.0,1,1,0,0,Normal
22,5,1073,1,1,0.0,1,0,3,0,Off-Hours Access
18,0,0,0,1,1.0,1,0,4,0,Failed Login
12,5,4803,1,1,0.0,1,1,4,0,Normal
8,0,0,0,1,2.0,0,0,6,0,Failed Login
18,4,5573,1,1,2.0,1,0,0,0,Unusual Resource Access
14,2,8152,1,1,1.0,1,1,4,0,Normal
18,6,2263,1,1,0.0,1,1,0,0,Normal
9,4,1739,1,1,0.0,1,1,6,0,Normal
15,5,0,0,1,1.0,0,0,4,0,Failed Login
18,3,1436,0,1,0.0,1,1,1,0,Normal
17,0,11129,1,1,0.0,1,1,4,0,Normal
18,2,10716,1,1,0.0,1,1,1,0,Normal
15,4,3636,1,1,0.0,1,1,4,0,Normal
18,2,1820,1,1,1.0,1,1,1,0,Normal
13,5,5679,0,1,1.0,1,1,0,0,Normal
11,2,9642,1,1,0.0,1,0,0,0,Unusual Resource Access
14,2,6146,1,1,1.0,1,1,3,0,Normal
15,6,6850,1,1,0.0,1,1,6,0,Normal
16,0,5370,1,1,0.0,1,1,4,0,Normal
13,1,5540,1,1,0.0,1,1,1,0,Normal
12,2,10155,1,1,0.0,1,1,6,0,Normal
10,1,6099,1,1,0.0,1,1,1,0,Normal
9,5,1829,1,1,1.0,1,1,6,0,Normal
9,3,11998,1,1,1.0,1,1,0,0,Normal
13,2,2151,1,1,0.0,1,1,1,0,Normal
9,1,11698,1,1,0.0,1,1,6,0,Normal
16,3,3321,1,1,0.0,1,1,1,0,Normal
17,6,6387,1,1,0.0,1,1,6,0,Normal
10,0,8834,1,1,0.0,1,1,3,0,Normal
17,3,8608,1,1,0.0,1,1,4,0,Normal
12,5,980,1,1,0.0,1,1,0,0,Normal
15,3,5029,1,1,2.0,1,1,3,0,Normal
10,2,2186,1,1,0.0,1,1,0,0,Normal
8,5,3260,1,1,2.0,1,1,4,0,Normal
14,1,11534,1,1,0.0,1,1,3,0,Normal
16,5,5703,1,1,0.0,1,1,4,0,Normal
15,2,4760,1,1,0.0,1,1,6,0,Normal
22,0,1948,1,1,0.0,1,0,4,0,Off-Hours Access
11,0,2716,1,1,0.0,1,1,6,0,Normal
12,4,10796,1,1,0.0,1,1,0,0,Normal
13,2,6800,1,1,0.0,1,1,6,0,Normal
10,6,8524,0,1,0.0,1,1,6,0,Normal
16,3,2573,1,1,0.0,1,1,1,0,Normal
15,6,9696,1,1,0.0,1,0,6,0,Suspicious Command
12,0,7754,1,1,0.0,1,1,4,0,Normal
10,5,9806,1,1,0.0,0,0,1,0,Normal
10,1,1678,1,1,0.0,1,1,3,0,Normal
22,3,1370,1,1,2.0,1,0,6,0,Off-Hours Access
18,5,3185,0,1,0.0,1,1,4,0,Normal
16,4,1579,1,1,0.0,1,1,3,0,Normal
17,3,9695,1,1,0.0,1,1,1,0,Normal
16,0,6279,1,1,2.0,1,1,6,0,Normal
11,2,9753,1,1,0.0,1,1,3,0,Normal
4,4,8773,1,1,0.0,1,0,0,0,Off-Hours Access
16,1,8620,1,1,0.0,1,1,1,0,Normal
8,0,1003,1,1,0.0,1,1,1,0,Normal
12,2,7563,1,1,1.0,1,1,6,0,Normal
12,2,8769,1,1,1.0,1,1,4,0,Normal
11,0,9087,1,1,0.0,1,1,0,0,Normal
11,5,11320,1,1,0.0,1,0,1,0,Suspicious Command
15,6,6433,1,1,0.0,1,0,4,0,Suspicious Command
17,4,8270,1,1,0.0,1,1,3,0,Normal
14,5,2032,1,1,0.0,1,1,3,0,Normal
12,6,9544,1,1,0.0,1,1,1,0,Normal
12,2,11895,1,1,0.0,0,0,4,0,Normal
10,1,2055,1,1,0.0,1,1,3,0,Normal
13,0,8071,0,1,0.0,1,1,0,0,Normal
10,1,6024,1,1,0.0,1,1,4,0,Normal
12,1,1293,1,1,0.0,1,1,0,0,Normal
8,1,4592,1,1,0.0,1,1,6,0,Normal
9,2,2392,1,1,0.0,0,0,0,0,Normal
11,2,4479,1,1,0.0,1,0,6,0,Unusual Resource Access
11,0,1246,1,1,0.0,1,1,0,0,Normal
15,4,6893,1,1,0.0,1,1,0,0,Normal
15,6,6690,1,1,0.0,1,1,4,0,Normal
17,0,6513,1,1,0.0,1,1,6,0,Normal
10,0,2779,1,1,0.0,1,1,0,0,Normal
12,2,4574,1,1,0.0,1,1,3,0,Normal
13,3,1910,1,1,0.0,1,1,1,0,Normal
10,4,11551,1,1,0.0,1,1,0,0,Normal
18,0,5804,1,1,0.0,1,1,6,0,Normal
12,3,4250,0,1,0.0,1,1,6,0,Normal
17,0,4217,0,1,0.0,1,1,0,0,Normal
10,5,6837,1,1,0.0,1,1,1,0,Normal
9,3,0,0,1,1.0,1,0,2,0,Failed Login
10,4,1535,1,1,0.0,1,1,3,0,Normal
13,6,1340,1,1,0.0,1,1,6,0,Normal
9,3,6223,1,1,0.0,1,1,1,0,Normal
17,5,2024,1,1,0.0,1,0,0,0,Suspicious Command
18,5,8464,1,1,0.0,1,1,1,0,Normal
15,0,2800,1,1,0.0,1,1,1,0,Normal
4,5,11026,1,1,1.0,1,0,6,0,Off-Hours Access
16,3,10376,1,1,0.0,1,1,6,0,Normal
10,6,2664,1,1,0.0,1,1,3,0,Normal
16,3,4048,1,1,0.0,1,1,1,0,Normal
11,4,4725,1,1,1.0,1,1,1,0,Normal
14,1,2033,1,1,1.0,1,1,4,0,Normal
11,1,0,0,1,1.0,0,0,6,0,Failed Login
11,2,6927,1,1,0.0,0,0,3,0,Normal
12,4,7303,1,1,0.0,0,0,0,0,Normal
15,3,11599,1,1,0.0,1,1,4,0,Normal
14,0,7361,0,1,0.0,1,1,6,0,Normal
16,1,11587,1,1,0.0,1,1,6,0,Normal
15,2,10293,1,1,0.0,1,1,1,0,Normal
8,1,1272,0,1,0.0,1,1,0,0,Normal
14,3,7407,1,1,1.0,1,1,0,0,Normal
11,6,1379,1,1,0.0,1,1,6,0,Normal
16,5,10402,1,1,0.0,1,1,6,0,Normal
16,3,3891,1,1,0.0,1,1,1,0,Normal
14,2,5703,1,1,0.0,0,0,0,0,Normal
11,5,8569,1,1,0.0,1,1,1,0,Normal
10,3,9775,1,1,0.0,1,1,4,0,Normal
13,5,6083,1,1,0.0,1,1,4,0,Normal
9,5,1292,1,1,0.0,1,1,0,0,Normal
11,0,10088,1,1,0.0,1,1,3,0,Normal
14,1,3281,1,1,0.0,1,1,1,0,Normal
11,3,8757,1,1,0.0,1,0,0,0,Suspicious Command
2,2,7447,1,1,0.0,1,0,0,0,Off-Hours Access
16,6,9813,1,1,0.0,1,0,1,0,Suspicious Command
11,3,2090,1,1,0.0,1,1,6,0,Normal
12,5,7044,0,1,0.0,0,0,1,0,Normal
14,0,6498,1,1,0.0,1,1,4,0,Normal
12,6,4943,1,1,1.0,1,1,3,0,Normal
11,3,5273,1,1,0.0,1,1,6,0,Normal
18,2,1013,1,1,0.0,1,0,1,0,Suspicious Command
4,1,8191,1,1,0.0,1,0,6,0,Off-Hours Access
11,4,10417,1,1,0.0,1,1,6,0,Normal
17,6,2759,1,1,0.0,1,0,6,0,Unusual Resource Access
22,6,1155,0,1,0.0,1,0,0,0,Off-Hours Access
17,3,7243,1,1,0.0,1,0,3,0,Suspicious Command
10,4,6695,1,1,0.0,1,1,0,0,Normal
10,5,0,0,1,1.0,0,0,0,0,Failed Login
17,5,11945,0,1,0.0,1,1,4,0,Normal
11,5,5462,1,1,0.0,1,1,0,0,Normal
9,3,2382,1,1,0.0,1,1,6,0,Normal
10,5,11324,1,1,0.0,1,1,4,0,Normal
11,4,5843,1,1,0.0,1,1,3,0,Normal
12,3,0,0,1,1.0,1,0,0,0,Failed Login
13,3,10300,1,1,0.0,1,1,0,0,Normal
10,3,5387,1,1,0.0,0,0,0,0,Normal
9,3,9381,1,1,0.0,1,1,4,0,Normal
9,4,1514,1,1,1.0,1,1,0,0,Normal
9,3,10351,0,1,0.0,1,1,0,0,Normal
9,5,5071,1,1,0.0,1,1,4,0,Normal
16,6,8395,1,1,1.0,1,1,3,0,Normal
12,5,0,0,1,1.0,0,0,1,0,Failed Login
15,3,11263,1,1,0.0,0,0,6,0,Normal
9,5,1404,1,1,0.0,1,1,3,0,Normal
15,0,10968,1,1,0.0,1,1,6,0,Normal
10,2,4230,1,1,0.0,1,1,4,0,Normal
13,1,5937,1,1,0.0,1,1,0,0,Normal
8,5,4929,1,1,0.0,1,0,6,0,Suspicious Command
16,3,8021,1,1,0.0,0,0,0,0,Normal
15,3,9335,1,1,0.0,1,1,3,0,Normal
10,0,5888,1,1,0.0,1,1,0,0,Normal
18,3,6595,0,1,0.0,1,1,0,0,Normal
12,2,6088,1,1,1.0,1,1,0,0,Normal
13,0,10698,1,1,0.0,1,1,6,0,Normal
17,2,10360,1,1,0.0,1,1,0,0,Normal
8,6,3068,1,1,0.0,1,1,4,0,Normal
5,1,1065,1,1,2.0,1,0,1,0,Off-Hours Access
12,2,4620,1,1,0.0,1,1,0,0,Normal
10,5,8518,1,1,0.0,1,1,4,0,Normal
13,6,8800,1,1,0.0,1,1,1,0,Normal
8,2,7444,1,1,0.0,1,1,1,0,Normal
11,1,4677,1,1,0.0,1,1,0,0,Normal
13,5,0,0,1,3.0,1,0,0,0,Failed Login
11,6,4658,1,1,0.0,1,1,1,0,Normal
8,4,6014,1,1,0.0,1,1,3,0,Normal
8,2,5276,1,1,0.0,1,1,6,0,Normal
11,5,9331,1,1,0.0,1,1,3,0,Normal
18,0,6799,1,1,1.0,1,1,1,0,Normal
8,1,8107,0,1,0.0,1,1,1,0,Normal
18,1,7797,1,1,0.0,1,1,0,0,Normal
18,2,6954,1,1,0.0,1,1,4,0,Normal
10,4,11806,1,1,0.0,1,1,0,0,Normal
17,2,5640,0,1,0.0,1,1,0,0,Normal
18,6,11511,1,1,0.0,1,1,1,0,Normal
17,6,9520,1,1,0.0,1,1,1,0,Normal
8,6,10953,1,1,0.0,1,1,0,0,Normal
18,2,2215,1,1,0.0,1,1,1,0,Normal
9,0,2993,1,1,0.0,0,0,6,0,Suspicious Command
14,1,7741,1,1,0.0,1,0,4,0,Unusual Resource Access
17,4,0,0,1,1.0,0,0,2,0,Failed Login
15,6,10284,1,1,1.0,1,0,1,0,Suspicious Command
12,0,5635,0,1,0.0,1,1,3,0,Normal
13,6,6835,1,1,0.0,1,1,0,0,Normal
8,3,11901,1,1,0.0,1,0,1,0,Unusual Resource Access
10,4,4256,1,1,0.0,1,1,0,0,Normal
11,4,2929,1,1,0.0,1,0,6,0,Unusual Resource Access
16,4,1275,1,1,0.0,1,1,0,0,Normal
10,1,8228,1,1,0.0,1,1,4,0,Normal
11,1,6755,1,1,0.0,1,1,3,0,Normal
9,3,10998,1,1,0.0,1,1,6,0,Normal
9,3,11663,1,1,0.0,1,1,4,0,Normal
9,5,8941,1,1,0.0,1,1,4,0,Normal
14,1,8989,1,1,1.0,1,1,4,0,Normal
16,2,6234,1,1,0.0,1,1,6,0,Normal
18,2,6548,0,1,0.0,0,0,0,0,Normal
4,5,7507,1,1,0.0,1,0,6,0,Off-Hours Access
16,1,6198,0,1,0.0,1,1,1,0,Normal
17,4,5494,1,1,2.0,1,1,0,0,Normal
12,2,5014,1,1,0.0,1,1,4,0,Normal
9,0,7271,0,1,0.0,1,1,4,0,Normal
8,4,4333,1,1,0.0,1,1,6,0,Normal
14,4,10524,1,1,0.0,1,1,4,0,Normal
12,0,7950,1,1,0.0,1,1,0,0,Normal
9,4,6028,1,1,0.0,1,0,0,0,Suspicious Command
16,1,11366,0,1,0.0,1,1,3,0,Normal
9,4,4530,1,1,0.0,1,1,3,0,Normal
16,1,2545,1,1,0.0,1,1,6,0,Normal
8,5,10503,1,1,0.0,1,1,1,0,Normal
8,4,0,0,1,2.0,0,0,6,0,Failed Login
18,4,6736,1,1,0.0,1,0,6,0,Suspicious Command
18,5,1027,1,1,0.0,1,0,6,0,Unusual Resource Access
22,4,2271,1,1,1.0,1,0,3,0,Off-Hours Access
11,2,4090,1,1,0.0,1,1,6,0,Normal
8,6,11807,0,1,0.0,1,0,6,0,Normal
9,2,6850,1,1,0.0,1,1,0,0,Normal
15,6,7267,1,1,0.0,1,1,6,0,Normal
10,3,7934,1,1,0.0,1,0,6,0,Suspicious Command
10,4,7971,0,1,0.0,0,0,3,0,Normal
9,2,10969,1,1,0.0,1,1,1,0,Normal
2,0,5561,1,1,0.0,1,0,6,0,Off-Hours Access
18,5,2627,1,1,0.0,1,1,3,0,Normal
14,3,7528,1,1,0.0,1,1,3,0,Normal
13,4,7534,1,1,0.0,1,0,6,0,Suspicious Command
16,3,5079,1,1,0.0,1,1,4,0,Normal
16,2,9084,0,1,0.0,1,1,3,0,Normal
16,5,7518,1,1,0.0,1,0,6,0,Unusual Resource Access
13,6,7682,1,1,0.0,1,1,6,0,Normal
12,2,10634,1,1,1.0,1,1,0,0,Normal
16,1,11612,0,1,0.0,1,1,3,0,Normal
12,0,11797,1,1,0.0,1,1,1,0,Normal
15,6,3835,1,1,0.0,1,1,0,0,Normal
16,1,7298,1,1,0.0,1,1,0,0,Normal
13,6,7301,1,1,1.0,1,1,6,0,Normal
18,4,5708,1,1,0.0,1,1,0,0,Normal
17,5,7247,1,1,0.0,1,1,1,0,Normal
9,4,3146,1,1,0.0,1,1,0,0,Normal
11,2,2988,1,1,0.0,0,0,3,0,Normal
18,0,11557,0,1,0.0,1,1,0,0,Normal
10,0,5739,0,1,0.0,1,1,0,0,Normal
15,6,0,0,1,1.0,0,0,1,0,Failed Login
8,0,9460,1,1,0.0,1,1,4,0,Normal
9,2,6830,1,1,1.0,1,1,6,0,Normal
8,6,6314,1,1,0.0,1,1,1,0,Normal
16,5,2924,1,1,0.0,1,0,1,0,Unusual Resource Access
10,2,5129,1,1,0.0,1,1,4,0,Normal
12,6,1407,1,1,0.0,1,1,4,0,Normal
16,3,11306,1,1,0.0,1,1,1,0,Normal
10,5,3334,0,1,2.0,1,1,6,0,Normal
10,4,8962,1,1,2.0,1,1,1,0,Normal
16,2,11601,0,1,0.0,1,1,6,0,Normal
14,6,7591,1,1,0.0,1,1,1,0,Normal
14,0,6824,1,1,1.0,1,1,4,0,Normal
13,4,4393,1,1,0.0,1,1,0,0,Normal
10,5,6053,1,1,0.0,1,1,1,0,Normal
18,6,2812,0,1,0.0,0,0,4,0,Normal
16,2,1313,1,1,1.0,1,1,3,0,Normal
13,3,9538,1,1,0.0,1,1,3,0,Normal
8,0,8646,1,1,0.0,1,1,0,0,Normal
8,3,9845,1,1,0.0,1,1,3,0,Normal
16,3,1811,1,1,0.0,1,1,1,0,Normal
18,4,10000,1,1,0.0,1,1,0,0,Normal
10,5,5214,1,1,0.0,1,0,4,0,Unusual Resource Access
9,0,6675,1,1,0.0,1,0,4,0,Suspicious Command
11,3,10932,1,1,0.0,1,1,3,0,Normal
18,5,10980,1,1,0.0,1,0,0,0,Suspicious Command
8,2,9936,1,1,0.0,0,0,4,0,Unusual Resource Access
16,4,8701,1,1,0.0,1,1,6,0,Normal
3,3,5626,1,1,1.0,1,0,1,0,Off-Hours Access
11,3,3642,1,1,0.0,1,1,1,0,Normal
12,5,1125,1,1,0.0,1,1,0,0,Normal
12,5,7393,1,1,0.0,0,0,1,0,Normal
15,3,1194,1,1,1.0,1,1,0,0,Normal
13,1,11913,1,1,1.0,1,1,6,0,Normal
10,6,2868,1,1,0.0,0,0,1,0,Normal
16,1,4382,1,1,0.0,1,1,3,0,Normal
10,5,8114,1,1,0.0,1,1,4,0,Normal
11,6,1081,1,1,1.0,1,1,1,0,Normal
14,0,7491,1,1,0.0,1,1,6,0,Normal
16,3,10114,1,1,0.0,1,0,3,0,Suspicious Command
18,4,0,0,1,1.0,0,0,3,0,Failed Login
15,4,10060,1,1,1.0,1,1,4,0,Normal
18,3,7630,1,1,0.0,1,1,6,0,Normal
13,3,10283,1,1,0.0,1,1,4,0,Normal
15,2,9035,1,1,1.0,1,0,3,0,Suspicious Command
14,2,8897,1,1,0.0,1,1,0,0,Normal
16,6,5956,0,1,0.0,1,1,1,0,Normal
9,0,9999,0,1,0.0,1,1,1,0,Normal
12,6,3034,1,1,1.0,1,1,0,0,Normal
18,2,2783,1,1,0.0,1,1,0,0,Normal
22,4,9082,1,1,0.0,1,0,0,0,Off-Hours Access
17,3,941,1,1,0.0,1,1,6,0,Normal
14,5,10822,0,1,0.0,1,1,0,0,Normal
18,6,6513,1,1,1.0,1,1,6,0,Normal
8,3,10276,1,1,0.0,1,1,3,0,Normal
15,0,11968,1,1,0.0,1,1,3,0,Normal
23,0,8089,1,1,0.0,1,0,3,0,Off-Hours Access
13,3,11788,1,1,0.0,1,1,6,0,Normal
15,2,8910,1,1,0.0,1,1,1,0,Normal
13,2,10504,0,1,0.0,1,0,0,0,Unusual Resource Access
16,1,7782,1,1,0.0,1,1,3,0,Normal
16,5,4382,1,1,0.0,1,0,4,0,Suspicious Command
12,1,3656,1,1,1.0,1,1,6,0,Normal
15,0,5148,1,1,0.0,1,0,0,0,Unusual Resource Access
9,2,5406,1,1,1.0,1,1,1,0,Normal
13,1,5048,0,1,0.0,1,1,1,0,Normal
10,3,5371,1,1,0.0,1,1,3,0,Normal
11,5,6352,0,1,0.0,1,1,4,0,Normal
13,0,8797,1,1,0.0,1,1,6,0,Normal
11,5,7501,1,1,0.0,1,1,4,0,Normal
9,0,8413,1,1,1.0,1,0,1,0,Suspicious Command
12,6,3212,1,1,0.0,1,0,6,0,Suspicious Command
16,2,4274,1,1,0.0,1,1,0,0,Normal
12,2,7356,1,1,0.0,1,1,4,0,Normal
11,2,4120,1,1,0.0,1,1,0,0,Normal
9,3,1779,1,1,0.0,1,1,1,0,Normal
9,0,3833,1,1,1.0,1,1,6,0,Normal
16,3,2783,1,1,0.0,1,1,4,0,Normal
17,3,10169,1,1,0.0,1,1,0,0,Normal
11,1,2328,1,1,1.0,1,1,0,0,Normal
15,5,8650,1,1,0.0,1,1,4,0,Normal
13,2,1419,1,1,0.0,0,0,0,0,Normal
16,0,10725,1,1,0.0,1,0,6,0,Unusual Resource Access
14,4,10238,0,1,0.0,1,1,1,0,Normal
19,2,9174,1,1,0.0,1,0,6,0,Off-Hours Access
8,4,2851,0,1,0.0,0,0,4,0,Normal
8,3,9712,1,1,0.0,1,1,1,0,Normal
12,4,4635,1,1,0.0,1,1,6,0,Normal
15,6,11712,1,1,1.0,1,1,4,0,Normal
12,2,3926,1,1,0.0,1,1,0,0,Normal
9,1,9191,1,1,1.0,0,0,3,0,Normal
11,3,8968,1,1,0.0,1,1,0,0,Normal
16,0,5277,0,1,1.0,1,1,4,0,Normal
13,6,1292,1,1,0.0,1,1,1,0,Normal
15,3,983,1,1,0.0,1,1,0,0,Normal
17,0,7489,1,1,0.0,1,0,3,0,Suspicious Command
17,2,10685,1,1,0.0,0,0,0,0,Suspicious Command
8,3,4315,1,1,1.0,1,1,0,0,Normal
3,1,1538,1,1,1.0,1,0,3,0,Off-Hours Access
8,6,1433,1,1,0.0,1,1,6,0,Normal
13,3,8244,1,1,0.0,0,0,4,0,Normal
15,5,10515,1,1,0.0,1,1,1,0,Normal
12,6,4778,1,1,0.0,1,1,4,0,Normal
16,4,3976,1,1,0.0,1,1,1,0,Normal
12,1,6716,1,1,0.0,1,1,3,0,Normal
13,0,9548,1,1,0.0,1,1,0,0,Normal
13,4,1572,1,1,0.0,1,1,3,0,Normal
17,5,5869,1,1,0.0,1,1,4,0,Normal
18,5,5719,1,1,0.0,1,1,6,0,Normal
9,4,9262,1,1,1.0,1,1,6,0,Normal
14,4,4788,1,1,0.0,1,1,6,0,Normal
14,1,6672,1,1,1.0,1,1,4,0,Normal
16,5,9219,1,1,0.0,1,1,6,0,Normal
15,2,8224,1,1,0.0,1,1,4,0,Normal
15,3,3847,1,1,0.0,1,1,3,0,Normal
10,5,3331,1,1,0.0,0,0,0,0,Normal
11,6,10987,0,1,0.0,1,1,0,0,Normal
12,3,10727,1,1,0.0,1,1,4,0,Normal
14,6,8049,1,1,0.0,1,1,6,0,Normal
13,6,0,0,1,2.0,0,0,2,0,Failed Login
8,0,3437,1,1,1.0,1,1,6,0,Normal
15,2,1928,1,1,0.0,1,1,1,0,Normal
18,3,9033,1,1,0.0,1,1,6,0,Normal
13,4,3969,1,1,0.0,1,0,0,0,Suspicious Command
18,5,11681,1,1,0.0,1,1,4,0,Normal
16,3,1027,1,1,0.0,0,0,4,0,Normal
14,4,6160,1,1,0.0,1,0,3,0,Suspicious Command
17,3,11848,1,1,0.0,1,0,6,0,Suspicious Command
23,6,2182,1,1,0.0,1,0,1,0,Off-Hours Access
11,0,8001,1,1,0.0,1,0,1,0,Unusual Resource Access
10,3,9802,1,1,0.0,1,1,1,0,Normal
9,1,4361,1,1,1.0,1,1,3,0,Normal
16,2,7982,1,1,0.0,1,1,0,0,Normal
10,3,4710,1,1,0.0,1,1,3,0,Normal
12,0,5685,1,1,0.0,1,1,0,0,Normal
14,0,4825,1,1,1.0,1,0,0,0,Suspicious Command
13,1,8672,1,1,0.0,1,1,3,0,Normal
10,6,8205,1,1,0.0,1,1,3,0,Normal
14,3,10223,1,1,1.0,1,1,1,0,Normal
13,6,5994,1,1,1.0,1,1,0,0,Normal
8,3,7753,1,1,0.0,1,0,0,0,Suspicious Command
9,2,10078,1,1,0.0,1,0,4,0,Unusual Resource Access
8,2,9332,1,1,0.0,1,0,1,0,Suspicious Command
16,4,4907,0,1,0.0,1,1,3,0,Normal
17,5,11755,1,1,0.0,1,1,0,0,Normal
16,2,1786,1,1,0.0,1,1,6,0,Normal
6,4,1496,1,1,0.0,1,0,1,0,Off-Hours Access
14,3,5048,1,1,1.0,1,1,4,0,Normal
9,6,0,0,1,1.0,0,0,1,0,Failed Login
13,4,0,0,1,2.0,0,0,1,0,Failed Login
3,3,10583,1,1,0.0,0,0,0,0,Off-Hours Access
11,6,925,1,1,1.0,1,1,6,0,Normal
16,4,1608,0,1,0.0,1,1,0,0,Normal
9,0,10707,1,1,0.0,1,0,3,0,Suspicious Command
15,6,10999,1,1,0.0,1,1,4,0,Normal
22,5,1557,1,1,0.0,1,0,6,0,Off-Hours Access
3,0,8223,1,1,0.0,1,0,6,0,Off-Hours Access
8,6,10887,1,1,0.0,1,1,6,0,Normal
9,6,7637,1,1,0.0,1,1,0,0,Normal
11,0,7680,1,1,0.0,1,1,6,0,Normal
10,1,6335,1,1,2.0,1,1,4,0,Normal
8,6,11206,1,1,0.0,1,1,0,0,Normal
6,4,8475,1,1,1.0,1,0,6,0,Off-Hours Access
9,0,7176,1,1,0.0,1,1,6,0,Normal
13,2,4662,1,1,2.0,1,1,3,0,Normal
13,1,1818,1,1,1.0,1,0,0,0,Suspicious Command
10,1,4622,0,1,0.0,1,1,3,0,Normal
18,0,6377,1,1,0.0,1,1,3,0,Normal
8,6,2027,1,1,0.0,1,1,4,0,Normal
16,4,2514,0,1,0.0,1,1,4,0,Normal
22,0,8526,1,1,1.0,1,0,4,0,Off-Hours Access
16,0,8476,1,1,1.0,1,0,6,0,Suspicious Command
12,4,3913,1,1,0.0,1,1,6,0,Normal
11,2,8611,0,1,2.0,1,1,3,0,Normal
16,1,2676,1,1,0.0,1,1,3,0,Normal
8,6,8986,1,1,0.0,1,1,6,0,Normal
17,5,1837,1,1,0.0,1,1,6,0,Normal
17,2,9881,1,1,0.0,1,1,3,0,Normal
15,4,5610,1,1,0.0,1,1,0,0,Normal
12,0,4219,1,1,0.0,1,0,3,0,Suspicious Command
15,2,1009,1,1,0.0,1,1,4,0,Normal
8,1,7869,1,1,0.0,1,1,4,0,Normal
18,6,1327,1,1,0.0,1,1,0,0,Normal
18,0,2887,1,1,0.0,1,1,6,0,Normal
8,1,10834,1,1,0.0,1,1,6,0,Normal
17,2,5460,1,1,0.0,0,0,3,0,Normal
9,5,6547,0,1,0.0,1,0,3,0,Unusual Resource Access
15,0,2286,1,1,0.0,1,1,6,0,Normal
7,0,6109,1,1,0.0,1,0,1,0,Off-Hours Access
17,6,3640,1,1,0.0,1,1,3,0,Normal
9,0,4834,1,1,0.0,1,1,0,0,Normal
15,2,11880,1,1,0.0,1,1,3,0,Normal
15,3,8550,1,1,0.0,1,0,0,0,Normal
16,4,6849,1,1,0.0,1,1,1,0,Normal
9,4,9249,1,1,0.0,1,1,4,0,Normal
11,0,11822,1,1,0.0,1,1,3,0,Normal
11,4,7234,1,1,0.0,1,1,4,0,Normal
9,5,1491,1,1,0.0,1,1,1,0,Normal
14,3,11392,1,1,0.0,1,1,0,0,Normal
21,6,2150,1,1,0.0,1,0,1,0,Off-Hours Access
16,3,11408,1,1,0.0,1,1,4,0,Normal
15,6,11967,1,1,0.0,1,0,1,0,Unusual Resource Access
12,3,2763,1,1,0.0,1,1,6,0,Normal
18,6,10386,1,1,0.0,1,0,1,0,Unusual Resource Access
23,1,8802,1,1,0.0,1,0,4,0,Off-Hours Access
17,5,4239,0,1,0.0,1,1,4,0,Normal
12,1,6630,1,1,1.0,1,1,1,0,Normal
9,4,6662,0,1,0.0,1,1,0,0,Normal
10,2,9347,0,1,0.0,1,1,4,0,Normal
13,3,3954,1,1,0.0,1,1,0,0,Normal
9,6,10281,1,1,0.0,1,0,6,0,Unusual Resource Access
17,3,2639,0,1,0.0,1,1,4,0,Normal
15,6,2649,1,1,0.0,1,0,6,0,Suspicious Command
16,4,10915,1,1,0.0,1,1,0,0,Normal
18,6,8244,1,1,0.0,1,1,4,0,Normal
16,6,2360,1,1,0.0,1,1,6,0,Normal
12,1,3969,1,1,0.0,1,0,0,0,Suspicious Command
13,5,953,1,1,0.0,1,1,1,0,Normal
12,5,3679,1,1,0.0,1,1,3,0,Normal
15,2,4932,1,1,0.0,1,1,0,0,Normal
14,0,6479,1,1,1.0,1,1,3,0,Normal
18,3,4993,1,1,0.0,1,1,6,0,Normal
8,4,2675,1,1,0.0,1,1,4,0,Normal
12,4,907,1,1,0.0,0,0,1,0,Normal
15,5,7174,1,1,0.0,1,1,6,0,Normal
14,5,6401,1,1,0.0,1,1,3,0,Normal
20,2,6134,1,1,0.0,1,0,4,0,Off-Hours Access
17,1,0,0,1,1.0,0,0,4,0,Failed Login
9,6,0,0,1,1.0,0,0,1,0,Failed Login
13,4,10420,1,1,0.0,1,1,3,0,Normal
10,1,0,0,1,1.0,0,0,6,0,Failed Login
18,4,11029,1,1,0.0,1,1,0,0,Normal
14,0,9808,0,1,0.0,1,1,4,0,Normal
4,0,4035,1,1,0.0,1,0,6,0,Off-Hours Access
18,5,4024,0,1,1.0,1,1,6,0,Normal
11,6,9642,1,1,1.0,1,1,0,0,Normal
12,2,1102,1,1,0.0,1,1,4,0,Normal
12,4,0,0,1,1.0,1,0,1,0,Failed Login
14,5,9669,1,1,0.0,1,0,3,0,Unusual Resource Access
14,3,5854,0,1,0.0,1,1,0,0,Normal
15,2,1550,1,1,0.0,1,1,6,0,Normal
8,4,0,0,1,1.0,0,0,3,0,Failed Login
10,2,7982,1,1,0.0,1,1,1,0,Normal
18,1,10624,1,1,0.0,1,1,1,0,Normal
11,1,3935,1,1,0.0,1,1,4,0,Normal
16,6,4024,1,1,0.0,1,1,3,0,Normal
10,1,11564,1,1,0.0,1,1,3,0,Normal
8,2,4754,1,1,0.0,1,0,4,0,Unusual Resource Access
14,4,3965,1,1,0.0,1,1,3,0,Normal
11,5,6571,0,1,0.0,1,1,6,0,Normal
8,1,1000,1,1,0.0,1,1,4,0,Normal
12,5,10884,1,1,0.0,1,1,3,0,Normal
15,6,6772,1,1,1.0,1,0,4,0,Unusual Resource Access
12,0,5453,1,1,0.0,1,1,4,0,Normal
17,6,5719,1,1,0.0,1,0,6,0,Unusual Resource Access
18,1,2530,0,1,0.0,1,1,6,0,Normal
9,5,4658,1,1,0.0,1,1,0,0,Normal
13,2,1963,1,1,0.0,1,1,4,0,Normal
10,3,3100,1,1,0.0,1,1,4,0,Normal
15,6,3726,1,1,0.0,1,1,1,0,Normal
9,4,3541,1,1,1.0,1,0,6,0,Suspicious Command
14,6,2052,0,1,0.0,1,1,1,0,Normal
11,1,9155,1,1,0.0,1,1,3,0,Normal
14,3,5150,1,1,0.0,0,0,3,0,Normal
16,0,1629,1,1,1.0,1,0,6,0,Suspicious Command
12,6,11294,1,1,0.0,1,0,6,0,Unusual Resource Access
18,2,1952,1,1,0.0,1,1,1,0,Normal
8,3,5489,1,1,0.0,1,1,6,0,Normal
11,3,5904,1,1,1.0,1,1,4,0,Normal
9,6,0,0,1,1.0,0,0,6,0,Failed Login
13,6,5871,1,1,0.0,1,1,3,0,Normal
10,5,10677,1,1,1.0,1,1,1,0,Normal
15,3,7089,1,1,0.0,1,1,0,0,Normal
17,6,9981,1,1,0.0,1,1,3,0,Normal
15,0,8075,1,1,1.0,1,1,0,0,Normal
15,3,4391,1,1,0.0,1,1,1,0,Normal
11,6,0,0,1,2.0,0,0,6,0,Failed Login
16,4,11470,1,1,1.0,1,1,6,0,Normal
12,2,1401,1,1,0.0,1,1,3,0,Normal
12,5,11162,1,1,0.0,1,1,1,0,Normal
13,3,4057,1,1,0.0,1,1,3,0,Normal
18,5,3197,0,1,0.0,1,1,0,0,Normal
12,0,10460,1,1,0.0,1,1,1,0,Normal
13,6,0,0,1,1.0,0,0,3,0,Failed Login
15,1,1803,1,1,0.0,1,1,1,0,Normal
13,1,11939,1,1,0.0,1,1,1,0,Normal
8,5,12000,1,1,0.0,1,1,3,0,Normal
16,4,11456,1,1,0.0,1,1,1,0,Normal
9,6,8363,1,1,0.0,1,1,6,0,Normal
12,2,9001,1,1,0.0,0,0,4,0,Normal
10,6,8167,1,1,0.0,1,1,6,0,Normal
12,2,9943,1,1,0.0,0,0,4,0,Normal
14,4,8000,1,1,0.0,1,1,1,0,Normal
8,3,9888,1,1,0.0,1,1,3,0,Normal
8,6,0,0,1,1.0,0,0,5,0,Failed Login
8,2,5945,1,1,0.0,0,0,1,0,Normal
16,5,11668,1,1,0.0,1,1,0,0,Normal
8,1,2556,1,1,0.0,1,1,3,0,Normal
16,0,3238,1,1,0.0,1,1,3,0,Normal
12,0,9540,0,1,0.0,1,1,4,0,Normal
11,2,7879,1,1,1.0,1,1,3,0,Normal
9,2,7108,1,1,0.0,1,1,4,0,Normal
9,6,0,0,1,2.0,0,0,2,0,Failed Login
5,0,2922,1,1,1.0,1,0,1,0,Off-Hours Access
9,3,10597,1,1,0.0,1,1,6,0,Normal
14,2,4960,1,1,0.0,0,0,6,0,Normal
8,1,3006,1,1,0.0,1,1,4,0,Normal
12,4,11614,1,1,0.0,1,1,0,0,Normal
12,5,7853,0,1,0.0,1,1,4,0,Normal
18,5,10912,1,1,0.0,1,1,3,0,Normal
9,1,6054,1,1,2.0,1,1,4,0,Normal
13,2,9582,1,1,1.0,1,1,0,0,Normal
12,5,0,0,1,1.0,0,0,1,0,Failed Login
8,4,11465,1,1,0.0,1,1,4,0,Normal
8,5,1646,1,1,0.0,1,1,4,0,Normal
9,4,6809,1,1,0.0,1,1,1,0,Normal
10,6,8906,1,1,0.0,1,1,0,0,Normal
12,3,10522,1,1,1.0,1,1,4,0,Normal
8,4,7232,1,1,0.0,1,1,6,0,Normal
10,3,8017,1,1,0.0,1,1,3,0,Normal
11,6,4633,1,1,0.0,1,1,3,0,Normal
12,1,10448,0,1,0.0,1,1,6,0,Normal
12,2,8012,1,1,1.0,1,0,6,0,Unusual Resource Access
11,0,1409,1,1,0.0,1,1,0,0,Normal
13,6,0,0,1,1.0,0,0,6,0,Failed Login
18,2,5137,1,1,0.0,1,1,3,0,Normal
13,6,2387,1,1,0.0,1,1,0,0,Normal
17,3,5918,1,1,0.0,1,1,4,0,Normal
15,6,3739,1,1,0.0,1,1,6,0,Normal
12,3,2644,1,1,0.0,1,1,0,0,Normal
1,6,5333,1,1,0.0,1,0,0,0,Off-Hours Access
8,3,11775,1,1,1.0,1,0,4,0,Normal
14,5,10781,1,1,0.0,1,0,3,0,Unusual Resource Access
18,5,5371,1,1,0.0,1,0,0,0,Suspicious Command
13,1,4655,1,1,2.0,1,1,1,0,Normal
10,6,1095,1,1,0.0,1,0,6,0,Suspicious Command
15,3,5118,1,1,0.0,1,1,6,0,Normal
16,3,6524,1,1,0.0,1,1,0,0,Normal
13,2,8324,1,1,0.0,1,0,6,0,Unusual Resource Access
3,6,8704,1,1,0.0,1,0,1,0,Off-Hours Access
9,3,6468,0,1,0.0,1,1,3,0,Normal
18,2,11367,1,1,0.0,1,1,3,0,Normal
16,1,10853,0,1,0.0,1,1,6,0,Normal
16,2,4919,1,1,0.0,1,0,4,0,Unusual Resource Access
8,5,2135,1,1,0.0,1,1,1,0,Normal
17,3,2783,1,1,0.0,1,1,4,0,Normal
8,0,1125,1,1,1.0,1,1,1,0,Normal
14,3,5536,0,1,0.0,0,0,3,0,Normal
12,0,1671,1,1,0.0,1,1,6,0,Normal
15,1,8839,1,1,0.0,1,1,3,0,Normal
8,5,2488,1,1,0.0,1,1,3,0,Normal
19,0,9750,0,1,0.0,1,0,4,0,Off-Hours Access
10,3,11570,1,1,0.0,1,1,1,0,Normal
8,5,3295,0,1,0.0,1,0,0,0,Normal
18,3,4196,1,1,0.0,1,1,3,0,Normal
14,5,5101,0,1,0.0,1,1,0,0,Normal
16,2,9268,1,1,0.0,1,1,3,0,Normal
12,2,1794,1,1,0.0,1,1,6,0,Normal
14,6,8233,1,1,0.0,1,1,3,0,Normal
16,2,8346,1,1,0.0,1,1,1,0,Normal
12,0,8085,1,1,0.0,1,0,4,0,Unusual Resource Access
8,2,0,0,1,1.0,0,0,5,0,Failed Login
10,6,1722,1,1,0.0,1,1,1,0,Normal
10,4,9031,0,1,0.0,1,1,4,0,Normal
15,2,4982,0,1,0.0,1,1,1,0,Normal
15,5,6616,1,1,0.0,1,1,3,0,Normal
12,6,7136,0,1,0.0,0,0,0,0,Normal
8,6,9709,1,1,0.0,1,1,0,0,Normal
11,3,2098,1,1,0.0,0,0,4,0,Normal
13,0,10538,1,1,0.0,1,1,1,0,Normal
16,3,8171,1,1,0.0,1,1,3,0,Normal
15,2,1620,0,1,0.0,0,0,0,0,Normal
9,0,4955,1,1,0.0,1,1,1,0,Normal
12,3,10072,1,1,0.0,1,0,0,0,Suspicious Command
18,4,5832,1,1,0.0,1,0,0,0,Suspicious Command
13,3,7930,0,1,1.0,1,1,0,0,Normal
3,5,10801,0,1,0.0,1,0,4,0,Off-Hours Access
14,0,3718,0,1,0.0,1,1,3,0,Normal
1,3,1010,1,1,0.0,1,0,1,0,Off-Hours Access
12,4,8328,1,1,0.0,1,1,0,0,Normal
6,0,4679,1,1,0.0,1,0,3,0,Off-Hours Access
14,5,7994,1,1,0.0,0,0,0,0,Suspicious Command
15,3,6680,1,1,0.0,1,1,3,0,Normal
13,4,8039,1,1,0.0,1,1,3,0,Normal
10,3,1916,1,1,0.0,1,1,4,0,Normal
15,4,10047,1,1,0.0,1,1,3,0,Normal
13,2,3629,0,1,0.0,1,1,1,0,Normal
16,3,1910,0,1,2.0,1,0,4,0,Unusual Resource Access
12,6,10470,0,1,0.0,1,0,1,0,Normal
9,1,2194,1,1,0.0,1,0,6,0,Suspicious Command
16,6,6694,1,1,0.0,1,1,0,0,Normal
16,5,3086,1,1,0.0,1,1,4,0,Normal
14,6,5429,1,1,0.0,1,1,6,0,Normal
12,3,4359,1,1,0.0,1,1,3,0,Normal
16,6,2358,1,1,0.0,1,1,0,0,Normal
14,0,4954,1,1,1.0,1,1,0,0,Normal
17,5,11783,1,1,0.0,1,1,0,0,Normal
10,5,2909,1,1,0.0,1,1,6,0,Normal
14,5,10775,1,1,0.0,1,1,0,0,Normal
17,0,5552,1,1,1.0,1,1,3,0,Normal
9,6,4033,1,1,0.0,1,1,0,0,Normal
17,0,964,1,1,0.0,1,1,6,0,Normal
8,0,11977,1,1,0.0,1,1,4,0,Normal
16,1,2552,1,1,0.0,1,1,1,0,Normal
13,6,1579,1,1,0.0,1,1,3,0,Normal
14,4,7733,1,1,0.0,1,1,4,0,Normal
14,5,0,0,1,2.0,0,0,6,0,Failed Login
10,4,4841,1,1,0.0,1,1,4,0,Normal
8,3,5538,1,1,0.0,1,0,6,0,Unusual Resource Access
13,5,6946,0,1,0.0,1,1,4,0,Normal
10,2,11380,1,1,0.0,1,1,3,0,Normal
21,3,6282,1,1,0.0,1,0,1,0,Off-Hours Access
15,6,8046,1,1,0.0,1,1,0,0,Normal
9,0,6748,1,1,0.0,1,1,0,0,Normal
16,4,8570,0,1,0.0,1,1,4,0,Normal
14,1,10404,1,1,0.0,1,1,1,0,Normal
17,6,1735,1,1,0.0,1,1,0,0,Normal
8,6,5072,1,1,0.0,1,1,1,0,Normal
8,6,11037,1,1,1.0,1,1,0,0,Normal
13,1,8214,1,1,1.0,1,1,4,0,Normal
17,2,10790,1,1,0.0,1,1,3,0,Normal
9,3,3325,1,1,1.0,1,1,6,0,Normal
13,6,5615,1,1,0.0,1,1,6,0,Normal
9,4,5423,1,1,0.0,1,0,6,0,Unusual Resource Access
11,3,5043,1,1,0.0,1,0,6,0,Suspicious Command
8,5,8466,1,1,0.0,1,0,4,0,Unusual Resource Access
16,1,4472,1,1,0.0,1,0,4,0,Suspicious Command
8,6,6318,1,1,0.0,1,0,0,0,Unusual Resource Access
14,5,9956,1,1,0.0,1,1,1,0,Normal
8,1,7800,1,1,0.0,1,1,4,0,Normal
12,3,11525,1,1,0.0,1,1,4,0,Normal
12,4,5760,1,1,0.0,1,1,4,0,Normal
9,5,4242,1,1,0.0,1,1,0,0,Normal
13,4,10220,1,1,0.0,1,1,0,0,Normal
17,0,6260,1,1,0.0,1,1,0,0,Normal
18,6,5099,1,1,0.0,1,0,4,0,Unusual Resource Access
20,6,11404,1,1,0.0,1,0,1,0,Off-Hours Access
14,0,5565,1,1,1.0,1,1,6,0,Normal
10,3,9831,0,1,0.0,1,1,6,0,Normal
10,6,2896,0,1,0.0,1,1,1,0,Normal
10,5,3403,1,1,0.0,1,1,3,0,Normal
18,3,4146,1,1,1.0,1,0,4,0,Suspicious Command
16,2,9072,1,1,0.0,1,1,4,0,Normal
8,2,5990,1,1,0.0,0,0,1,0,Normal
14,0,4536,1,1,1.0,1,1,3,0,Normal
18,6,7592,1,1,0.0,1,1,3,0,Normal
13,4,6257,1,1,0.0,1,1,3,0,Normal
18,6,6264,1,1,0.0,1,0,1,0,Suspicious Command
15,0,9752,1,1,0.0,1,1,0,0,Normal
18,3,4052,1,1,0.0,1,1,1,0,Normal
14,3,1653,1,1,1.0,1,1,6,0,Normal
17,4,9859,0,1,1.0,1,1,6,0,Normal
10,0,9418,1,1,0.0,1,1,0,0,Normal
10,0,5074,0,1,0.0,1,1,3,0,Normal
18,6,2266,1,1,0.0,1,1,4,0,Normal
14,5,11831,1,1,0.0,1,1,1,0,Normal
22,5,7794,1,1,0.0,1,0,4,0,Off-Hours Access
18,6,11933,1,1,0.0,1,0,6,0,Unusual Resource Access
8,6,0,0,1,2.0,0,0,2,0,Failed Login
9,1,7371,1,1,0.0,1,1,1,0,Normal
8,4,2203,1,1,0.0,1,1,1,0,Normal
9,2,4912,1,1,0.0,1,0,6,0,Unusual Resource Access
15,2,10325,1,1,0.0,1,1,0,0,Normal
9,2,9576,1,1,0.0,1,0,4,0,Suspicious Command
16,1,7006,0,1,0.0,1,1,6,0,Normal
12,3,2760,1,1,1.0,1,1,6,0,Normal
16,3,8807,1,1,1.0,1,1,1,0,Normal
8,2,1663,1,1,0.0,1,1,6,0,Normal
16,4,5537,1,1,0.0,1,1,1,0,Normal
11,0,11812,1,1,0.0,1,1,0,0,Normal
17,1,8287,1,1,0.0,1,0,1,0,Unusual Resource Access
5,6,4424,1,1,0.0,1,0,1,0,Off-Hours Access
18,3,7468,1,1,0.0,1,1,6,0,Normal
5,6,5103,1,1,0.0,1,0,3,0,Off-Hours Access
8,2,10972,1,1,0.0,1,1,6,0,Normal
13,2,11791,0,1,0.0,1,0,6,0,Unusual Resource Access
13,5,9035,1,1,0.0,1,0,1,0,Suspicious Command
17,2,10060,1,1,0.0,1,1,6,0,Normal
15,1,1560,1,1,0.0,1,1,4,0,Normal
8,5,8139,1,1,0.0,1,1,1,0,Normal
11,2,3970,1,1,1.0,1,1,3,0,Normal
16,3,0,0,1,1.0,1,0,1,0,Failed Login
14,1,11024,1,1,1.0,1,1,6,0,Normal
12,0,1952,0,1,0.0,1,1,4,0,Normal
12,0,2353,1,1,1.0,1,1,6,0,Normal
16,3,8037,1,1,0.0,1,1,3,0,Normal
18,1,5071,1,1,0.0,1,1,1,0,Normal
17,2,9796,1,1,0.0,1,1,4,0,Normal
18,5,1923,0,1,1.0,1,1,3,0,Normal
12,1,9089,1,1,0.0,1,1,0,0,Normal
9,1,5290,1,1,1.0,1,1,1,0,Normal
15,5,2449,1,1,0.0,0,0,1,0,Normal
15,4,3012,1,1,0.0,1,1,6,0,Normal
13,3,9170,1,1,0.0,1,1,0,0,Normal
10,2,1871,1,1,0.0,1,1,1,0,Normal
10,1,10141,1,1,1.0,1,1,3,0,Normal
16,6,3708,1,1,0.0,1,1,0,0,Normal
13,4,3577,1,1,0.0,1,1,6,0,Normal
4,0,8353,1,1,0.0,1,0,1,0,Off-Hours Access
13,2,3044,1,1,0.0,1,1,4,0,Normal
16,5,3620,1,1,0.0,1,1,0,0,Normal
11,5,948,1,1,0.0,1,1,4,0,Normal
14,5,7426,1,1,0.0,1,0,6,0,Unusual Resource Access
13,3,7472,1,1,0.0,1,1,1,0,Normal
11,0,1426,1,1,0.0,1,1,0,0,Normal
9,6,5338,1,1,0.0,1,1,1,0,Normal
9,4,5244,1,1,0.0,1,1,4,0,Normal
13,6,2227,1,1,0.0,1,1,1,0,Normal
10,4,4793,1,1,2.0,1,1,0,0,Normal
10,4,7582,1,1,1.0,1,1,6,0,Normal
12,0,3816,1,1,0.0,1,1,4,0,Normal
12,0,4412,1,1,0.0,1,1,4,0,Normal
18,6,4829,1,1,0.0,1,1,4,0,Normal
9,5,6464,1,1,0.0,1,0,6,0,Suspicious Command
10,5,2148,0,1,0.0,1,1,1,0,Normal
22,3,11253,1,1,1.0,1,0,6,0,Off-Hours Access
17,1,3309,0,1,0.0,1,0,3,0,Unusual Resource Access
17,3,6440,0,1,0.0,1,1,0,0,Normal
2,5,1622,1,1,0.0,1,0,6,0,Off-Hours Access
8,5,10040,1,1,1.0,1,1,1,0,Normal
16,1,3728,0,1,0.0,1,1,6,0,Normal
12,4,5739,1,1,0.0,1,1,3,0,Normal
17,2,5318,1,1,0.0,1,0,6,0,Unusual Resource Access
18,2,3678,1,1,0.0,0,0,0,0,Normal
13,4,9400,1,1,0.0,1,1,1,0,Normal
17,3,11708,1,1,0.0,1,1,4,0,Normal
15,5,3692,1,1,0.0,1,1,3,0,Normal
0,5,11152,1,1,0.0,1,0,4,0,Off-Hours Access
11,6,8004,1,1,0.0,1,0,4,0,Unusual Resource Access
13,4,11041,1,1,0.0,1,1,0,0,Normal
17,2,5934,1,1,0.0,0,0,4,0,Normal
8,0,2241,1,1,0.0,1,1,4,0,Normal
16,4,1282,1,1,0.0,1,0,3,0,Suspicious Command
17,6,6618,1,1,1.0,1,1,3,0,Normal
11,6,11400,1,1,0.0,1,1,4,0,Normal
17,5,7737,1,1,0.0,1,1,0,0,Normal
15,5,5028,1,1,0.0,1,1,0,0,Normal
10,4,3694,1,1,1.0,1,1,1,0,Normal
15,1,2248,1,1,0.0,1,1,6,0,Normal
10,5,10549,1,1,0.0,1,1,0,0,Normal
18,6,3555,1,1,0.0,1,1,4,0,Normal
17,2,1764,1,1,0.0,1,1,3,0,Normal
16,2,8070,0,1,0.0,1,1,6,0,Normal
9,5,3011,1,1,0.0,1,1,6,0,Normal
13,4,9802,1,1,0.0,1,1,1,0,Normal
18,1,4957,1,1,0.0,1,1,0,0,Normal
9,1,3645,0,1,0.0,1,1,0,0,Normal
10,6,0,0,1,1.0,0,0,0,0,Failed Login
16,6,0,0,1,1.0,0,0,3,0,Failed Login
14,6,11998,1,1,0.0,1,1,1,0,Normal
12,6,11551,1,1,0.0,1,1,3,0,Normal
14,6,11229,1,1,0.0,1,1,6,0,Normal
22,3,8498,1,1,0.0,1,0,0,0,Off-Hours Access
13,1,5997,1,1,1.0,1,1,0,0,Normal
8,0,2715,1,1,0.0,1,1,3,0,Normal
12,3,2667,0,1,0.0,1,1,6,0,Normal
17,1,4750,1,1,0.0,1,1,1,0,Normal
10,4,11595,0,1,0.0,1,1,1,0,Normal
9,4,6410,1,1,0.0,1,1,4,0,Normal
14,6,3171,1,1,0.0,1,1,0,0,Normal
12,2,2659,1,1,1.0,1,0,1,0,Suspicious Command
11,5,8324,1,1,0.0,1,1,1,0,Normal
10,3,8056,1,1,0.0,1,1,6,0,Normal
10,3,3483,1,1,0.0,1,1,6,0,Normal
15,1,7031,1,1,0.0,1,1,1,0,Normal
16,4,11875,1,1,0.0,1,1,3,0,Normal
9,6,10441,0,1,0.0,1,1,3,0,Normal
14,0,7987,1,1,0.0,1,1,4,0,Normal
17,0,9018,1,1,0.0,1,0,0,0,Suspicious Command
15,3,9126,1,1,0.0,1,1,6,0,Normal
18,0,5835,1,1,0.0,1,1,6,0,Normal
17,4,8929,1,1,0.0,1,1,0,0,Normal
10,4,1838,1,1,0.0,1,1,6,0,Normal
15,2,4853,1,1,0.0,1,1,0,0,Normal
9,2,6635,1,1,0.0,1,0,0,0,Unusual Resource Access
15,0,9138,1,1,0.0,1,1,1,0,Normal
16,5,9126,1,1,0.0,1,1,0,0,Normal
8,2,9224,0,1,1.0,1,1,3,0,Normal
9,2,7713,1,1,0.0,1,1,4,0,Normal
6,1,6970,1,1,2.0,1,0,4,0,Off-Hours Access
9,1,0,0,1,1.0,0,0,1,0,Failed Login
22,0,7254,1,1,0.0,1,0,3,0,Off-Hours Access
16,4,11180,1,1,0.0,1,1,3,0,Normal
17,4,6593,1,1,0.0,1,1,6,0,Normal
11,3,3856,1,1,1.0,1,1,1,0,Normal
9,4,4751,0,1,0.0,1,1,1,0,Normal
14,4,0,0,1,1.0,0,0,5,0,Failed Login
18,2,11833,1,1,0.0,1,1,4,0,Normal
14,2,4056,0,1,0.0,0,0,1,0,Normal
15,1,930,1,1,0.0,1,0,6,0,Suspicious Command
8,0,4229,0,1,0.0,1,1,0,0,Normal
16,4,7141,1,1,0.0,1,1,4,0,Normal
11,4,7933,1,1,0.0,1,0,6,0,Suspicious Command
14,2,6386,1,1,0.0,1,1,3,0,Normal
18,5,2187,1,1,0.0,1,1,3,0,Normal
11,2,7206,1,1,0.0,1,0,0,0,Normal
17,4,9208,0,1,1.0,1,1,1,0,Normal
13,1,1405,1,1,1.0,1,0,3,0,Unusual Resource Access
13,1,11715,1,1,0.0,1,1,6,0,Normal
13,4,7692,1,1,0.0,1,1,4,0,Normal
8,5,6948,1,1,0.0,1,1,6,0,Normal
15,3,7421,1,1,0.0,1,1,1,0,Normal
17,1,2083,1,1,0.0,1,1,3,0,Normal
7,4,5294,1,1,0.0,1,0,0,0,Off-Hours Access
9,0,2678,1,1,2.0,1,0,0,0,Suspicious Command
12,2,3046,1,1,0.0,1,1,6,0,Normal
17,3,11892,1,1,0.0,1,1,1,0,Normal
15,5,2158,1,1,0.0,1,1,0,0,Normal
14,5,1456,1,1,0.0,1,1,6,0,Normal
13,3,8167,1,1,0.0,1,1,0,0,Normal
17,1,1402,1,1,1.0,1,0,0,0,Suspicious Command
13,5,1462,1,1,0.0,1,1,0,0,Normal
15,3,1376,1,1,0.0,1,1,1,0,Normal
11,3,1992,1,1,1.0,1,1,6,0,Normal
17,6,7922,1,1,0.0,1,1,0,0,Normal
7,2,2548,1,1,0.0,0,0,0,0,Off-Hours Access
13,2,5602,1,1,0.0,0,0,0,0,Normal
15,3,7307,1,1,1.0,1,1,4,0,Normal
9,2,992,1,1,0.0,1,1,3,0,Normal
16,1,4849,1,1,0.0,1,1,0,0,Normal
16,4,1852,1,1,0.0,1,1,6,0,Normal
10,5,7774,1,1,0.0,1,1,0,0,Normal
16,3,10133,1,1,0.0,1,1,6,0,Normal
9,2,0,0,1,1.0,0,0,4,0,Failed Login
16,4,8125,1,1,0.0,1,1,0,0,Normal
15,4,10279,1,1,0.0,1,1,0,0,Normal
16,3,4351,0,1,1.0,0,0,6,0,Normal
14,6,4488,1,1,1.0,1,1,3,0,Normal
13,2,11343,1,1,0.0,0,0,3,0,Normal
9,4,4116,1,1,0.0,1,1,6,0,Normal
8,1,11743,1,1,1.0,1,1,1,0,Normal
13,0,7276,1,1,0.0,1,0,0,0,Unusual Resource Access
14,1,0,0,1,1.0,0,0,4,0,Failed Login
15,5,1249,1,1,0.0,1,1,1,0,Normal
11,1,11281,1,1,1.0,1,1,1,0,Normal
14,0,9252,1,1,0.0,1,1,1,0,Normal
12,6,6236,0,1,1.0,1,1,3,0,Normal
9,1,7698,0,1,0.0,1,1,3,0,Normal
14,2,2071,1,1,0.0,1,1,0,0,Normal
18,6,3108,1,1,0.0,1,1,3,0,Normal
10,3,8073,1,1,0.0,0,0,4,0,Normal
10,0,7742,0,1,0.0,1,1,1,0,Normal
15,4,5262,1,1,0.0,1,1,1,0,Normal
14,0,1950,1,1,0.0,1,1,0,0,Normal
14,0,2452,1,1,0.0,1,1,4,0,Normal
13,2,8164,1,1,0.0,1,1,4,0,Normal
18,4,3295,1,1,0.0,1,1,3,0,Normal
18,1,7990,1,1,0.0,1,0,4,0,Suspicious Command
11,6,6139,1,1,0.0,1,1,6,0,Normal
15,1,11730,1,1,0.0,1,1,6,0,Normal
22,0,8844,1,1,0.0,1,0,1,0,Off-Hours Access
8,1,7073,1,1,1.0,1,1,4,0,Normal
16,5,5825,1,1,0.0,1,1,1,0,Normal
13,5,4051,1,1,1.0,1,0,0,0,Suspicious Command
18,0,11995,1,1,2.0,1,1,4,0,Normal
9,0,3532,1,1,0.0,1,1,0,0,Normal
17,0,8787,1,1,0.0,1,1,4,0,Normal
18,1,10017,1,1,0.0,1,1,1,0,Normal
15,5,9527,0,1,1.0,1,1,0,0,Normal
9,1,3830,1,1,0.0,1,1,1,0,Normal
10,4,9262,1,1,0.0,0,0,1,0,Normal
14,5,10398,1,1,1.0,1,1,1,0,Normal
12,6,1955,1,1,0.0,1,1,4,0,Normal
16,5,2301,1,1,0.0,1,1,1,0,Normal
5,2,5952,0,1,0.0,1,0,3,0,Off-Hours Access
16,5,2542,1,1,0.0,1,1,0,0,Normal
18,1,3320,1,1,1.0,1,1,1,0,Normal
6,1,9718,1,1,0.0,1,0,3,0,Off-Hours Access
10,6,8098,1,1,1.0,1,1,3,0,Normal
18,1,11785,1,1,0.0,1,1,0,0,Normal
11,0,5708,1,1,0.0,1,1,3,0,Normal
14,0,11836,1,1,1.0,1,0,4,0,Unusual Resource Access
18,4,5063,1,1,0.0,1,1,1,0,Normal
8,2,2504,1,1,0.0,1,1,6,0,Normal
14,0,5391,1,1,0.0,1,1,3,0,Normal
8,4,10981,1,1,0.0,1,1,0,0,Normal
0,2,1616,1,1,0.0,1,0,0,0,Off-Hours Access
8,0,11290,1,1,0.0,1,0,3,0,Unusual Resource Access
14,4,5445,0,1,0.0,1,1,4,0,Normal
15,1,6133,1,1,1.0,1,1,4,0,Normal
9,6,3811,1,1,0.0,1,1,6,0,Normal
16,1,0,0,1,1.0,0,0,3,0,Failed Login
16,0,4895,1,1,0.0,1,1,1,0,Normal
8,1,8182,0,1,0.0,1,1,0,0,Normal
11,2,9085,1,1,0.0,1,0,6,0,Normal
13,6,3696,1,1,1.0,1,1,6,0,Normal
17,4,3847,1,1,0.0,1,1,6,0,Normal
18,6,10849,1,1,0.0,1,0,1,0,Unusual Resource Access
13,3,10743,1,1,0.0,1,0,6,0,Unusual Resource Access
10,2,8868,1,1,0.0,1,1,1,0,Normal
11,6,5515,1,1,0.0,1,1,3,0,Normal
18,3,11424,1,1,0.0,1,1,0,0,Normal
17,0,10110,1,1,0.0,1,1,1,0,Normal
11,2,7631,1,1,0.0,0,0,3,0,Normal
16,4,10579,1,1,0.0,1,1,1,0,Normal
8,6,11894,1,1,0.0,1,1,4,0,Normal
17,5,10027,1,1,1.0,1,1,6,0,Normal
9,0,8818,1,1,0.0,1,1,6,0,Normal
11,6,8627,0,1,0.0,1,1,6,0,Normal
8,1,6741,1,1,1.0,1,1,4,0,Normal
12,4,6299,1,1,0.0,1,1,0,0,Normal
12,3,7099,1,1,0.0,1,1,3,0,Normal
10,2,1851,1,1,0.0,1,1,0,0,Normal
15,6,1009,1,1,0.0,1,1,1,0,Normal
14,1,9109,1,1,0.0,1,1,1,0,Normal
10,1,11142,1,1,0.0,1,1,3,0,Normal
11,6,7488,0,1,0.0,1,1,6,0,Normal
13,5,3069,1,1,0.0,1,1,4,0,Normal
16,4,11818,1,1,0.0,1,1,1,0,Normal
15,0,6062,1,1,0.0,1,1,0,0,Normal
9,5,8886,1,1,0.0,1,1,1,0,Normal
16,0,9451,0,1,0.0,1,0,0,0,Unusual Resource Access
10,1,4778,1,1,0.0,1,1,0,0,Normal
7,3,8489,1,1,1.0,1,0,0,0,Off-Hours Access
17,6,8417,1,1,0.0,1,1,0,0,Normal
14,6,8752,1,1,0.0,1,1,3,0,Normal
8,5,1247,1,1,0.0,1,1,4,0,Normal
14,2,1738,1,1,2.0,1,1,6,0,Normal
18,5,11138,1,1,0.0,0,0,0,0,Normal
15,3,9138,1,1,0.0,0,0,6,0,Normal
9,2,10536,0,1,0.0,1,1,3,0,Normal
10,2,5949,1,1,0.0,1,1,1,0,Normal
16,3,3518,1,1,0.0,1,0,0,0,Suspicious Command
10,5,3623,1,1,0.0,1,1,6,0,Normal
18,0,6913,1,1,0.0,1,1,3,0,Normal
17,2,1323,1,1,0.0,1,1,0,0,Normal
13,4,6927,1,1,0.0,1,1,4,0,Normal
12,3,4229,0,1,0.0,1,1,0,0,Normal
14,6,2919,1,1,0.0,1,1,0,0,Normal
9,3,978,0,1,0.0,1,1,6,0,Normal
13,2,10849,1,1,0.0,1,0,6,0,Unusual Resource Access
16,1,0,0,1,1.0,0,0,3,0,Failed Login
15,3,7041,0,1,0.0,1,1,1,0,Normal
14,6,8196,1,1,0.0,1,1,4,0,Normal
15,0,11825,1,1,0.0,1,1,1,0,Normal
13,0,6709,1,1,0.0,1,1,1,0,Normal
15,3,6205,1,1,0.0,1,1,3,0,Normal
23,1,2881,1,1,0.0,1,0,6,0,Off-Hours Access
18,1,6669,1,1,0.0,1,1,0,0,Normal
15,2,10331,1,1,0.0,1,1,0,0,Normal
11,1,10853,1,1,0.0,1,0,3,0,Suspicious Command
16,1,7571,1,1,0.0,1,1,0,0,Normal
10,1,1993,1,1,0.0,1,0,3,0,Suspicious Command
12,1,6396,1,1,0.0,1,1,1,0,Normal
15,0,11604,0,1,1.0,1,1,1,0,Normal
14,2,6649,0,1,0.0,1,1,4,0,Normal
11,4,8621,1,1,0.0,1,1,3,0,Normal
18,6,8093,1,1,0.0,1,1,0,0,Normal
18,4,11302,1,1,0.0,1,1,1,0,Normal
9,1,11804,1,1,0.0,1,0,0,0,Unusual Resource Access
9,2,6354,1,1,0.0,1,1,6,0,Normal
5,2,1082,1,1,0.0,1,0,6,0,Off-Hours Access
8,3,7019,0,1,0.0,1,1,3,0,Normal
12,3,4028,1,1,0.0,1,1,1,0,Normal
16,3,6109,1,1,0.0,1,1,1,0,Normal
14,1,1308,0,1,0.0,1,1,0,0,Normal
18,5,2331,1,1,1.0,1,1,4,0,Normal
9,6,8676,1,1,0.0,1,1,1,0,Normal
9,1,4142,1,1,0.0,1,1,0,0,Normal
16,5,11130,1,1,0.0,1,1,6,0,Normal
11,5,7399,1,1,0.0,1,1,6,0,Normal
14,6,11983,1,1,0.0,1,0,6,0,Suspicious Command
9,2,10002,0,1,0.0,0,0,4,0,Unusual Resource Access
12,5,7483,1,1,0.0,1,1,1,0,Normal
17,3,9439,1,1,0.0,1,1,6,0,Normal
17,5,11621,1,1,1.0,1,1,4,0,Normal
8,3,1312,1,1,1.0,1,1,4,0,Normal
9,4,7071,1,1,0.0,1,1,4,0,Normal
16,1,10571,0,1,0.0,1,1,3,0,Normal
11,5,7696,1,1,0.0,1,1,0,0,Normal
10,2,5661,1,1,2.0,1,1,1,0,Normal
12,5,3341,1,1,1.0,1,1,6,0,Normal
11,1,8388,1,1,0.0,1,1,6,0,Normal
16,0,6159,1,1,0.0,1,1,3,0,Normal
8,0,907,1,1,0.0,1,1,1,0,Normal
12,0,9293,1,1,0.0,1,0,0,0,Suspicious Command
17,4,5867,1,1,0.0,1,1,6,0,Normal
14,5,5334,1,1,0.0,1,1,0,0,Normal
17,6,3032,1,1,0.0,1,1,1,0,Normal
15,2,8915,1,1,0.0,1,1,3,0,Normal
19,0,1118,1,1,0.0,1,0,6,0,Off-Hours Access
17,1,9388,1,1,0.0,1,1,6,0,Normal
12,0,9337,1,1,0.0,1,1,0,0,Normal
16,3,1148,1,1,0.0,1,1,1,0,Normal
11,0,7695,1,1,0.0,1,1,3,0,Normal
10,1,9728,1,1,0.0,1,1,0,0,Normal
13,3,9623,1,1,0.0,1,1,6,0,Normal
15,1,3537,1,1,0.0,1,1,6,0,Normal
9,2,2221,1,1,0.0,0,0,0,0,Normal
12,6,7233,1,1,0.0,1,1,1,0,Normal
11,2,5447,0,1,1.0,1,1,1,0,Normal
9,0,4804,1,1,0.0,1,1,1,0,Normal
18,1,10289,1,1,0.0,1,1,0,0,Normal
18,1,8798,1,1,0.0,1,1,0,0,Normal
9,3,925,1,1,0.0,1,1,4,0,Normal
15,2,7359,0,1,0.0,1,1,1,0,Normal
15,2,6565,1,1,1.0,1,1,3,0,Normal
5,3,3873,1,1,0.0,1,0,0,0,Off-Hours Access
15,6,3600,0,1,0.0,1,1,6,0,Normal
10,6,9523,1,1,0.0,1,1,4,0,Normal
14,2,10442,1,1,0.0,1,1,1,0,Normal
15,5,3789,1,1,0.0,1,1,4,0,Normal
18,6,11153,1,1,0.0,1,1,4,0,Normal
16,2,8224,1,1,0.0,1,1,4,0,Normal
17,0,0,0,1,1.0,0,0,1,0,Failed Login
18,3,5648,1,1,0.0,1,1,3,0,Normal
18,4,10230,1,1,0.0,1,1,3,0,Normal
9,1,6234,1,1,1.0,1,1,3,0,Normal
17,5,10079,1,1,0.0,1,1,6,0,Normal
6,1,4122,1,1,0.0,1,0,0,0,Off-Hours Access
14,6,10119,1,1,0.0,1,1,4,0,Normal
9,6,11173,1,1,0.0,1,1,3,0,Normal
10,6,11464,0,1,0.0,1,1,3,0,Normal
12,5,11841,1,1,0.0,1,1,0,0,Normal
9,5,10503,1,1,0.0,1,1,4,0,Normal
8,6,2508,1,1,0.0,1,1,0,0,Normal
8,2,9335,1,1,0.0,0,0,4,0,Normal
10,3,11932,1,1,1.0,1,1,0,0,Normal
17,4,11700,1,1,0.0,1,1,4,0,Normal
8,1,2936,1,1,0.0,1,1,0,0,Normal
9,5,8830,1,1,0.0,1,0,0,0,Suspicious Command
10,3,8798,1,1,0.0,1,1,3,0,Normal
8,4,10718,0,1,1.0,0,0,0,0,Normal
15,3,10799,1,1,0.0,1,0,0,0,Suspicious Command
15,3,2861,1,1,0.0,1,1,0,0,Normal
13,2,11655,1,1,0.0,1,1,3,0,Normal
8,4,4131,1,1,0.0,1,1,4,0,Normal
13,6,7121,1,1,0.0,1,1,0,0,Normal
15,2,11732,1,1,0.0,1,1,6,0,Normal
18,2,7224,1,1,0.0,1,1,0,0,Normal
10,4,5164,1,1,0.0,1,1,6,0,Normal
11,2,3784,1,1,0.0,1,1,0,0,Normal
12,3,1526,1,1,0.0,1,1,3,0,Normal
22,0,2165,1,1,1.0,1,0,6,0,Off-Hours Access
16,2,9115,0,1,0.0,1,1,4,0,Normal
13,1,11251,1,1,1.0,1,1,0,0,Normal
10,6,6092,1,1,1.0,1,1,3,0,Normal
15,2,6807,1,1,0.0,1,1,4,0,Normal
8,3,10530,1,1,1.0,1,1,1,0,Normal
9,0,3899,1,1,0.0,1,1,3,0,Normal
10,2,4095,1,1,1.0,1,0,3,0,Suspicious Command
8,1,8019,1,1,2.0,1,1,1,0,Normal
9,4,2269,1,1,0.0,1,1,0,0,Normal
16,4,1934,1,1,0.0,1,1,4,0,Normal
9,5,6404,1,1,1.0,1,1,4,0,Normal
13,3,0,0,1,1.0,1,0,5,0,Failed Login
10,3,6746,1,1,0.0,1,1,1,0,Normal
17,4,4076,1,1,0.0,1,1,4,0,Normal
14,0,5259,1,1,0.0,1,1,0,0,Normal
8,5,4920,0,1,0.0,1,1,3,0,Normal
16,5,9851,0,1,0.0,1,1,3,0,Normal
12,0,6444,1,1,0.0,1,1,6,0,Normal
16,5,10108,1,1,0.0,1,1,6,0,Normal
14,0,5159,1,1,0.0,1,1,0,0,Normal
11,6,7892,1,1,0.0,1,1,3,0,Normal
18,6,4868,1,1,0.0,1,1,4,0,Normal
15,2,4649,1,1,0.0,1,1,0,0,Normal
10,1,9124,0,1,0.0,1,1,1,0,Normal
11,0,9901,1,1,0.0,1,1,1,0,Normal
8,5,10735,1,1,0.0,1,1,6,0,Normal
8,1,7727,0,1,0.0,1,1,1,0,Normal
17,1,2145,1,1,1.0,1,1,3,0,Normal
15,3,1163,1,1,0.0,1,1,0,0,Normal
13,3,10020,0,1,0.0,1,1,3,0,Normal
11,3,4258,1,1,0.0,1,1,4,0,Normal
13,4,9189,1,1,0.0,1,1,4,0,Normal
13,1,2755,1,1,0.0,1,1,1,0,Normal
12,3,1957,1,1,1.0,1,1,0,0,Normal
10,5,8722,1,1,0.0,1,1,4,0,Normal
18,2,4541,1,1,0.0,1,1,1,0,Normal
13,2,2233,1,1,1.0,1,1,3,0,Normal
13,3,11857,1,1,2.0,1,1,3,0,Normal
1,0,6177,1,1,0.0,1,0,1,0,Off-Hours Access
13,3,10265,1,1,0.0,1,1,6,0,Normal
12,0,2589,1,1,0.0,1,1,0,0,Normal
8,2,4778,1,1,1.0,1,1,4,0,Normal
13,1,10489,1,1,0.0,1,1,4,0,Normal
21,0,11576,1,1,0.0,1,0,0,0,Off-Hours Access
15,3,0,0,1,2.0,0,0,3,0,Failed Login
8,1,9068,1,1,0.0,1,1,3,0,Normal
8,2,6860,1,1,0.0,0,0,4,0,Normal
17,6,1345,1,1,1.0,1,1,3,0,Normal
17,2,0,0,1,1.0,0,0,0,0,Failed Login
18,4,9089,0,1,0.0,1,1,0,0,Normal
11,5,3596,1,1,0.0,1,1,0,0,Normal
17,3,11887,0,1,0.0,1,1,0,0,Normal
8,4,4184,1,1,1.0,1,1,4,0,Normal
11,6,11034,1,1,0.0,1,1,4,0,Normal
11,4,0,0,1,2.0,1,0,5,0,Failed Login
10,2,2649,1,1,0.0,1,1,3,0,Normal
15,5,8821,1,1,0.0,1,1,1,0,Normal
15,2,2729,1,1,0.0,1,1,1,0,Normal
11,4,4434,1,1,1.0,1,0,4,0,Unusual Resource Access
18,3,7864,1,1,0.0,1,1,1,0,Normal
15,1,7366,1,1,0.0,1,1,3,0,Normal
14,3,6632,1,1,0.0,0,0,4,0,Normal
13,2,6117,1,1,0.0,1,1,6,0,Normal
10,2,1540,1,1,0.0,1,1,4,0,Normal
16,6,9880,0,1,1.0,1,1,3,0,Normal
13,3,8232,1,1,0.0,1,1,3,0,Normal
12,4,11210,1,1,0.0,1,1,0,0,Normal
12,6,2303,1,1,1.0,1,1,4,0,Normal
12,4,7553,1,1,0.0,1,1,6,0,Normal
14,5,6524,1,1,1.0,1,1,6,0,Normal
9,1,5413,1,1,0.0,1,1,6,0,Normal
12,3,10250,1,1,0.0,1,0,0,0,Unusual Resource Access
12,0,4864,1,1,0.0,1,1,3,0,Normal
18,4,4590,1,1,0.0,1,1,6,0,Normal
14,1,3599,1,1,0.0,1,1,1,0,Normal
9,4,4519,1,1,0.0,1,1,3,0,Normal
12,5,1565,1,1,1.0,1,0,6,0,Unusual Resource Access
17,1,5376,1,1,0.0,1,1,6,0,Normal
14,5,2611,1,1,0.0,1,1,4,0,Normal
9,0,10150,1,1,0.0,1,1,6,0,Normal
9,1,9109,0,1,0.0,1,1,3,0,Normal
16,5,4665,1,1,0.0,1,1,6,0,Normal
9,0,2471,1,1,1.0,1,1,3,0,Normal
13,3,0,0,1,1.0,0,0,2,0,Failed Login
7,0,5489,1,1,0.0,1,0,4,0,Off-Hours Access
18,3,0,0,1,1.0,0,0,5,0,Failed Login
12,3,5242,1,1,0.0,1,1,6,0,Normal
14,2,5200,1,1,1.0,1,1,4,0,Normal
12,1,11268,1,1,1.0,1,1,3,0,Normal
13,4,2776,1,1,0.0,1,1,3,0,Normal
15,0,10647,1,1,1.0,1,1,4,0,Normal
8,6,4051,1,1,0.0,1,1,3,0,Normal
13,3,3744,1,1,1.0,1,1,4,0,Normal
15,2,8052,1,1,0.0,0,0,4,0,Normal
6,0,3249,1,1,0.0,1,0,3,0,Off-Hours Access
9,0,2913,1,1,1.0,1,1,4,0,Normal
8,0,3071,1,1,0.0,1,1,4,0,Normal
15,1,7485,1,1,0.0,1,1,4,0,Normal
12,4,1116,1,1,0.0,1,1,1,0,Normal
14,6,1434,1,1,0.0,1,1,4,0,Normal
15,1,3381,1,1,0.0,1,1,1,0,Normal
20,2,9234,1,1,0.0,1,0,3,0,Off-Hours Access
12,1,8212,1,1,0.0,1,1,3,0,Normal
18,6,5298,1,1,0.0,1,1,4,0,Normal
14,1,3472,1,1,0.0,1,1,0,0,Normal
17,3,4666,1,1,0.0,1,1,4,0,Normal
16,1,4035,0,1,0.0,1,1,6,0,Normal
3,3,4003,1,1,0.0,1,0,3,0,Off-Hours Access
18,5,3114,1,1,0.0,1,0,0,0,Suspicious Command
17,5,8830,1,1,0.0,1,0,3,0,Suspicious Command
15,6,6102,1,1,0.0,1,0,6,0,Normal
14,0,0,0,1,1.0,0,0,6,0,Failed Login
10,1,9001,1,1,0.0,1,1,4,0,Normal
6,3,9573,0,1,0.0,1,0,6,0,Off-Hours Access
15,5,10923,1,1,0.0,1,0,3,0,Suspicious Command
14,0,7030,0,1,0.0,1,1,0,0,Normal
9,5,11936,1,1,0.0,1,1,3,0,Normal
11,2,9509,1,1,2.0,1,1,6,0,Normal
11,3,7417,1,1,0.0,1,0,1,0,Suspicious Command
10,1,5576,1,1,0.0,1,1,0,0,Normal
17,2,10993,1,1,0.0,1,1,3,0,Normal
11,2,3752,1,1,1.0,1,1,4,0,Normal
15,6,5745,1,1,0.0,1,0,3,0,Unusual Resource Access
12,6,9698,1,1,0.0,1,1,3,0,Normal
15,3,8691,1,1,1.0,1,1,6,0,Normal
14,3,5489,1,1,0.0,1,0,6,0,Suspicious Command
15,5,9088,1,1,0.0,1,1,6,0,Normal
17,0,8171,1,1,0.0,1,1,6,0,Normal
9,2,0,0,1,1.0,0,0,6,0,Failed Login
8,3,6018,1,1,0.0,1,1,6,0,Normal
18,0,10190,1,1,1.0,1,0,6,0,Suspicious Command
12,0,0,0,1,1.0,0,0,4,0,Failed Login
22,4,2704,1,1,0.0,1,0,6,0,Off-Hours Access
9,5,6351,1,1,0.0,1,1,6,0,Normal
18,2,4600,1,1,0.0,1,1,0,0,Normal
14,6,2502,1,1,0.0,1,0,0,0,Unusual Resource Access
14,5,10421,1,1,1.0,1,1,4,0,Normal
15,2,11783,1,1,0.0,1,1,6,0,Normal
9,3,3574,1,1,0.0,1,0,4,0,Suspicious Command
16,5,9486,1,1,0.0,1,1,3,0,Normal
16,4,8720,0,1,1.0,1,1,6,0,Normal
9,5,5210,0,1,0.0,1,1,1,0,Normal
16,6,7723,1,1,2.0,1,1,4,0,Normal
11,2,10683,1,1,0.0,1,0,0,0,Suspicious Command
18,5,8692,1,1,0.0,1,1,4,0,Normal
9,2,0,0,1,1.0,0,0,6,0,Failed Login
11,5,11245,1,1,0.0,1,1,3,0,Normal
11,2,7137,1,1,0.0,0,0,3,0,Normal
9,2,5663,1,1,0.0,0,0,4,0,Normal
8,4,3333,1,1,1.0,1,1,3,0,Normal
7,1,7384,1,1,0.0,1,0,4,0,Off-Hours Access
16,3,0,0,1,1.0,0,0,5,0,Failed Login
14,3,10691,1,1,0.0,1,1,3,0,Normal
13,3,0,0,1,1.0,0,0,1,0,Failed Login
11,5,10410,1,1,0.0,1,1,4,0,Normal
13,3,11416,1,1,0.0,1,0,1,0,Suspicious Command
11,4,9032,1,1,0.0,1,1,6,0,Normal
14,5,7056,0,1,0.0,1,1,0,0,Normal
16,5,2644,1,1,0.0,1,1,4,0,Normal
18,3,9064,1,1,0.0,1,1,4,0,Normal
13,2,4973,1,1,0.0,1,1,0,0,Normal
14,2,5063,0,1,1.0,1,0,4,0,Unusual Resource Access
15,1,9392,1,1,1.0,1,1,6,0,Normal
15,3,6773,1,1,0.0,1,1,3,0,Normal
22,4,9179,1,1,0.0,1,0,0,0,Off-Hours Access
17,1,2160,1,1,0.0,1,1,4,0,Normal
12,6,9129,1,1,0.0,1,0,0,0,Suspicious Command
10,5,0,0,1,2.0,0,0,2,0,Failed Login
15,0,7856,1,1,0.0,1,0,6,0,Suspicious Command
9,3,5475,1,1,0.0,1,1,1,0,Normal
15,3,6069,1,1,0.0,1,1,1,0,Normal
12,3,3374,0,1,0.0,1,1,4,0,Normal
17,2,6509,1,1,0.0,1,0,4,0,Unusual Resource Access
13,2,4606,1,1,0.0,1,1,4,0,Normal
13,6,8999,1,1,0.0,1,1,0,0,Normal
10,2,10484,1,1,1.0,1,1,0,0,Normal
1,4,4299,1,1,0.0,1,0,1,0,Off-Hours Access
19,3,4359,1,1,0.0,1,0,6,0,Off-Hours Access
10,6,10037,1,1,0.0,1,1,6,0,Normal
15,5,4294,1,1,0.0,1,1,4,0,Normal
16,2,9406,1,1,0.0,0,0,0,0,Normal
11,5,3944,1,1,0.0,1,1,3,0,Normal
8,4,8213,0,1,0.0,1,1,1,0,Normal
9,2,0,0,1,1.0,0,0,3,0,Failed Login
11,6,4559,1,1,0.0,1,1,6,0,Normal
12,2,3669,1,1,0.0,1,1,0,0,Normal
15,2,1154,1,1,0.0,0,0,6,0,Normal
18,5,4249,1,1,0.0,1,1,1,0,Normal
9,2,11840,1,1,1.0,1,1,6,0,Normal
11,4,3132,1,1,0.0,1,1,6,0,Normal
17,3,9345,1,1,1.0,1,1,4,0,Normal
13,4,6161,1,1,0.0,0,0,6,0,Normal
15,3,7633,1,1,0.0,1,1,0,0,Normal
18,2,2609,1,1,0.0,1,0,6,0,Suspicious Command
8,2,4267,1,1,0.0,1,1,0,0,Normal
18,3,8975,1,1,0.0,1,1,0,0,Normal
11,2,1350,1,1,0.0,0,0,1,0,Normal
10,6,5598,1,1,0.0,1,1,6,0,Normal
10,3,0,0,1,1.0,0,0,4,0,Failed Login
13,6,3102,1,1,1.0,1,1,4,0,Normal
11,2,11315,0,1,1.0,1,1,3,0,Normal
22,2,2517,1,1,0.0,1,0,6,0,Off-Hours Access
14,6,6172,1,1,0.0,1,1,4,0,Normal
16,2,5217,1,1,0.0,1,1,0,0,Normal
4,5,3755,1,1,0.0,1,0,3,0,Off-Hours Access
18,0,6619,1,1,0.0,1,0,6,0,Suspicious Command
19,1,1122,0,1,0.0,1,0,6,0,Off-Hours Access
8,3,6778,1,1,0.0,0,0,4,0,Normal
11,6,6650,1,1,0.0,1,1,0,0,Normal
16,4,5520,1,1,0.0,1,1,1,0,Normal
1,2,3695,0,1,0.0,1,0,3,0,Off-Hours Access
13,0,10023,1,1,0.0,1,1,6,0,Normal
17,5,2683,1,1,0.0,1,1,1,0,Normal
9,0,2065,1,1,0.0,1,1,4,0,Normal
15,3,2563,1,1,0.0,1,1,1,0,Normal
11,2,2892,1,1,0.0,1,1,1,0,Normal
10,3,2532,1,1,0.0,1,1,0,0,Normal
12,4,5534,1,1,0.0,1,1,0,0,Normal
10,5,11783,1,1,0.0,1,1,6,0,Normal
9,2,10659,1,1,0.0,1,0,0,0,Suspicious Command
13,2,5804,1,1,1.0,1,1,4,0,Normal
8,2,6466,1,1,0.0,1,1,0,0,Normal
11,0,11457,1,1,0.0,1,1,1,0,Normal
16,0,11451,1,1,0.0,1,1,6,0,Normal
18,2,5072,1,1,0.0,1,1,0,0,Normal
15,1,4967,1,1,0.0,1,1,4,0,Normal
9,6,2908,1,1,0.0,1,1,0,0,Normal
15,6,8399,1,1,0.0,1,1,0,0,Normal
8,0,10539,0,1,0.0,1,1,6,0,Normal
14,0,6511,1,1,0.0,1,1,1,0,Normal
17,1,11592,1,1,0.0,1,0,4,0,Unusual Resource Access
17,1,1660,1,1,0.0,1,1,0,0,Normal
15,6,5351,0,1,1.0,1,1,6,0,Normal
15,1,6883,1,1,0.0,1,1,1,0,Normal
13,6,5523,0,1,0.0,1,1,3,0,Normal
13,6,11220,1,1,0.0,1,1,0,0,Normal
12,3,6748,1,1,0.0,1,1,4,0,Normal
15,1,4865,1,1,0.0,1,1,1,0,Normal
8,0,10161,1,1,0.0,1,1,6,0,Normal
15,2,3042,1,1,0.0,1,1,0,0,Normal
13,6,9058,0,1,0.0,1,1,3,0,Normal
10,3,1274,1,1,0.0,1,1,0,0,Normal
17,6,8513,1,1,0.0,1,1,1,0,Normal
18,0,4120,1,1,0.0,1,1,4,0,Normal
17,3,3186,1,1,0.0,1,0,4,0,Suspicious Command
12,1,2730,1,1,0.0,1,1,3,0,Normal
17,1,3744,1,1,0.0,1,1,0,0,Normal
14,5,7897,1,1,0.0,1,1,4,0,Normal
17,3,1776,1,1,1.0,1,1,1,0,Normal
11,4,0,0,1,1.0,0,0,4,0,Failed Login
16,5,11922,1,1,0.0,1,1,0,0,Normal
9,0,5823,1,1,0.0,1,1,3,0,Normal
9,4,3277,1,1,0.0,0,0,6,0,Unusual Resource Access
11,0,10775,1,1,0.0,1,1,4,0,Normal
17,1,10303,1,1,0.0,1,1,1,0,Normal
15,1,9581,1,1,1.0,1,1,1,0,Normal
15,3,11220,1,1,0.0,1,1,3,0,Normal
8,2,6761,1,1,0.0,1,0,0,0,Unusual Resource Access
13,5,8166,1,1,0.0,1,1,0,0,Normal
18,0,4931,1,1,0.0,1,1,3,0,Normal
15,5,0,0,1,1.0,0,0,5,0,Failed Login
15,4,9720,1,1,0.0,1,1,0,0,Normal
15,2,0,0,1,1.0,0,0,6,0,Failed Login
16,2,5580,0,1,1.0,1,1,6,0,Normal
8,2,3849,1,1,0.0,1,0,6,0,Suspicious Command
9,4,4537,1,1,1.0,1,1,0,0,Normal
17,4,1933,1,1,1.0,1,1,1,0,Normal
13,5,1974,1,1,0.0,0,0,6,0,Suspicious Command
9,1,7696,0,1,0.0,1,1,4,0,Normal
10,2,8324,1,1,0.0,0,0,1,0,Normal
18,3,993,0,1,1.0,1,1,6,0,Normal
10,1,3489,1,1,0.0,1,1,3,0,Normal
12,2,2167,1,1,0.0,1,1,0,0,Normal
17,3,3702,1,1,0.0,1,1,6,0,Normal
11,3,5434,1,1,0.0,1,1,6,0,Normal
16,0,6273,1,1,0.0,1,0,6,0,Unusual Resource Access
15,6,1714,1,1,0.0,1,0,0,0,Suspicious Command
13,4,8636,1,1,0.0,1,1,4,0,Normal
10,0,1832,1,1,0.0,1,1,4,0,Normal
16,3,6429,1,1,0.0,1,1,0,0,Normal
16,4,2691,1,1,0.0,1,1,0,0,Normal
9,5,10015,0,1,0.0,1,1,4,0,Normal
13,2,10020,1,1,0.0,1,1,6,0,Normal
14,5,5203,1,1,0.0,1,1,6,0,Normal
12,4,1892,1,1,0.0,1,0,3,0,Suspicious Command
13,4,8080,1,1,0.0,1,1,1,0,Normal
10,5,11015,1,1,0.0,1,1,4,0,Normal
9,3,2807,1,1,1.0,1,1,3,0,Normal
8,3,2187,1,1,0.0,1,1,3,0,Normal
9,5,11558,1,1,0.0,1,0,3,0,Unusual Resource Access
9,4,5021,0,1,0.0,1,1,4,0,Normal
8,5,1127,0,1,0.0,1,1,0,0,Normal
16,5,8252,1,1,0.0,1,1,6,0,Normal
12,4,8056,0,1,0.0,1,1,0,0,Normal
15,3,7910,1,1,0.0,1,1,0,0,Normal
10,0,4710,1,1,1.0,1,1,3,0,Normal
18,2,6837,1,1,0.0,1,1,6,0,Normal
13,4,4538,1,1,0.0,1,1,3,0,Normal
12,2,10340,0,1,1.0,1,1,3,0,Normal
13,3,5595,1,1,0.0,0,0,4,0,Normal
14,5,1379,0,1,1.0,1,1,3,0,Normal
13,0,1896,1,1,0.0,1,1,1,0,Normal
8,4,1527,1,1,0.0,1,1,3,0,Normal
8,2,11532,1,1,0.0,1,1,0,0,Normal
11,0,6989,1,1,0.0,1,1,1,0,Normal
9,0,8078,1,1,0.0,1,1,0,0,Normal
10,1,9775,1,1,0.0,1,1,4,0,Normal
11,4,6794,1,1,0.0,1,1,1,0,Normal
10,1,3327,1,1,0.0,1,1,3,0,Normal
8,6,7244,1,1,0.0,1,1,6,0,Normal
16,2,2821,1,1,0.0,1,0,4,0,Suspicious Command
8,1,9745,1,1,0.0,1,1,4,0,Normal
17,2,5432,1,1,0.0,1,1,6,0,Normal
13,6,9643,1,1,1.0,1,1,6,0,Normal
12,0,7010,1,1,0.0,1,1,0,0,Normal
17,2,4874,0,1,0.0,1,1,3,0,Normal
15,6,1286,1,1,0.0,1,0,3,0,Normal
9,6,6153,1,1,0.0,1,1,6,0,Normal
17,5,6280,1,1,0.0,0,0,0,0,Normal
16,5,5532,1,1,1.0,1,1,3,0,Normal
10,0,6233,1,1,0.0,1,1,3,0,Normal
13,6,6969,1,1,0.0,1,1,6,0,Normal
9,6,2818,1,1,0.0,1,1,6,0,Normal
9,2,11096,1,1,0.0,1,0,1,0,Unusual Resource Access
12,1,6779,1,1,0.0,1,1,6,0,Normal
10,5,5131,1,1,0.0,1,1,0,0,Normal
13,4,10410,1,1,0.0,1,1,0,0,Normal
10,5,3282,1,1,1.0,1,1,3,0,Normal
17,2,9271,1,1,0.0,1,1,1,0,Normal
10,3,7641,1,1,1.0,1,0,1,0,Suspicious Command
12,6,8718,1,1,1.0,1,1,1,0,Normal
18,6,10197,1,1,0.0,1,1,6,0,Normal
11,4,7904,1,1,0.0,1,1,1,0,Normal
13,4,0,0,1,1.0,0,0,4,0,Failed Login
11,0,8235,1,1,0.0,1,1,3,0,Normal
14,2,11939,1,1,0.0,1,1,1,0,Normal
12,2,3278,1,1,0.0,0,0,6,0,Unusual Resource Access
18,4,7924,1,1,0.0,1,0,0,0,Suspicious Command
15,3,1601,1,1,0.0,0,0,0,0,Normal
16,3,4218,1,1,0.0,1,1,0,0,Normal
15,1,0,0,1,1.0,0,0,4,0,Failed Login
17,6,0,0,1,1.0,1,0,2,0,Failed Login
18,2,7515,1,1,0.0,1,1,1,0,Normal
10,2,9820,1,1,0.0,1,1,0,0,Normal
14,0,9817,1,1,0.0,1,0,4,0,Unusual Resource Access
8,4,8266,1,1,0.0,1,1,6,0,Normal
9,4,0,0,1,1.0,0,0,4,0,Failed Login
17,2,5117,1,1,0.0,1,1,4,0,Normal
12,3,4052,1,1,0.0,1,1,1,0,Normal
16,5,7238,0,1,1.0,1,1,1,0,Normal
18,4,0,0,1,1.0,0,0,4,0,Failed Login
