login_hour,day_of_week,session_duration,command_length,unique_resources,failed_login_count,is_known_device,is_known_location,auth_method_encoded,entity_type_encoded
16,2,27221,0,1,0.0,1,1,0,0
9,5,18908,0,1,0.0,1,1,1,1
12,1,17320,0,1,0.0,1,1,2,1
15,3,25944,0,1,0.0,1,0,3,1
12,5,21729,0,1,0.0,1,1,3,1
11,5,566,0,1,0.0,1,1,0,1
14,2,8316,0,1,0.0,1,1,0,1
15,5,7787,0,1,1.0,1,1,1,1
7,5,8292,0,1,0.0,1,1,4,1
8,2,25807,2,1,0.0,1,1,2,1
13,5,15057,0,1,0.0,1,1,3,1
16,2,8514,0,1,1.0,1,1,3,1
9,1,26788,3,1,0.0,1,1,2,1
12,3,4498,0,1,0.0,1,1,3,1
10,3,19541,0,1,0.0,1,1,3,1
14,2,12301,0,1,1.0,1,1,2,1
14,5,11822,0,1,0.0,1,1,1,0
10,1,23599,0,1,0.0,1,1,3,1
15,1,28444,2,1,1.0,1,1,4,1
11,1,27543,0,1,0.0,1,1,1,1
12,1,10131,0,1,0.0,1,1,1,0
12,1,20345,0,1,0.0,1,1,4,0
7,0,22748,2,1,1.0,1,1,4,1
17,1,18412,0,1,1.0,1,0,4,1
14,4,22273,1,1,0.0,1,1,1,1
12,2,8432,1,1,0.0,1,1,4,1
11,4,28277,0,1,0.0,1,1,3,1
10,4,2734,3,1,0.0,1,1,1,1
15,0,12091,0,1,1.0,1,1,1,1
8,3,4540,0,1,0.0,1,1,0,1
19,6,2276,0,1,1.0,1,1,2,1
11,3,15036,2,1,0.0,1,1,3,1
16,4,0,0,1,5.0,1,0,3,0
16,1,9954,0,1,0.0,1,1,4,1
13,1,14699,2,1,0.0,1,1,0,1
13,3,2802,0,1,1.0,1,0,0,1
14,6,8735,1,1,0.0,1,1,3,1
16,1,9951,0,1,0.0,1,1,2,1
16,4,0,0,1,5.0,1,0,3,0
13,4,18375,0,1,0.0,1,1,3,0
17,4,1788,0,1,0.0,1,1,3,1
9,0,16072,1,1,0.0,1,1,0,1
13,2,25875,0,1,0.0,1,1,4,1
12,2,25248,0,1,0.0,0,1,4,0
13,2,4101,0,1,0.0,1,0,1,1
12,6,12459,0,1,1.0,1,0,2,1
13,4,1831,0,1,0.0,0,1,4,1
14,3,23755,0,1,0.0,1,1,4,1
11,0,11032,0,1,0.0,1,1,2,1
13,6,9359,0,1,0.0,1,1,4,1
14,0,23662,0,1,0.0,1,1,3,1
16,4,28144,0,1,0.0,1,1,4,0
10,6,14843,0,1,0.0,1,1,4,0
15,2,21614,0,1,0.0,1,1,2,1
20,4,26091,0,1,0.0,1,1,3,1
12,2,20149,1,1,1.0,1,1,2,1
6,3,12895,0,1,0.0,0,0,4,0
14,2,21632,0,1,0.0,1,0,1,1
14,2,27511,0,1,0.0,1,1,4,0
11,2,26647,0,1,0.0,1,1,2,1
11,5,12545,0,1,0.0,1,1,4,0
12,1,8781,0,1,0.0,1,1,0,1
10,4,11286,0,1,0.0,1,1,3,1
8,6,26363,1,1,0.0,1,1,4,1
15,3,15913,0,1,0.0,1,1,3,0
16,3,20646,0,1,0.0,1,1,0,1
11,6,13926,0,1,0.0,1,1,4,1
12,2,3873,0,1,0.0,1,0,0,1
14,5,342,0,1,0.0,1,1,2,1
8,4,11257,0,1,0.0,1,1,2,1
8,1,19476,0,1,1.0,1,1,3,1
18,1,9813,0,1,0.0,1,0,4,0
13,2,2604,2,1,0.0,1,1,2,1
7,5,11464,0,1,0.0,1,1,0,1
14,3,9672,1,1,0.0,1,1,2,1
7,5,0,0,1,5.0,1,0,3,1
10,0,18292,0,1,0.0,1,1,4,1
15,0,3058,2,1,0.0,1,0,4,1
11,4,5589,0,1,1.0,1,1,1,1
17,1,11168,0,1,0.0,1,1,3,1
16,5,26266,0,1,1.0,1,1,1,1
17,2,9413,0,1,0.0,1,1,1,1
8,4,3475,0,1,0.0,1,1,4,1
8,5,26666,3,1,0.0,1,1,2,1
13,1,14503,0,1,0.0,1,1,4,1
10,2,14590,2,1,0.0,1,1,3,1
10,2,16651,0,1,0.0,1,0,1,1
18,5,23089,0,1,0.0,1,1,4,0
17,4,213,3,1,0.0,1,1,1,1
15,1,26706,0,1,0.0,1,1,4,0
12,4,28086,0,1,0.0,1,1,4,1
14,6,10150,0,1,0.0,1,1,2,1
11,4,27707,0,1,0.0,1,1,1,1
20,3,102,0,1,0.0,1,0,2,1
8,5,22807,0,1,0.0,1,1,3,1
16,2,112,0,1,0.0,1,0,1,1
12,5,22572,1,1,0.0,1,1,1,1
18,3,235,1,1,0.0,1,1,4,1
9,1,18028,0,1,0.0,1,1,1,1
14,5,5358,0,1,0.0,1,1,2,0
9,1,12312,3,1,0.0,1,1,2,1
12,1,6652,2,1,0.0,1,1,4,1
9,5,19662,0,1,0.0,1,0,2,1
11,5,12339,0,1,0.0,1,1,3,0
10,0,14272,3,1,0.0,1,1,1,1
12,0,13119,0,1,0.0,1,1,4,0
13,6,12928,3,1,0.0,1,1,1,1
12,0,15631,0,1,0.0,1,0,0,1
11,1,15820,0,1,0.0,1,1,4,1
14,4,1690,0,1,0.0,1,0,4,1
6,5,5980,0,1,0.0,1,0,2,1
11,3,25301,2,1,0.0,1,1,4,1
11,3,3196,0,1,0.0,1,0,1,1
19,1,24590,0,1,0.0,1,1,3,1
16,3,841,0,1,1.0,1,0,1,1
11,3,13928,2,1,0.0,1,1,2,1
16,4,22549,0,1,0.0,1,1,2,1
10,4,24278,0,1,0.0,1,1,3,1
13,2,14723,0,1,0.0,1,1,3,1
7,0,24747,0,1,1.0,1,1,4,1
12,1,27121,0,1,0.0,1,1,0,0
8,0,22951,0,1,0.0,1,1,3,1
12,4,18977,0,1,0.0,1,1,3,1
14,2,17305,3,1,0.0,1,1,1,1
9,3,351,0,1,0.0,1,1,3,1
20,1,1475,1,1,0.0,1,1,4,1
18,0,27211,0,1,0.0,1,1,4,1
13,6,23840,0,1,0.0,1,1,0,1
10,2,10628,0,1,1.0,1,1,1,0
15,0,17415,0,1,1.0,1,1,2,1
11,4,21489,0,1,0.0,1,1,3,1
15,4,0,0,1,5.0,1,0,3,0
11,1,1795,1,1,0.0,1,0,1,1
16,5,20025,0,1,0.0,1,1,4,1
11,5,14982,0,1,0.0,1,1,0,0
20,1,5902,0,1,0.0,1,1,3,1
19,1,26931,0,1,0.0,1,1,3,1
7,6,22699,0,1,0.0,1,1,3,1
14,4,16503,0,1,1.0,1,0,3,1
16,6,15091,1,1,0.0,1,1,0,1
14,0,9381,0,1,1.0,1,1,3,1
10,0,16078,1,1,0.0,1,1,4,1
11,0,27800,1,1,0.0,1,1,1,1
11,6,28784,0,1,0.0,1,1,0,0
13,4,13783,0,1,0.0,1,1,0,1
12,6,10094,0,1,0.0,1,0,0,0
14,6,17779,0,1,0.0,1,1,1,1
17,4,3128,0,1,0.0,0,0,0,1
12,0,1629,0,1,0.0,1,0,2,1
11,1,27283,2,1,0.0,1,1,2,1
12,2,24998,0,1,0.0,1,1,3,1
15,4,20956,2,1,0.0,1,1,3,1
10,2,4155,0,1,0.0,1,0,1,0
12,1,8488,0,1,0.0,1,1,3,1
9,4,15383,0,1,0.0,1,1,2,1
15,2,1002,0,1,0.0,1,1,0,1
7,0,13994,0,1,0.0,1,1,4,1
10,3,23352,0,1,0.0,1,1,0,1
12,5,561,0,1,0.0,1,1,2,1
12,4,13758,0,1,0.0,1,1,0,1
8,0,20266,0,1,0.0,1,1,0,1
11,3,85,0,1,0.0,1,1,2,1
12,5,1428,0,1,0.0,1,1,4,1
15,0,4069,0,1,0.0,1,1,4,1
15,6,27539,0,1,0.0,1,1,4,0
14,3,25251,0,1,0.0,1,0,0,1
7,4,0,0,1,5.0,1,0,3,1
12,5,18016,0,1,0.0,1,1,1,1
12,5,9655,0,1,0.0,1,0,3,1
15,0,28781,1,1,0.0,1,1,1,1
13,3,20902,0,1,0.0,1,1,0,1
15,4,934,0,1,0.0,1,1,3,0
8,0,15314,0,1,1.0,1,1,3,1
11,5,6852,0,1,0.0,1,1,3,1
10,0,4408,0,1,0.0,1,1,2,1
16,5,16584,0,1,0.0,1,1,1,1
10,4,373,0,1,0.0,1,1,1,1
13,1,12258,0,1,0.0,1,1,4,1
16,0,28537,0,1,0.0,1,1,2,1
8,2,9633,0,1,0.0,1,1,0,1
18,2,15709,0,1,0.0,1,0,3,1
15,5,16952,3,1,0.0,1,0,3,1
15,1,21809,0,1,1.0,1,1,3,1
13,3,27838,1,1,1.0,1,1,1,1
11,4,4185,0,1,0.0,1,1,2,1
12,3,24811,0,1,0.0,1,1,3,0
10,2,13411,0,1,0.0,1,1,3,0
16,2,17192,0,1,0.0,1,1,2,1
12,4,12685,0,1,0.0,1,1,2,1
13,5,23505,0,1,0.0,1,1,1,1
11,2,22051,2,1,0.0,1,1,3,1
12,5,10236,0,1,0.0,1,1,2,1
13,1,13817,1,1,0.0,1,1,1,1
12,0,11758,2,1,0.0,1,1,2,1
10,4,17515,0,1,0.0,1,1,1,1
14,3,24557,0,1,0.0,1,1,4,1
16,4,15929,0,1,0.0,1,1,0,1
8,0,12758,0,1,0.0,1,1,4,1
14,3,21492,0,1,0.0,1,1,3,1
14,5,18107,0,1,0.0,1,1,3,1
9,3,20888,2,1,1.0,1,1,3,1
14,4,11259,0,1,0.0,1,0,0,1
10,0,19371,0,1,0.0,1,1,0,1
11,1,9329,2,1,0.0,1,1,1,1
16,6,7674,2,1,0.0,1,1,4,1
12,2,12011,2,1,0.0,1,0,3,1
14,1,5801,0,1,0.0,1,1,3,1
12,3,22379,0,1,0.0,1,0,3,1
13,6,22712,3,1,0.0,1,1,1,1
10,5,23245,2,1,0.0,1,1,2,1
11,4,13265,0,1,0.0,1,1,4,0
11,2,1596,0,1,1.0,1,1,2,0
13,1,4144,0,1,0.0,1,1,4,1
11,5,24975,2,1,0.0,1,1,3,1
10,1,21568,0,1,0.0,1,1,3,1
10,4,25619,0,1,0.0,1,0,2,0
10,1,11735,0,1,0.0,1,0,1,1
13,6,3481,0,1,0.0,1,1,3,1
10,1,7321,0,1,0.0,1,1,0,1
11,0,16356,0,1,0.0,1,1,1,1
6,4,1495,0,1,0.0,1,1,4,1
14,1,27313,3,1,0.0,1,1,0,1
15,5,25896,0,1,0.0,1,1,0,0
16,4,26030,0,1,0.0,1,1,3,1
8,1,20494,0,1,0.0,1,1,3,1
14,1,27235,0,1,0.0,1,1,4,1
9,0,10071,0,1,0.0,1,0,4,1
7,4,3795,0,1,1.0,1,1,1,1
18,5,25210,3,1,0.0,1,1,2,1
14,1,196,1,1,0.0,1,1,1,1
14,2,13330,0,1,0.0,1,1,4,1
14,4,2976,0,1,0.0,1,1,2,0
18,3,6030,0,1,0.0,1,1,1,1
13,0,14123,0,1,0.0,1,1,3,1
12,0,4684,0,1,0.0,1,1,3,1
8,5,27037,2,1,0.0,1,1,0,1
12,3,10977,0,1,0.0,1,0,3,1
11,2,13206,0,1,0.0,1,1,4,1
9,3,10126,0,1,0.0,1,1,0,1
11,5,266,0,1,0.0,1,1,4,0
9,0,13503,0,1,0.0,1,0,2,1
12,0,23202,0,1,0.0,1,0,3,0
8,0,10106,1,1,0.0,1,1,2,1
11,4,24670,0,1,0.0,1,1,0,1
16,3,23787,0,1,0.0,1,1,0,0
19,4,28204,0,1,0.0,1,1,2,1
18,2,27589,0,1,0.0,1,1,2,1
14,2,6196,0,1,0.0,1,1,4,0
10,6,1977,0,1,0.0,1,1,3,0
10,6,28195,0,1,0.0,1,1,3,1
18,1,16773,0,1,0.0,1,0,0,1
7,5,6205,0,1,0.0,1,1,1,0
18,0,18881,0,1,0.0,1,1,0,0
10,5,28763,0,1,0.0,1,1,3,1
7,4,17514,0,1,0.0,1,1,1,0
10,4,14131,0,1,1.0,1,1,4,1
17,5,19708,3,1,0.0,1,1,1,1
12,1,6389,0,1,0.0,1,1,3,1
8,5,4357,0,1,0.0,1,1,3,1
12,4,1438,0,1,0.0,1,1,2,0
14,5,17102,1,1,0.0,1,1,2,1
13,0,11684,1,1,0.0,1,1,0,1
13,2,7125,0,1,0.0,1,1,0,1
18,3,22758,2,1,0.0,1,1,4,1
14,6,3273,0,1,0.0,1,1,4,1
12,1,10960,0,1,0.0,1,0,1,1
17,0,7807,2,1,1.0,1,1,3,1
11,5,18066,0,1,0.0,1,1,1,1
15,6,27872,2,1,1.0,1,0,0,1
13,5,24698,0,1,0.0,1,1,3,1
15,5,12155,0,1,0.0,1,1,4,1
11,2,16733,0,1,0.0,1,1,3,1
17,6,20460,0,1,0.0,1,1,0,1
8,4,13172,1,1,0.0,1,1,4,1
17,0,12382,0,1,0.0,1,1,1,1
8,4,5719,0,1,0.0,1,1,0,0
14,0,24508,0,1,0.0,1,1,2,1
11,0,9744,2,1,1.0,1,1,3,1
13,4,21643,0,1,0.0,1,1,0,1
8,6,26467,0,1,0.0,1,1,1,1
8,0,20186,0,1,0.0,1,1,0,1
13,5,2857,0,1,1.0,1,1,1,0
13,5,7389,0,1,0.0,1,0,4,0
12,6,16614,0,1,0.0,1,1,1,1
14,1,13116,0,1,0.0,1,1,2,0
13,2,11183,0,1,0.0,1,1,0,0
15,6,16791,0,1,0.0,1,1,4,1
17,4,17686,0,1,0.0,1,1,2,1
14,0,11100,0,1,0.0,1,1,4,0
10,6,11955,0,1,0.0,1,1,1,1
8,4,4854,1,1,0.0,1,1,0,1
14,0,21116,1,1,0.0,1,1,2,1
12,4,23344,3,1,0.0,1,1,1,1
7,0,26978,0,1,0.0,1,1,4,1
10,2,12899,0,1,0.0,1,1,1,1
13,3,25179,2,1,0.0,1,1,4,1
12,2,7478,0,1,0.0,1,1,1,1
16,5,20195,0,1,0.0,1,1,1,0
10,5,16203,0,1,0.0,1,1,3,1
13,3,12946,0,1,0.0,1,1,3,1
11,2,23481,2,1,0.0,1,1,1,1
15,1,22991,0,1,0.0,1,1,4,1
15,6,1392,1,1,0.0,1,1,3,1
17,6,20090,0,1,0.0,1,1,0,1
12,1,26802,0,1,0.0,1,1,4,1
18,4,22734,0,1,0.0,1,0,1,1
10,5,299,0,1,0.0,1,1,3,1
8,4,28332,0,1,0.0,1,1,1,1
12,0,15954,0,1,0.0,1,1,0,1
13,1,6704,0,1,0.0,1,1,4,1
18,2,27569,0,1,0.0,1,1,0,1
15,0,20907,0,1,0.0,1,1,4,1
11,2,6903,2,1,0.0,1,1,1,1
12,4,6055,0,1,0.0,1,1,0,1
6,4,28068,0,1,0.0,1,1,2,1
14,4,18762,0,1,0.0,1,1,2,1
14,6,6373,0,1,0.0,1,1,4,0
15,1,26808,0,1,0.0,1,1,4,1
11,3,131,0,1,0.0,1,1,4,1
10,2,25244,0,1,0.0,1,1,0,1
15,0,24056,0,1,0.0,1,1,4,1
10,5,20315,0,1,0.0,1,1,0,0
8,2,24102,0,1,0.0,1,0,3,1
10,3,22193,0,1,0.0,1,1,1,1
14,3,28596,0,1,0.0,1,1,3,1
10,4,17067,0,1,0.0,1,1,3,1
15,4,7227,0,1,0.0,1,0,3,1
14,5,4932,0,1,0.0,1,1,1,1
13,1,8134,0,1,0.0,1,0,3,1
11,2,27072,2,1,0.0,1,1,4,1
17,0,6834,0,1,0.0,1,1,1,1
10,4,18438,0,1,0.0,1,1,1,1
17,6,1663,0,1,0.0,1,1,2,1
12,1,25786,0,1,1.0,1,1,1,1
9,2,22281,0,1,0.0,1,1,0,1
10,5,5085,0,1,0.0,1,1,4,1
13,2,20829,0,1,0.0,1,1,4,1
10,5,18229,0,1,1.0,1,1,4,1
14,4,639,1,1,0.0,1,1,3,1
15,3,22466,0,1,0.0,1,1,2,1
7,3,26987,0,1,0.0,1,1,3,1
13,1,12123,0,1,0.0,1,1,3,1
15,2,11729,0,1,0.0,1,1,2,1
16,6,5547,0,1,0.0,1,1,0,1
11,1,19271,0,1,0.0,1,1,4,0
8,3,22670,0,1,0.0,1,1,0,1
13,3,7301,0,1,1.0,1,1,4,1
18,4,4145,0,1,1.0,1,1,4,1
13,3,27385,0,1,0.0,1,1,3,1
17,1,5869,0,1,1.0,1,1,3,1
17,3,26071,1,1,0.0,1,1,0,1
14,5,10045,0,1,0.0,1,1,2,1
17,0,21834,1,1,0.0,1,1,1,1
16,1,25508,1,1,0.0,1,1,4,1
11,6,22431,3,1,0.0,1,1,3,1
12,3,17736,0,1,0.0,0,0,0,1
9,2,2583,2,1,0.0,1,1,1,1
11,3,27049,0,1,0.0,1,1,3,0
12,6,11066,0,1,0.0,1,1,2,1
14,3,27457,1,1,0.0,0,0,1,1
9,1,23172,0,1,0.0,1,1,2,1
19,6,23208,0,1,0.0,1,1,1,1
9,1,15004,1,1,0.0,1,1,3,1
15,1,4210,0,1,0.0,1,1,3,1
11,3,16435,0,1,0.0,1,1,4,1
11,5,22548,0,1,0.0,1,1,0,1
16,2,13975,0,1,0.0,1,1,2,0
11,3,14859,0,1,1.0,1,1,0,1
14,2,24371,0,1,0.0,1,1,3,1
15,4,9553,0,1,0.0,1,1,2,0
8,3,16666,1,1,0.0,1,1,1,1
6,2,10254,0,1,0.0,1,1,4,1
17,0,8391,2,1,0.0,1,1,3,1
10,4,18617,0,1,0.0,1,1,0,1
9,1,24434,0,1,0.0,1,1,0,1
19,6,10416,0,1,0.0,1,1,2,0
14,0,313,2,1,0.0,1,1,2,1
11,1,16258,2,1,0.0,1,1,4,1
19,5,15483,2,1,0.0,1,1,1,1
14,2,5559,0,1,0.0,1,1,2,0
16,6,2443,0,1,0.0,1,1,2,1
9,2,10048,0,1,0.0,1,1,0,0
14,5,17624,0,1,0.0,1,1,3,1
12,4,11812,0,1,1.0,1,1,2,0
12,2,8223,2,1,0.0,1,1,3,1
15,4,8273,2,1,0.0,1,1,0,1
9,3,15524,1,1,0.0,1,0,3,1
12,6,8436,0,1,0.0,1,1,0,1
13,3,28531,0,1,0.0,1,1,2,0
8,0,27107,0,1,0.0,1,1,2,1
10,5,27259,0,1,0.0,1,1,3,0
13,5,12099,1,1,0.0,1,1,1,1
14,6,16952,0,1,0.0,1,1,1,1
12,5,25237,0,1,0.0,1,0,0,1
7,3,0,0,1,5.0,1,0,3,1
12,6,5743,0,1,1.0,1,0,0,0
14,5,24209,0,1,0.0,1,1,3,1
16,1,18323,0,1,0.0,1,0,0,1
10,4,1740,0,1,0.0,1,1,3,1
9,5,25654,0,1,0.0,1,1,3,1
7,2,9233,0,1,0.0,1,1,2,1
17,5,4719,1,1,0.0,1,1,0,1
17,5,926,0,1,0.0,1,1,2,1
9,1,10865,1,1,0.0,1,1,1,1
17,6,10432,0,1,2.0,1,1,1,1
15,0,25512,0,1,0.0,1,1,1,1
14,5,2034,0,1,0.0,1,1,3,0
12,3,8113,0,1,0.0,1,1,0,1
15,0,19367,2,1,0.0,1,1,2,1
18,5,2392,0,1,0.0,1,1,3,1
9,5,7538,0,1,0.0,1,1,0,1
15,5,20469,0,1,0.0,1,1,2,1
15,6,6196,3,1,0.0,1,1,4,1
12,0,9227,0,1,0.0,1,1,2,1
11,2,14698,2,1,0.0,1,1,4,1
16,4,15805,0,1,0.0,1,1,1,1
6,2,5655,1,1,0.0,1,1,2,1
11,4,23815,0,1,0.0,1,1,1,1
9,4,20582,0,1,0.0,1,1,2,1
13,3,27064,0,1,0.0,1,1,3,1
9,1,9534,0,1,0.0,1,1,2,0
11,1,26591,0,1,0.0,1,1,4,1
14,5,18542,0,1,0.0,1,0,4,1
11,4,7147,0,1,0.0,1,1,4,1
17,2,5829,0,1,0.0,1,1,1,1
11,4,23255,0,1,0.0,1,1,3,0
13,3,12532,0,1,0.0,1,1,1,1
16,4,12158,0,1,0.0,1,1,3,1
9,6,5089,1,1,0.0,1,1,4,1
8,6,10831,0,1,0.0,1,1,0,1
16,4,6496,2,1,0.0,1,1,1,1
11,0,3460,0,1,0.0,1,0,3,1
15,2,7081,0,1,0.0,1,0,4,1
14,0,12925,0,1,0.0,1,1,3,0
13,5,25355,2,1,0.0,1,1,4,1
13,2,7723,0,1,0.0,1,1,2,0
17,5,1246,1,1,0.0,1,1,3,1
14,5,15942,0,1,0.0,1,1,2,1
12,5,3378,0,1,0.0,1,1,2,0
12,0,18698,1,1,0.0,1,1,4,1
18,5,19781,0,1,0.0,1,1,2,0
11,1,8211,0,1,0.0,1,1,1,1
9,4,26119,0,1,0.0,0,0,0,1
17,3,19342,0,1,0.0,1,1,1,1
12,5,14214,0,1,0.0,1,1,3,1
13,5,17627,0,1,0.0,1,1,0,1
10,3,17138,0,1,0.0,1,1,4,1
16,4,13809,0,1,0.0,1,1,2,0
14,6,16710,3,1,0.0,1,1,4,1
9,2,13635,0,1,0.0,1,1,2,1
12,5,28658,2,1,0.0,1,1,2,1
13,4,325,0,1,0.0,1,1,2,1
8,5,12923,0,1,0.0,1,1,4,0
15,6,9839,0,1,0.0,1,0,4,1
11,6,9190,2,1,0.0,1,1,1,1
16,2,3178,0,1,0.0,1,1,3,1
7,2,5169,0,1,0.0,1,1,3,1
16,0,11817,0,1,0.0,1,1,2,1
15,0,21601,2,1,0.0,1,1,3,1
7,5,27521,0,1,0.0,1,1,1,0
9,1,18768,0,1,0.0,1,1,3,0
14,3,9311,0,1,0.0,1,1,4,0
17,0,24434,0,1,0.0,1,1,4,0
14,0,27943,0,1,0.0,1,1,4,1
15,4,25832,0,1,0.0,1,1,3,0
11,3,10738,0,1,2.0,1,1,1,1
14,3,28195,3,1,1.0,1,1,1,1
14,6,15144,3,1,0.0,1,1,4,1
18,5,9936,0,1,1.0,1,1,4,1
16,6,19798,0,1,0.0,1,1,1,1
16,0,3486,0,1,0.0,1,1,0,0
11,5,3601,0,1,0.0,1,1,0,1
9,4,15673,0,1,0.0,1,1,0,0
12,6,28451,0,1,0.0,1,1,1,1
16,1,12446,0,1,0.0,1,1,1,1
16,6,11354,0,1,0.0,1,1,1,1
11,0,3528,2,1,0.0,1,1,4,1
6,3,1990,0,1,0.0,1,0,0,1
12,0,11638,0,1,0.0,1,1,0,1
6,6,16104,0,1,0.0,1,1,0,1
16,5,16079,0,1,0.0,1,1,0,1
16,2,16640,2,1,1.0,1,1,4,1
15,4,0,0,1,5.0,1,0,3,0
6,2,2463,0,1,0.0,1,1,4,1
15,5,18042,1,1,0.0,0,0,3,1
9,5,0,0,1,5.0,1,0,3,1
11,1,9952,0,1,2.0,1,1,2,1
17,5,18484,0,1,0.0,1,1,3,1
17,4,11522,1,1,0.0,1,1,4,1
11,2,26585,0,1,0.0,1,1,4,1
12,0,3835,0,1,0.0,1,1,4,1
11,4,18425,0,1,0.0,1,1,4,1
14,3,23598,0,1,0.0,1,1,1,1
14,0,3319,2,1,0.0,1,1,3,1
13,6,5556,0,1,0.0,1,1,1,1
14,5,27934,0,1,0.0,1,1,4,1
17,2,20479,0,1,0.0,1,1,4,1
15,0,18905,3,1,0.0,1,1,0,1
18,2,17224,3,1,0.0,1,1,1,1
17,1,20287,3,1,0.0,1,1,3,1
12,0,6262,0,1,0.0,1,0,2,1
13,0,26506,0,1,0.0,1,1,0,1
7,3,20782,0,1,0.0,1,1,3,1
16,2,27899,2,1,0.0,1,1,1,1
14,5,27173,3,1,0.0,1,1,0,1
13,2,7016,0,1,0.0,1,0,4,1
14,2,18938,0,1,0.0,1,1,4,1
13,1,27080,1,1,0.0,1,0,1,1
16,4,0,0,1,5.0,1,0,3,0
6,3,20605,0,1,0.0,1,1,0,1
8,4,20807,0,1,0.0,1,1,3,1
11,5,21634,0,1,0.0,1,1,0,1
15,3,7547,0,1,0.0,1,1,1,1
18,1,20583,1,1,0.0,1,1,0,1
13,5,16691,0,1,0.0,1,1,3,0
17,6,28361,0,1,0.0,1,1,3,0
18,2,15260,0,1,0.0,1,1,1,1
10,5,6599,2,1,0.0,1,1,3,1
18,0,20058,3,1,0.0,1,1,1,1
12,4,14719,1,1,0.0,1,1,3,1
8,6,18092,0,1,1.0,1,0,4,1
13,1,9989,1,1,0.0,1,1,2,1
16,2,15171,0,1,0.0,1,1,3,1
18,1,10056,0,1,0.0,1,1,1,1
6,6,4612,2,1,0.0,1,1,2,1
14,3,0,0,1,4.0,1,0,3,1
14,5,10351,0,1,0.0,1,1,3,1
13,6,4691,0,1,0.0,1,1,3,1
16,4,16719,0,1,0.0,1,1,2,1
11,6,4453,0,1,0.0,1,1,4,1
8,4,1058,0,1,0.0,1,1,1,1
10,3,28703,1,1,0.0,1,1,2,1
12,3,24020,0,1,0.0,1,1,3,1
12,4,11225,0,1,0.0,1,1,1,1
14,3,9698,0,1,0.0,1,1,4,1
18,5,3776,0,1,0.0,1,1,3,1
17,3,16312,0,1,0.0,1,1,1,1
12,5,892,0,1,0.0,1,0,3,1
18,4,12109,0,1,0.0,1,0,0,1
14,1,20343,1,1,0.0,1,1,1,1
12,6,25401,0,1,0.0,1,1,4,0
8,1,15182,0,1,0.0,1,1,3,1
11,1,18102,0,1,0.0,1,1,0,1
16,6,22876,0,1,0.0,1,1,1,1
12,1,18339,3,1,0.0,1,1,0,1
9,4,16798,2,1,0.0,1,1,3,1
11,6,1084,3,1,0.0,1,1,1,1
14,6,24179,0,1,0.0,1,1,3,0
14,0,16987,0,1,1.0,1,1,3,1
10,0,22642,1,1,0.0,1,1,4,1
18,1,16259,0,1,0.0,1,1,4,1
12,6,11175,0,1,0.0,1,1,1,1
12,3,6140,0,1,0.0,1,1,2,1
17,0,528,0,1,0.0,1,1,1,1
14,2,10464,0,1,0.0,1,1,1,1
16,5,15281,1,1,0.0,1,1,0,1
14,4,26902,0,1,0.0,1,1,3,1
7,5,19887,0,1,0.0,1,1,3,1
11,3,14318,0,1,0.0,0,0,3,1
12,5,26984,0,1,0.0,1,1,3,1
13,6,25289,0,1,0.0,1,1,1,0
11,2,17909,2,1,0.0,1,1,1,1
13,4,2702,2,1,0.0,1,1,1,1
11,1,12374,0,1,0.0,1,1,3,1
14,6,5345,0,1,0.0,1,1,1,1
11,3,22193,0,1,0.0,1,1,0,1
16,3,2041,0,1,0.0,1,0,0,1
17,6,26266,3,1,0.0,1,1,0,1
11,2,20001,0,1,0.0,1,1,4,1
13,0,1803,0,1,0.0,1,1,0,0
10,0,12132,0,1,0.0,1,1,3,1
12,6,8808,0,1,0.0,1,0,0,1
11,1,28633,0,1,0.0,1,1,3,1
11,3,17328,0,1,0.0,1,1,4,0
16,4,16982,1,1,0.0,1,1,2,1
14,1,25350,2,1,0.0,1,1,3,1
11,0,928,1,1,0.0,1,1,3,1
18,4,27972,0,1,0.0,1,1,4,0
14,0,9011,0,1,0.0,1,1,0,1
8,6,24235,3,1,0.0,1,0,2,1
12,5,6184,0,1,0.0,1,1,1,0
13,3,17629,0,1,1.0,1,1,4,1
13,4,23693,1,1,0.0,1,1,0,1
18,3,4167,0,1,1.0,1,1,4,1
17,1,7263,0,1,0.0,1,1,3,1
8,1,2953,0,1,0.0,1,1,0,0
11,6,12329,0,1,0.0,1,1,4,1
14,5,7638,1,1,0.0,1,1,3,1
10,0,8356,0,1,0.0,1,1,3,1
12,3,21405,0,1,0.0,0,0,1,1
12,4,9627,0,1,0.0,1,1,1,1
14,6,8022,0,1,0.0,1,1,1,0
12,4,11615,0,1,0.0,1,1,1,1
14,6,616,0,1,1.0,1,1,1,1
11,0,20081,0,1,0.0,1,1,4,1
11,2,1436,0,1,0.0,1,1,0,0
11,0,5504,0,1,0.0,1,1,1,0
17,3,11821,0,1,0.0,0,0,2,1
14,2,18321,0,1,0.0,1,1,2,1
13,1,1231,0,1,0.0,1,1,3,0
18,2,23099,0,1,0.0,1,1,3,1
12,3,23812,2,1,0.0,1,1,0,1
5,3,0,0,1,5.0,1,0,3,1
11,4,7218,0,1,0.0,1,1,3,1
10,1,9615,0,1,0.0,1,1,3,1
10,2,22800,3,1,0.0,1,1,3,1
13,3,27879,0,1,0.0,1,1,1,0
15,0,12206,0,1,0.0,1,1,4,1
11,0,25438,0,1,1.0,1,1,2,1
9,0,3296,0,1,0.0,1,1,0,1
10,3,0,0,1,5.0,1,0,3,1
13,2,19915,3,1,0.0,1,1,3,1
11,3,16084,0,1,0.0,1,1,3,1
12,4,4725,1,1,0.0,1,1,3,1
7,6,1539,0,1,0.0,1,1,1,1
10,4,7445,3,1,0.0,1,1,1,1
14,0,27477,0,1,0.0,1,1,1,1
17,2,26198,0,1,0.0,1,1,1,1
15,1,25405,0,1,0.0,1,1,1,1
15,3,985,0,1,0.0,1,1,2,0
13,3,8085,0,1,0.0,1,1,3,1
11,1,8542,0,1,0.0,1,0,2,1
19,6,3087,0,1,0.0,1,1,3,0
15,1,17067,0,1,0.0,1,1,3,1
10,3,0,0,1,5.0,1,0,3,1
12,5,8114,2,1,0.0,1,1,4,1
14,6,14267,0,1,0.0,1,1,0,1
11,0,4926,0,1,0.0,1,0,3,1
12,3,13295,0,1,0.0,1,1,1,1
13,1,6921,0,1,0.0,1,1,1,0
14,2,14905,0,1,0.0,1,0,4,0
15,4,7963,0,1,0.0,1,1,2,1
16,4,5522,0,1,0.0,1,0,2,1
14,2,25522,0,1,0.0,1,1,3,1
7,5,0,0,1,4.0,1,0,3,1
10,0,20926,1,1,0.0,1,1,4,1
9,1,5598,1,1,0.0,1,1,3,1
17,2,26408,0,1,0.0,1,1,1,1
18,4,13934,0,1,0.0,1,1,3,0
14,2,21268,0,1,1.0,1,1,1,1
10,3,24825,0,1,1.0,1,1,3,1
15,4,2194,0,1,0.0,1,1,3,0
16,5,16367,1,1,0.0,1,1,3,1
17,2,20636,0,1,0.0,1,0,4,0
11,0,8660,0,1,0.0,1,1,3,1
16,5,1201,0,1,0.0,1,1,4,1
9,0,11098,0,1,0.0,1,1,0,0
13,4,28363,1,1,0.0,1,1,1,1
10,3,0,0,1,5.0,1,0,3,1
16,3,19440,0,1,0.0,1,0,4,1
13,4,9753,0,1,0.0,1,1,2,0
15,3,21591,1,1,0.0,1,1,0,1
10,6,1328,0,1,1.0,1,1,2,1
15,4,0,0,1,5.0,1,0,3,1
15,3,25766,1,1,0.0,1,1,3,1
12,4,22881,0,1,0.0,1,1,3,1
9,6,18060,0,1,0.0,1,1,2,0
12,3,27321,0,1,0.0,1,1,2,1
8,6,13847,3,1,0.0,0,1,3,1
17,2,627,0,1,1.0,1,1,1,0
13,1,21095,0,1,0.0,1,1,1,1
15,5,12904,0,1,1.0,1,0,3,1
6,2,14105,0,1,0.0,1,0,0,1
11,1,11273,0,1,0.0,1,1,3,1
11,6,10451,0,1,0.0,1,1,1,0
14,4,20715,3,1,0.0,1,1,3,1
9,6,24784,0,1,0.0,1,1,0,1
12,0,15394,1,1,0.0,1,1,3,1
11,2,17467,2,1,0.0,1,1,4,1
13,6,8111,0,1,0.0,1,0,0,1
8,6,2549,0,1,0.0,1,1,3,1
18,4,4285,0,1,0.0,1,1,0,0
14,5,6522,0,1,0.0,1,1,0,1
15,1,11358,0,1,0.0,1,0,0,1
9,1,173,0,1,0.0,1,1,4,0
17,1,11282,0,1,0.0,1,1,2,1
12,2,11448,2,1,0.0,1,1,1,1
16,5,13124,0,1,0.0,1,1,1,1
9,0,14097,1,1,0.0,1,0,2,1
18,5,12653,0,1,0.0,1,0,2,1
12,0,10901,0,1,0.0,1,1,3,0
7,2,8347,0,1,0.0,1,1,4,1
15,5,6653,0,1,0.0,1,1,1,1
12,1,4806,1,1,0.0,1,1,0,1
11,2,18287,0,1,1.0,1,1,4,0
19,3,15649,0,1,0.0,1,1,3,1
10,5,16326,0,1,0.0,1,1,2,1
11,3,8473,2,1,0.0,1,1,3,1
8,3,4400,0,1,0.0,1,1,3,1
14,2,16822,2,1,0.0,1,1,3,1
8,4,5877,0,1,1.0,1,1,4,1
14,4,12146,0,1,0.0,1,1,2,0
11,4,18997,0,1,0.0,1,1,2,1
16,3,16280,0,1,0.0,1,1,0,1
12,5,21361,0,1,0.0,1,1,2,1
17,4,17534,0,1,0.0,1,1,3,1
14,3,10767,1,1,0.0,1,1,1,1
14,0,6258,0,1,0.0,1,1,2,1
8,3,28303,0,1,0.0,1,1,3,1
12,5,22739,0,1,0.0,0,1,4,1
12,2,2363,2,1,1.0,1,1,3,1
16,5,6644,0,1,0.0,1,1,3,0
19,5,23109,0,1,0.0,1,1,3,1
7,4,18517,0,1,0.0,1,1,3,1
12,0,3992,1,1,0.0,1,1,2,1
14,3,12133,0,1,0.0,1,1,3,1
9,2,21808,0,1,0.0,1,1,0,1
13,3,11817,1,1,0.0,1,0,2,1
13,6,851,0,1,1.0,1,1,3,1
8,6,27973,1,1,0.0,1,0,3,1
15,6,20039,3,1,0.0,1,1,0,1
18,0,7459,2,1,1.0,1,1,3,1
15,6,13080,0,1,0.0,1,1,3,0
11,4,23740,1,1,0.0,0,1,3,1
7,5,24948,0,1,0.0,1,1,0,1
8,5,28440,0,1,0.0,1,1,0,1
14,5,477,0,1,0.0,1,1,4,1
9,4,16982,0,1,0.0,1,1,3,1
17,5,9621,0,1,0.0,1,1,1,1
14,6,19669,0,1,0.0,1,1,2,1
13,2,23138,0,1,0.0,1,1,4,1
14,1,5521,0,1,0.0,1,1,1,1
16,5,26863,2,1,0.0,1,1,1,1
13,3,2484,0,1,0.0,1,1,0,1
16,5,24293,0,1,0.0,1,1,3,1
11,3,5641,0,1,0.0,1,1,3,1
12,3,8996,0,1,0.0,1,1,3,1
17,4,5324,0,1,0.0,1,1,1,1
14,4,8749,0,1,0.0,1,1,0,1
17,0,5887,2,1,0.0,1,1,0,1
10,3,9011,0,1,0.0,1,0,0,1
12,5,19324,0,1,0.0,1,1,4,1
7,2,15159,0,1,1.0,1,1,2,1
13,6,24698,0,1,0.0,1,1,3,1
10,4,1508,1,1,0.0,1,1,2,1
16,2,5887,2,1,0.0,1,1,4,1
8,2,5014,1,1,0.0,1,1,3,1
12,3,2945,0,1,0.0,1,1,3,1
12,5,9488,0,1,0.0,1,1,0,1
7,5,5007,0,1,1.0,1,1,3,1
11,3,10550,0,1,0.0,1,0,3,1
11,4,13639,1,1,0.0,1,1,4,1
11,1,16102,0,1,0.0,1,1,2,0
13,6,8964,0,1,0.0,1,1,3,1
8,4,26473,0,1,0.0,1,1,4,1
17,4,6611,0,1,0.0,1,1,3,0
18,6,27806,2,1,0.0,1,1,1,1
12,5,16299,0,1,2.0,1,1,1,1
17,6,18417,0,1,0.0,1,1,0,0
16,1,1315,0,1,0.0,1,1,2,1
9,0,28238,2,1,0.0,1,1,1,1
15,6,12178,0,1,1.0,1,1,1,1
13,6,10016,0,1,0.0,1,1,4,1
15,4,8577,2,1,0.0,1,1,1,1
12,5,23903,2,1,0.0,1,1,1,1
12,1,10163,2,1,0.0,1,1,4,1
14,4,28755,0,1,0.0,1,1,0,1
12,4,22212,0,1,0.0,1,1,1,1
11,6,26874,0,1,0.0,0,1,3,1
11,4,3038,0,1,0.0,1,0,1,1
15,6,16738,0,1,0.0,1,1,4,1
16,1,530,0,1,0.0,1,1,4,1
18,0,2012,0,1,0.0,1,1,0,0
11,5,25696,1,1,0.0,1,1,4,1
7,5,20920,0,1,0.0,1,1,0,1
17,2,3594,0,1,0.0,1,1,1,1
9,3,12045,0,1,0.0,1,1,0,1
12,6,4707,1,1,0.0,1,1,2,1
6,2,21459,0,1,0.0,1,1,4,1
11,3,1177,1,1,0.0,1,1,4,1
13,1,25485,0,1,0.0,1,1,2,1
19,2,5142,0,1,0.0,1,0,4,0
17,4,28565,0,1,0.0,1,1,0,1
14,0,19184,0,1,0.0,0,1,3,1
10,4,18964,3,1,0.0,1,1,0,1
12,4,22891,0,1,0.0,1,1,2,0
17,4,17110,1,1,0.0,1,1,4,1
13,4,17141,0,1,0.0,1,1,3,0
14,4,28302,0,1,0.0,1,1,3,1
14,6,21274,0,1,0.0,1,1,1,1
18,0,4418,1,1,0.0,1,1,3,1
11,5,8662,0,1,0.0,1,1,4,1
13,4,20012,0,1,0.0,1,1,0,1
13,6,26954,0,1,0.0,1,1,1,1
15,6,26588,0,1,0.0,1,1,2,1
13,1,25974,0,1,0.0,1,1,2,1
7,3,0,0,1,5.0,1,0,3,1
7,2,27120,0,1,0.0,1,1,1,1
10,2,10432,0,1,0.0,1,1,0,1
10,5,14607,2,1,0.0,1,1,1,1
15,4,12495,0,1,0.0,1,1,4,1
17,3,7779,2,1,0.0,0,0,3,1
18,1,11411,0,1,1.0,1,0,4,1
11,4,26694,1,1,0.0,1,1,4,1
16,1,18065,0,1,0.0,1,1,0,1
12,2,13405,0,1,0.0,1,1,3,1
11,5,11849,0,1,0.0,1,1,4,0
17,3,6261,0,1,0.0,1,1,3,1
8,5,7547,0,1,0.0,1,1,3,1
11,0,24897,0,1,0.0,1,1,3,0
12,3,14690,0,1,0.0,1,1,4,1
10,2,10287,3,1,0.0,1,1,3,1
12,1,22727,0,1,0.0,0,1,4,1
19,0,25291,0,1,0.0,1,1,0,1
10,1,5239,0,1,0.0,1,1,3,1
10,5,23441,0,1,0.0,1,1,0,1
15,3,5023,0,1,0.0,1,1,2,1
16,3,27339,0,1,0.0,0,0,3,1
14,4,19238,3,1,0.0,1,1,1,1
12,5,8392,0,1,0.0,1,1,2,0
14,4,8806,0,1,0.0,1,1,1,1
10,4,16269,1,1,0.0,1,1,3,1
18,5,25820,0,1,0.0,1,1,3,0
17,0,27161,0,1,0.0,1,1,0,0
12,3,8436,0,1,0.0,1,1,3,0
14,4,3844,0,1,0.0,1,1,4,1
18,1,2832,2,1,1.0,1,1,1,1
16,2,21655,0,1,0.0,1,1,3,1
15,3,0,0,1,5.0,1,0,3,1
11,4,10971,0,1,0.0,1,1,3,1
11,2,6700,3,1,0.0,1,1,2,1
19,6,28618,2,1,0.0,1,1,3,1
11,5,3066,0,1,1.0,1,1,3,0
11,5,6593,0,1,0.0,1,1,0,1
15,3,19168,0,1,0.0,1,1,4,0
12,5,16830,0,1,1.0,1,1,3,1
7,4,13582,0,1,1.0,1,1,1,1
17,1,10538,0,1,0.0,1,1,3,1
10,2,8208,0,1,0.0,1,1,4,1
16,3,19660,0,1,0.0,0,1,3,1
16,4,5966,0,1,0.0,1,1,2,0
8,6,22683,0,1,1.0,1,0,3,1
13,4,11881,0,1,0.0,1,1,2,0
11,1,16739,0,1,0.0,1,1,4,1
15,6,6607,3,1,1.0,1,1,3,1
9,3,19579,0,1,0.0,0,0,3,1
12,4,3004,0,1,0.0,1,1,2,1
7,2,24840,0,1,0.0,1,0,2,0
13,3,7933,0,1,0.0,1,1,4,0
11,3,26456,2,1,0.0,1,1,2,1
8,4,15218,0,1,0.0,1,1,1,1
13,3,27345,2,1,0.0,1,1,1,1
10,2,10092,0,1,0.0,1,1,3,1
11,1,18404,0,1,0.0,1,1,2,1
11,3,16975,0,1,0.0,1,1,4,1
12,4,697,0,1,0.0,1,1,0,1
9,1,7420,0,1,0.0,1,1,4,1
12,3,12104,0,1,0.0,1,1,0,1
14,6,16906,3,1,0.0,1,1,1,1
17,5,25577,0,1,0.0,1,1,4,0
12,3,9001,0,1,0.0,1,1,0,1
18,5,17783,1,1,0.0,1,1,3,1
17,2,9332,1,1,0.0,1,1,4,1
13,4,9612,0,1,0.0,1,1,0,0
15,3,25336,0,1,0.0,1,1,2,1
10,6,391,0,1,0.0,1,1,2,1
15,2,25948,0,1,0.0,1,1,3,1
9,3,12605,0,1,3.0,1,1,4,1
15,2,11553,0,1,0.0,1,1,0,1
12,5,13297,0,1,0.0,1,1,1,0
9,6,3589,0,1,1.0,1,1,3,1
14,2,25085,0,1,0.0,1,1,4,0
11,1,3972,0,1,0.0,1,1,0,0
15,6,7057,0,1,0.0,1,1,4,1
15,2,3564,0,1,0.0,1,0,2,0
18,1,17306,0,1,0.0,1,1,3,1
9,3,4423,0,1,1.0,1,1,3,1
14,0,12114,3,1,0.0,1,1,1,1
14,4,4882,0,1,0.0,1,1,1,1
9,5,2232,0,1,0.0,1,1,2,0
17,4,6301,3,1,0.0,1,1,1,1
19,5,4408,0,1,0.0,1,1,1,1
12,4,8622,0,1,0.0,1,1,3,1
17,0,14563,0,1,0.0,1,1,3,1
16,6,711,0,1,1.0,1,1,1,1
13,6,2341,1,1,0.0,1,1,1,1
12,5,6823,0,1,0.0,1,1,1,0
13,5,14861,2,1,0.0,1,1,4,1
17,5,17477,0,1,0.0,1,1,3,1
8,6,6293,0,1,0.0,1,1,0,1
16,3,4343,3,1,1.0,1,1,4,1
11,1,357,0,1,0.0,1,1,3,0
14,0,28559,0,1,0.0,1,1,2,1
12,5,17034,2,1,0.0,1,1,0,1
9,1,13458,0,1,0.0,1,1,0,1
15,2,22609,0,1,0.0,1,1,4,1
10,6,245,1,1,0.0,1,1,3,1
14,2,8094,0,1,0.0,1,1,4,1
15,5,27034,3,1,0.0,1,1,3,1
14,4,6349,2,1,0.0,1,1,0,1
9,2,11274,0,1,0.0,1,1,0,1
17,0,22295,0,1,0.0,1,1,1,1
11,0,12048,0,1,0.0,1,1,1,0
10,1,28602,0,1,0.0,1,1,1,1
19,0,20514,0,1,0.0,1,1,4,1
14,5,21470,0,1,0.0,1,1,1,0
14,2,5490,0,1,0.0,1,1,3,1
7,5,11264,0,1,0.0,1,1,4,0
12,0,13033,2,1,0.0,1,0,1,1
16,6,2300,0,1,0.0,1,1,2,0
18,1,14587,0,1,0.0,1,0,0,1
12,0,26863,0,1,0.0,1,1,3,0
7,3,0,0,1,5.0,1,0,3,1
18,1,2977,0,1,0.0,1,0,2,1
13,3,11197,0,1,0.0,1,1,0,1
14,1,11319,2,1,0.0,1,1,3,1
10,0,8859,0,1,0.0,1,1,3,1
11,2,15832,0,1,1.0,1,1,1,0
11,4,7255,0,1,0.0,1,1,2,1
10,3,27142,0,1,0.0,1,1,2,1
14,4,22344,1,1,0.0,1,1,1,1
15,0,24360,2,1,1.0,1,1,4,1
10,0,19466,0,1,0.0,1,0,4,1
10,5,21066,1,1,0.0,1,1,3,1
14,5,26346,0,1,0.0,1,0,0,1
11,3,24481,3,1,0.0,1,1,0,1
11,3,16450,1,1,0.0,1,0,4,1
14,1,524,3,1,0.0,1,0,0,1
14,5,17950,0,1,0.0,1,1,0,1
14,5,4520,3,1,0.0,1,1,3,1
10,4,28275,0,1,0.0,1,1,4,1
12,3,19827,0,1,0.0,1,1,2,1
9,6,11265,0,1,0.0,1,1,1,0
6,6,22311,1,1,0.0,1,1,3,1
9,5,13713,0,1,0.0,1,1,2,0
14,6,26741,2,1,0.0,1,1,4,1
12,1,8809,2,1,0.0,1,0,0,1
7,6,25622,0,1,0.0,1,1,1,1
13,2,10468,0,1,0.0,1,1,4,0
11,4,16165,0,1,0.0,1,1,1,0
16,0,11287,2,1,1.0,1,1,2,1
15,5,9864,1,1,0.0,1,1,2,1
12,3,0,0,1,1.0,0,0,3,1
11,1,25140,0,1,0.0,1,1,2,1
18,3,12776,0,1,0.0,1,0,3,1
12,6,15374,0,1,0.0,1,1,4,1
15,1,25929,2,1,0.0,1,1,4,1
12,4,25313,0,1,0.0,1,1,0,1
12,3,2501,3,1,0.0,1,1,3,1
13,3,28545,0,1,1.0,1,1,3,0
8,4,26694,0,1,0.0,1,1,3,1
15,2,18799,0,1,0.0,1,1,1,1
15,5,28332,0,1,0.0,1,1,2,0
7,3,11075,0,1,0.0,1,1,1,0
13,2,28104,0,1,0.0,1,0,2,1
17,1,8995,0,1,0.0,1,1,2,1
12,2,15904,0,1,0.0,1,1,2,0
7,0,685,0,1,0.0,1,1,3,0
8,4,12647,2,1,0.0,0,1,3,1
8,1,25479,0,1,0.0,1,1,0,0
9,0,2583,0,1,0.0,1,1,2,0
13,0,20552,0,1,0.0,1,1,2,0
13,5,10288,0,1,0.0,1,1,2,1
18,3,20701,0,1,0.0,0,0,0,0
19,2,269,2,1,0.0,1,1,3,1
10,3,6950,2,1,0.0,1,1,0,1
17,2,9067,1,1,0.0,1,1,3,1
13,2,12488,0,1,0.0,1,1,1,1
19,5,6963,0,1,1.0,1,0,1,1
9,4,2659,0,1,0.0,1,1,3,1
11,3,17575,0,1,0.0,1,1,0,1
12,3,10878,1,1,0.0,1,1,3,1
13,4,12055,0,1,0.0,1,1,4,0
8,1,6048,2,1,0.0,1,1,4,1
18,6,24874,0,1,0.0,1,1,3,1
14,6,26036,2,1,0.0,1,1,3,1
20,1,10802,0,1,0.0,1,1,0,1
17,4,26374,0,1,0.0,1,1,1,1
8,3,6972,0,1,0.0,1,1,0,1
17,1,21575,0,1,0.0,1,1,2,1
10,0,25354,0,1,0.0,1,1,4,0
12,6,28607,1,1,0.0,0,0,0,1
10,0,15334,0,1,0.0,1,1,1,1
12,6,27217,0,1,0.0,1,1,0,1
12,4,6426,0,1,0.0,1,1,4,1
7,4,18581,0,1,0.0,1,1,2,1
14,4,25039,0,1,0.0,1,0,4,1
11,4,1291,3,1,0.0,1,1,3,1
10,6,15266,0,1,0.0,1,1,2,1
14,2,19395,0,1,0.0,1,1,4,0
16,6,10356,0,1,0.0,1,1,4,0
12,6,23369,0,1,1.0,1,1,2,0
15,6,8278,0,1,1.0,1,1,4,0
18,6,21806,0,1,0.0,1,1,3,1
14,1,18041,0,1,0.0,1,1,2,1
9,3,20803,0,1,1.0,1,1,4,1
8,0,23200,0,1,0.0,1,1,4,0
6,0,6317,0,1,0.0,1,1,4,1
9,2,12905,0,1,0.0,1,1,0,1
6,0,718,2,1,0.0,1,1,2,1
20,5,21384,0,1,0.0,1,1,0,0
19,3,16805,0,1,0.0,1,1,3,1
8,2,1546,0,1,0.0,1,1,2,1
12,3,2007,0,1,1.0,1,1,3,0
10,4,18376,0,1,0.0,1,1,1,0
7,3,10635,0,1,0.0,0,0,1,1
8,6,8034,0,1,0.0,1,0,3,1
8,0,19814,0,1,0.0,1,1,4,1
12,5,812,0,1,0.0,1,1,2,1
14,2,5897,0,1,0.0,1,0,3,1
9,5,24873,0,1,0.0,1,1,2,1
12,0,1864,1,1,0.0,1,1,1,1
8,5,24746,0,1,0.0,1,1,4,1
9,5,21697,0,1,0.0,1,1,2,0
14,1,23022,3,1,0.0,1,1,4,1
14,3,18590,0,1,0.0,1,1,4,1
13,5,519,3,1,0.0,1,1,2,1
16,1,24939,2,1,1.0,1,0,3,1
7,2,14782,1,1,0.0,1,1,3,1
9,3,1194,2,1,0.0,1,1,4,1
9,0,9336,0,1,0.0,1,1,2,1
9,1,19347,2,1,0.0,1,1,1,1
16,5,875,2,1,0.0,1,0,3,1
11,3,10823,0,1,0.0,1,1,2,0
11,4,19179,0,1,0.0,1,1,1,1
17,0,20196,2,1,0.0,1,1,4,1
18,5,24419,0,1,0.0,1,1,1,0
12,6,9603,0,1,0.0,1,0,0,1
16,6,1876,0,1,0.0,1,1,4,1
10,4,2634,0,1,0.0,1,1,2,1
7,0,25433,0,1,0.0,1,1,4,0
18,3,11666,0,1,0.0,1,1,2,0
12,0,11579,2,1,0.0,1,1,0,1
12,2,12752,1,1,0.0,1,1,0,1
9,5,3016,2,1,0.0,1,1,1,1
12,3,6133,0,1,0.0,1,0,0,1
16,4,23304,2,1,0.0,1,1,3,1
18,2,12091,3,1,0.0,1,1,1,1
11,3,3386,0,1,0.0,0,0,4,1
11,4,6773,1,1,0.0,1,1,2,1
15,5,1085,0,1,0.0,1,1,1,1
10,3,2260,0,1,1.0,1,1,1,0
13,1,2279,0,1,0.0,1,1,3,1
16,6,6226,0,1,0.0,1,1,3,0
16,3,23600,0,1,0.0,1,1,1,1
14,2,16922,2,1,0.0,1,0,4,1
12,5,19881,0,1,0.0,1,1,4,1
9,6,3946,0,1,1.0,1,1,2,0
6,5,19511,0,1,0.0,1,1,3,0
17,6,13622,0,1,0.0,1,1,3,0
8,0,14625,0,1,0.0,1,1,4,1
8,4,27521,0,1,0.0,1,0,1,0
10,3,0,0,1,5.0,1,0,3,1
9,0,6534,2,1,0.0,1,1,4,1
11,6,15056,0,1,0.0,1,1,2,0
15,4,0,0,1,5.0,1,0,3,1
16,4,3523,0,1,0.0,1,1,0,1
13,4,11195,0,1,0.0,1,1,4,1
14,1,7276,3,1,0.0,1,1,2,1
8,5,1953,0,1,0.0,1,1,3,0
12,1,21219,0,1,0.0,1,1,1,1
14,4,13830,0,1,0.0,1,1,2,0
16,3,25758,2,1,0.0,1,1,1,1
8,6,20769,0,1,0.0,0,0,3,1
14,5,25180,0,1,0.0,1,1,3,1
9,2,8800,2,1,0.0,1,1,4,1
10,4,20874,0,1,0.0,1,1,1,0
17,1,11516,0,1,0.0,1,1,3,1
18,3,23628,0,1,0.0,1,0,0,0
13,4,23525,3,1,0.0,0,0,1,1
8,3,26460,0,1,0.0,1,1,3,0
8,4,16028,0,1,0.0,1,1,2,1
7,5,672,0,1,0.0,1,1,3,0
12,3,2071,0,1,0.0,1,0,2,1
16,4,13146,0,1,0.0,1,0,0,1
18,4,8143,0,1,0.0,1,1,3,0
15,6,15412,0,1,0.0,1,1,3,1
10,4,21215,0,1,0.0,1,1,1,1
12,3,5899,0,1,0.0,1,1,4,0
18,6,8848,1,1,1.0,1,1,3,1
11,6,12289,0,1,0.0,1,1,2,1
16,5,13734,0,1,0.0,1,1,2,1
13,3,24963,0,1,0.0,1,1,4,0
13,3,286,0,1,0.0,1,1,3,1
16,2,19149,0,1,0.0,1,1,2,1
12,5,14938,0,1,0.0,1,1,2,1
11,3,24266,0,1,0.0,1,1,4,1
11,3,3115,2,1,0.0,1,1,0,1
16,4,411,0,1,0.0,0,1,1,1
9,2,11703,0,1,0.0,1,1,2,1
17,3,5746,0,1,0.0,1,1,3,1
9,4,22276,0,1,0.0,1,1,4,1
15,5,11000,0,1,0.0,1,1,1,1
10,0,2671,0,1,0.0,1,1,2,0
9,1,4637,0,1,0.0,1,1,2,1
15,4,22135,0,1,0.0,1,1,4,1
14,3,24029,2,1,0.0,1,1,1,1
13,4,6648,0,1,0.0,1,1,4,1
11,4,6710,0,1,0.0,1,1,4,1
15,1,27209,0,1,0.0,1,1,1,1
10,1,25059,0,1,0.0,1,1,0,1
9,2,5319,0,1,0.0,1,1,1,1
12,1,17996,0,1,0.0,1,1,2,1
10,5,2949,0,1,0.0,1,1,1,0
16,6,24542,0,1,0.0,1,1,1,1
11,0,13775,0,1,0.0,1,1,4,1
13,4,24669,0,1,1.0,1,1,0,1
12,0,17567,2,1,0.0,1,1,1,1
17,2,12715,1,1,0.0,1,1,1,1
10,1,15310,0,1,0.0,1,1,4,1
7,1,25813,0,1,0.0,1,1,3,1
17,0,5295,0,1,1.0,1,1,2,1
14,5,1563,0,1,0.0,1,1,2,1
10,4,7102,0,1,0.0,1,1,4,0
10,3,20144,0,1,0.0,1,1,4,1
18,1,13121,2,1,0.0,1,1,3,1
7,0,13144,1,1,1.0,1,1,1,1
14,3,13000,0,1,0.0,1,1,0,1
14,1,22333,1,1,0.0,1,1,0,1
10,4,21569,0,1,0.0,1,0,3,1
9,1,27649,0,1,0.0,1,1,2,1
15,6,22711,0,1,0.0,1,0,0,1
15,5,19479,0,1,0.0,1,1,3,1
9,3,21292,0,1,0.0,1,1,4,0
11,6,18659,1,1,0.0,1,1,1,1
15,2,22237,0,1,0.0,1,1,4,0
15,6,11855,0,1,0.0,1,1,0,1
14,1,21371,0,1,0.0,1,1,1,1
11,0,6537,0,1,0.0,1,1,3,1
11,2,16022,0,1,2.0,1,1,2,1
13,6,24875,1,1,0.0,1,0,1,1
14,6,15419,2,1,0.0,1,1,1,1
12,5,6809,2,1,0.0,1,0,4,1
15,5,16825,0,1,0.0,0,1,0,0
11,3,25903,0,1,1.0,1,1,3,1
13,5,10617,2,1,0.0,1,1,4,1
15,0,7109,1,1,0.0,1,1,0,1
16,5,26734,0,1,0.0,1,1,3,0
16,5,28702,0,1,0.0,1,1,1,0
9,6,358,0,1,0.0,1,1,3,0
12,1,302,0,1,0.0,1,1,3,0
11,0,11788,0,1,0.0,1,1,2,1
14,1,25858,0,1,0.0,1,1,3,1
11,0,7135,3,1,0.0,1,1,3,1
13,2,27245,0,1,1.0,1,1,4,1
16,0,13629,0,1,0.0,1,1,1,1
9,4,11199,0,1,0.0,1,1,0,1
18,2,27656,2,1,0.0,1,1,2,1
14,0,4687,0,1,0.0,1,1,2,0
13,3,0,0,1,5.0,1,0,3,0
13,5,23636,0,1,0.0,1,1,3,1
15,6,17083,0,1,0.0,1,0,0,0
8,0,12662,0,1,0.0,1,1,4,0
13,0,14581,0,1,0.0,1,1,1,1
9,6,11272,0,1,0.0,1,1,3,1
12,4,8054,0,1,0.0,1,1,3,0
10,3,3300,2,1,0.0,0,0,1,1
15,2,3473,0,1,0.0,1,1,3,1
7,6,6378,0,1,0.0,1,1,0,1
14,1,9090,0,1,0.0,1,1,3,1
11,6,26280,0,1,0.0,1,1,1,1
7,4,20767,0,1,0.0,1,1,0,1
6,0,1411,0,1,1.0,1,1,4,1
9,2,21401,0,1,0.0,1,1,4,1
14,3,11752,0,1,0.0,1,1,0,1
7,3,799,0,1,0.0,1,1,0,0
12,4,12155,0,1,0.0,1,1,3,0
10,5,16539,0,1,0.0,1,0,4,1
7,2,26846,0,1,1.0,1,1,4,1
12,0,8185,1,1,0.0,1,0,3,1
14,0,24405,2,1,0.0,1,1,1,1
14,3,22327,0,1,0.0,1,1,3,1
15,2,22535,0,1,0.0,1,1,2,1
13,0,6853,1,1,0.0,1,1,0,1
10,6,3096,1,1,0.0,1,1,0,1
15,2,26269,0,1,0.0,1,1,4,0
15,2,21794,0,1,0.0,1,1,0,1
15,3,20292,2,1,0.0,1,1,4,1
16,4,0,0,1,5.0,1,0,3,0
13,3,0,0,1,5.0,1,0,3,1
14,6,12424,0,1,0.0,1,1,1,1
14,0,5111,0,1,0.0,1,1,4,1
17,3,7450,3,1,0.0,1,1,0,1
19,4,16283,0,1,0.0,1,1,3,1
9,1,10268,0,1,0.0,1,1,3,0
17,3,14404,0,1,0.0,1,0,1,1
13,6,14406,0,1,0.0,1,0,0,1
16,4,9946,0,1,0.0,1,1,2,1
15,3,28042,0,1,0.0,0,0,1,1
13,3,10246,0,1,0.0,1,0,0,1
12,2,12015,0,1,1.0,1,1,2,0
9,1,17297,1,1,0.0,1,1,1,1
16,3,4437,0,1,0.0,1,1,2,1
9,4,6722,0,1,0.0,1,0,4,1
15,4,1927,0,1,0.0,1,1,2,1
11,6,6920,0,1,0.0,1,1,3,1
6,0,246,0,1,0.0,1,0,1,1
16,2,18804,0,1,0.0,1,1,3,1
17,6,18475,0,1,0.0,1,0,1,0
7,4,12873,2,1,0.0,1,0,3,1
14,6,27400,2,1,0.0,1,1,1,1
10,4,665,0,1,0.0,1,1,0,1
12,3,7787,0,1,0.0,1,1,4,1
9,1,15153,0,1,0.0,1,0,1,1
12,5,14160,3,1,0.0,1,1,0,1
15,4,8351,0,1,0.0,1,1,3,0
11,4,24025,0,1,0.0,1,1,3,1
13,0,21538,1,1,0.0,1,1,0,1
16,5,5063,0,1,0.0,1,1,4,1
14,6,12393,0,1,0.0,1,0,4,0
12,1,1768,0,1,0.0,1,1,1,1
13,4,18544,0,1,0.0,1,0,3,1
7,4,27497,0,1,0.0,1,1,1,1
8,5,2508,0,1,0.0,1,1,4,1
14,0,23770,2,1,0.0,1,1,4,1
15,0,11731,0,1,0.0,1,1,2,1
14,1,5070,0,1,1.0,1,1,1,1
14,4,3112,0,1,0.0,1,1,4,1
15,4,19691,0,1,0.0,1,1,4,1
10,5,12303,0,1,0.0,1,1,4,1
9,2,7108,0,1,0.0,1,1,0,0
11,0,17814,0,1,0.0,1,1,0,1
14,3,21131,3,1,0.0,1,0,4,1
17,6,4751,2,1,0.0,1,1,0,1
11,5,13678,0,1,0.0,1,1,1,1
13,6,11427,0,1,0.0,1,1,2,1
14,3,13687,0,1,0.0,1,1,1,1
11,5,9783,0,1,0.0,1,1,0,1
8,0,21158,0,1,0.0,1,1,3,0
7,1,27230,0,1,1.0,1,1,4,0
17,0,12087,1,1,0.0,1,1,4,1
11,2,23760,2,1,0.0,1,1,3,1
12,2,24853,0,1,0.0,1,1,1,1
10,1,224,0,1,0.0,1,0,0,1
9,2,21626,1,1,0.0,1,1,2,1
12,4,2949,0,1,0.0,1,1,3,0
11,3,28071,0,1,0.0,1,0,3,0
15,4,0,0,1,5.0,1,0,3,0
16,5,14572,0,1,0.0,1,1,3,1
17,2,27696,0,1,0.0,1,1,2,0
8,4,8754,0,1,0.0,1,1,2,1
13,0,679,0,1,0.0,1,1,4,1
16,4,11623,0,1,0.0,1,1,1,1
17,5,19440,0,1,0.0,1,1,4,1
11,1,3527,2,1,0.0,1,1,3,1
11,4,13287,2,1,0.0,1,1,0,1
14,6,22702,0,1,0.0,1,1,4,1
15,2,10521,0,1,0.0,1,1,0,0
11,2,6535,0,1,0.0,1,0,1,1
9,4,9488,0,1,0.0,1,1,4,1
11,2,1559,0,1,0.0,1,0,4,0
12,4,19797,0,1,0.0,1,1,2,0
13,1,21458,0,1,0.0,1,1,0,1
16,4,5495,0,1,0.0,1,1,1,1
11,5,5164,1,1,0.0,1,1,1,1
14,6,13972,0,1,0.0,1,1,2,1
10,4,26257,0,1,0.0,1,1,3,0
15,3,13126,2,1,0.0,1,1,3,1
15,6,4254,0,1,0.0,1,0,4,1
12,3,15799,0,1,0.0,1,1,2,1
13,4,20585,1,1,0.0,1,1,4,1
16,2,3659,0,1,0.0,1,1,4,1
13,5,17087,0,1,0.0,1,1,1,1
9,3,19767,0,1,1.0,1,1,0,0
14,5,17516,2,1,1.0,1,1,3,1
10,4,4732,0,1,0.0,1,1,1,1
14,3,2359,2,1,0.0,1,1,1,1
12,3,22662,0,1,1.0,1,1,2,1
12,2,6848,1,1,0.0,1,0,3,1
9,4,12785,0,1,0.0,0,0,4,1
9,4,23945,0,1,0.0,1,1,1,1
9,6,13367,0,1,0.0,1,1,2,1
14,2,18775,3,1,1.0,1,1,1,1
10,5,27751,0,1,0.0,1,1,2,1
12,4,19654,0,1,0.0,1,1,4,1
9,2,18828,1,1,0.0,1,1,4,1
13,3,21269,0,1,0.0,1,1,1,0
9,1,16619,0,1,0.0,1,1,1,0
11,5,16131,0,1,0.0,1,1,2,0
19,3,27522,2,1,0.0,1,1,4,1
9,0,13179,0,1,0.0,1,1,0,0
13,3,25528,0,1,0.0,1,1,0,0
12,6,2310,1,1,0.0,1,1,3,1
13,2,12412,0,1,0.0,1,1,2,1
11,0,14045,3,1,0.0,1,0,3,1
13,4,22973,1,1,0.0,1,1,1,1
17,6,10457,3,1,0.0,1,1,0,1
7,0,26171,0,1,0.0,1,1,0,1
9,6,20571,0,1,0.0,1,1,2,1
12,5,26916,0,1,0.0,1,1,2,1
16,2,28398,0,1,0.0,1,1,0,1
16,3,11768,0,1,0.0,1,1,3,1
9,5,0,0,1,5.0,1,0,3,1
13,4,8970,0,1,0.0,1,1,3,1
14,6,26473,0,1,0.0,1,1,2,1
16,6,22241,0,1,0.0,1,1,2,1
14,6,7875,0,1,0.0,1,1,0,1
13,4,4487,0,1,0.0,1,1,0,1
11,5,17369,0,1,0.0,1,1,0,1
11,4,25321,0,1,0.0,1,1,3,0
10,5,19815,0,1,0.0,1,1,2,1
18,1,27432,0,1,0.0,1,1,3,0
14,4,27481,3,1,0.0,1,1,2,1
14,3,0,0,1,5.0,1,0,3,1
13,6,20402,0,1,0.0,1,1,0,1
19,4,6809,0,1,0.0,1,1,3,1
18,2,25057,0,1,0.0,1,1,0,1
14,1,27018,1,1,1.0,1,1,1,1
13,0,2758,0,1,0.0,1,0,3,1
8,0,2452,0,1,0.0,1,1,4,1
11,0,4874,0,1,0.0,1,1,4,0
12,6,1476,0,1,0.0,1,1,1,1
17,2,4120,0,1,0.0,1,1,2,1
9,4,3131,0,1,0.0,1,1,0,0
10,3,13077,0,1,0.0,1,0,0,1
10,4,12660,0,1,1.0,1,0,3,1
16,3,8384,1,1,0.0,1,1,4,1
12,3,3559,0,1,0.0,1,1,3,0
9,6,3583,0,1,0.0,1,1,2,1
13,0,17688,0,1,0.0,1,1,2,1
13,2,18770,0,1,0.0,1,1,2,1
15,0,3677,0,1,0.0,1,1,4,1
8,3,10244,0,1,0.0,1,1,3,1
8,6,15456,0,1,0.0,1,0,4,1
9,0,10447,1,1,0.0,1,1,3,1
13,3,25697,0,1,0.0,1,1,2,0
15,6,20542,0,1,0.0,1,1,1,1
11,0,24079,0,1,0.0,0,1,0,1
11,3,10205,0,1,0.0,1,1,2,1
12,5,17392,0,1,0.0,1,1,2,0
10,4,25360,0,1,0.0,1,1,4,0
10,3,27411,0,1,0.0,1,1,4,1
16,2,11983,0,1,0.0,1,1,2,1
13,1,26318,0,1,0.0,1,1,2,1
8,0,9036,1,1,0.0,1,1,3,1
13,3,8594,0,1,0.0,1,1,1,1
19,5,20426,0,1,0.0,1,1,3,1
14,5,2394,0,1,1.0,1,1,2,1
12,2,19895,0,1,0.0,1,1,1,1
18,3,12417,0,1,0.0,1,1,3,1
12,6,2328,0,1,0.0,1,1,0,0
14,5,13566,0,1,0.0,1,1,3,1
13,3,5580,2,1,0.0,1,0,0,1
12,4,9594,0,1,1.0,1,1,2,0
8,1,15640,0,1,0.0,1,1,1,1
18,5,25841,0,1,0.0,1,1,3,1
12,3,16662,0,1,0.0,1,1,3,1
14,1,25762,0,1,0.0,1,1,3,1
9,6,5894,0,1,0.0,1,1,3,1
15,5,12185,0,1,0.0,1,1,2,0
13,5,20957,0,1,0.0,1,1,3,1
15,3,9159,0,1,0.0,1,1,0,0
19,3,14287,0,1,0.0,1,1,1,1
16,2,8855,0,1,0.0,1,1,4,0
12,6,21678,0,1,0.0,1,1,3,1
8,4,22843,0,1,0.0,1,1,2,0
14,1,9833,2,1,0.0,1,1,4,1
15,6,25444,0,1,0.0,1,1,0,1
14,4,3424,0,1,0.0,1,1,0,1
7,3,10626,0,1,0.0,0,0,3,1
16,5,7233,1,1,0.0,1,1,3,1
14,0,4035,0,1,0.0,1,1,2,1
13,1,2941,0,1,0.0,1,0,1,1
14,2,11520,0,1,0.0,1,1,4,0
12,4,1835,2,1,1.0,1,1,0,1
9,6,12601,1,1,0.0,1,1,3,1
14,5,7543,0,1,0.0,1,1,4,0
9,2,4283,0,1,0.0,1,1,4,1
14,3,3176,0,1,0.0,1,1,1,1
7,4,9791,0,1,0.0,1,0,2,1
13,6,20703,0,1,0.0,1,1,1,0
8,5,769,1,1,0.0,1,0,1,1
15,4,20832,1,1,0.0,1,1,1,1
9,4,24314,0,1,0.0,1,1,3,1
11,3,25048,0,1,0.0,1,0,0,1
14,3,0,0,1,5.0,1,0,3,1
9,1,22072,0,1,0.0,1,1,3,1
9,0,8871,0,1,0.0,1,1,1,1
17,6,10544,2,1,0.0,1,1,2,1
11,4,9322,0,1,0.0,1,1,0,0
16,0,7490,3,1,0.0,1,1,2,1
14,5,7194,2,1,0.0,1,1,1,1
17,5,16995,0,1,0.0,1,1,2,0
11,2,27693,0,1,0.0,1,1,1,1
12,4,18095,1,1,0.0,1,1,3,1
10,0,19289,0,1,0.0,1,1,2,0
8,5,17920,2,1,0.0,1,1,0,1
8,5,28729,0,1,0.0,1,1,1,1
10,4,23856,0,1,1.0,1,1,2,1
12,2,5566,0,1,0.0,1,1,0,1
16,0,24049,1,1,0.0,1,1,3,1
6,2,9955,0,1,0.0,1,1,2,1
16,0,5978,0,1,0.0,1,1,3,0
11,6,9756,1,1,0.0,1,1,0,1
6,1,10784,0,1,0.0,1,1,4,1
15,4,12406,0,1,1.0,1,1,2,1
14,2,21463,0,1,0.0,1,1,4,1
7,4,9476,3,1,0.0,1,0,0,1
8,5,25622,3,1,0.0,1,1,4,1
14,0,15151,0,1,0.0,1,1,4,0
18,5,28055,0,1,0.0,1,1,3,1
16,4,0,0,1,5.0,1,0,3,0
9,2,11645,1,1,0.0,1,1,1,1
15,4,9897,0,1,0.0,1,1,3,0
20,5,7005,0,1,0.0,1,1,3,1
10,1,23886,0,1,0.0,1,1,0,1
15,0,11581,1,1,0.0,1,1,3,1
15,4,14123,0,1,0.0,1,1,3,0
7,0,12897,0,1,0.0,1,1,4,1
6,3,27573,0,1,0.0,1,1,2,0
17,5,13799,0,1,0.0,1,1,3,0
16,4,20703,0,1,0.0,1,1,3,1
12,3,24928,0,1,0.0,1,0,1,0
13,3,12373,3,1,0.0,1,1,3,1
13,2,584,0,1,0.0,1,1,4,1
9,0,20599,0,1,0.0,1,1,0,1
14,6,18410,0,1,0.0,1,1,0,1
11,2,23588,3,1,0.0,1,1,1,1
17,6,27750,3,1,0.0,1,1,2,1
17,1,1682,0,1,0.0,1,1,3,1
13,2,11977,0,1,0.0,1,1,4,0
8,2,9221,2,1,0.0,1,1,4,1
11,0,14325,0,1,0.0,1,1,1,0
10,3,27866,0,1,0.0,1,1,0,1
12,1,18692,0,1,0.0,1,1,2,1
9,6,9364,1,1,0.0,1,1,0,1
14,5,25923,0,1,1.0,1,1,3,0
15,3,12970,0,1,0.0,1,1,3,1
10,6,17597,0,1,1.0,1,1,1,1
18,2,13380,0,1,1.0,1,1,3,1
16,4,10116,0,1,0.0,1,1,3,0
19,4,19184,3,1,0.0,1,1,0,1
12,4,6127,0,1,1.0,1,1,1,1
11,5,2617,0,1,0.0,1,1,0,1
7,4,25686,0,1,0.0,1,1,2,0
17,4,18638,0,1,0.0,1,1,1,1
18,6,21144,0,1,0.0,0,1,2,1
9,2,5282,0,1,0.0,1,1,1,1
20,6,12884,1,1,0.0,1,1,0,1
11,6,17159,0,1,0.0,1,0,2,1
17,0,9156,1,1,0.0,1,1,3,1
10,4,13908,0,1,0.0,1,1,3,1
11,6,24508,0,1,0.0,1,1,1,1
14,1,9007,0,1,0.0,1,1,0,1
20,6,15583,0,1,0.0,1,1,1,1
14,6,11893,1,1,0.0,1,1,3,1
12,4,26395,1,1,0.0,1,1,4,1
16,0,625,0,1,0.0,1,1,2,0
16,5,6850,1,1,0.0,1,1,3,1
8,1,10717,1,1,0.0,1,1,0,1
11,6,28450,2,1,0.0,1,1,4,1
9,3,10498,1,1,0.0,1,1,4,1
12,1,18835,0,1,0.0,1,1,4,0
18,3,19434,0,1,0.0,1,1,3,1
11,4,27257,0,1,0.0,1,1,0,1
14,1,4561,3,1,0.0,1,1,4,1
12,4,19677,0,1,0.0,1,1,0,1
9,1,14455,3,1,0.0,1,1,0,1
16,5,1387,0,1,0.0,1,1,2,1
6,6,11597,0,1,0.0,1,1,0,0
11,5,17199,0,1,0.0,1,0,4,1
13,4,19119,0,1,1.0,1,1,2,1
13,2,1166,0,1,0.0,1,1,4,1
13,4,24521,0,1,0.0,1,1,0,1
6,0,7432,0,1,0.0,1,1,3,1
11,2,13851,0,1,0.0,1,1,3,1
16,3,15413,0,1,0.0,1,1,0,1
13,0,3237,0,1,0.0,1,1,1,1
14,6,1846,0,1,0.0,1,1,3,1
7,6,10993,0,1,0.0,1,1,1,0
14,5,11775,1,1,0.0,1,1,3,1
12,6,8291,1,1,0.0,1,1,3,1
11,4,16501,0,1,0.0,1,1,0,1
16,2,22426,0,1,0.0,1,1,1,1
16,1,1102,0,1,0.0,1,1,0,0
12,0,20610,0,1,0.0,1,1,3,1
15,3,23271,2,1,0.0,1,0,2,1
19,0,28666,0,1,0.0,1,1,0,1
16,0,9438,0,1,0.0,1,1,3,0
11,6,13747,0,1,0.0,1,0,2,1
10,3,2829,0,1,0.0,1,0,0,1
12,2,15886,3,1,0.0,1,1,4,1
13,3,21815,0,1,4.0,1,1,0,1
8,3,0,0,1,5.0,1,0,3,1
11,3,27898,0,1,0.0,1,1,1,1
9,2,9597,2,1,0.0,1,0,1,1
14,3,17548,0,1,0.0,1,1,1,0
8,5,23367,0,1,0.0,1,1,4,1
8,4,10651,2,1,0.0,1,1,3,1
16,0,1339,0,1,0.0,1,0,1,0
10,3,20966,0,1,0.0,1,1,2,0
14,4,6101,0,1,1.0,1,1,4,0
13,3,6444,0,1,0.0,1,1,3,1
13,4,22051,1,1,0.0,1,1,1,1
17,0,25495,0,1,0.0,1,1,2,0
13,5,10010,0,1,0.0,1,1,1,0
13,2,1294,2,1,0.0,1,1,2,1
14,4,0,0,1,5.0,1,0,3,1
20,3,1041,2,1,0.0,1,1,2,1
9,1,15230,0,1,0.0,0,1,3,0
12,2,17252,2,1,1.0,1,1,1,1
8,5,28747,0,1,0.0,1,1,3,1
12,1,3219,1,1,0.0,1,1,4,1
13,0,132,0,1,0.0,1,1,2,1
9,2,1753,0,1,0.0,1,1,4,1
12,2,13526,0,1,0.0,1,1,0,0
14,0,10815,0,1,0.0,1,1,3,1
9,5,19583,3,1,0.0,1,1,3,1
15,6,2651,0,1,1.0,1,1,4,1
13,4,9038,0,1,0.0,1,1,4,1
16,4,19579,0,1,0.0,1,1,3,0
7,5,28130,0,1,1.0,1,1,3,1
10,4,3460,0,1,0.0,1,1,1,1
17,1,7153,0,1,0.0,1,0,3,1
16,2,21780,0,1,0.0,1,1,2,0
11,2,20364,0,1,0.0,1,0,3,0
13,3,3431,0,1,1.0,1,1,3,1
12,2,2695,0,1,0.0,1,1,4,1
16,2,533,0,1,0.0,1,1,0,0
12,1,16141,0,1,0.0,1,1,4,1
16,5,4750,0,1,0.0,1,1,4,1
12,0,26195,1,1,0.0,1,1,1,1
13,6,383,0,1,0.0,1,0,3,1
14,3,22822,0,1,0.0,1,1,4,0
10,5,14364,0,1,0.0,1,1,1,1
18,2,20528,0,1,0.0,1,1,1,1
13,1,6246,0,1,0.0,1,1,4,1
12,1,9751,0,1,0.0,1,1,4,1
9,0,7720,0,1,0.0,1,1,4,1
6,0,21641,0,1,0.0,1,1,0,1
10,6,9713,0,1,0.0,1,1,3,0
12,0,23891,0,1,0.0,1,1,1,1
19,6,3928,0,1,0.0,1,1,1,0
16,1,13291,0,1,0.0,1,1,4,0
12,5,18763,0,1,0.0,1,1,0,1
16,1,20922,2,1,1.0,1,1,1,1
11,6,8002,1,1,0.0,1,1,4,1
9,2,21152,0,1,0.0,1,1,2,0
16,2,1870,0,1,0.0,1,1,0,0
12,3,18193,1,1,0.0,1,1,2,1
11,4,13364,0,1,0.0,1,1,2,0
12,3,18832,0,1,0.0,1,0,4,1
14,1,16066,0,1,0.0,1,1,0,1
10,1,23249,0,1,0.0,1,1,2,1
8,2,26844,1,1,0.0,1,1,4,1
8,5,26212,0,1,0.0,1,1,0,1
10,1,2935,0,1,0.0,1,1,4,1
11,5,8056,0,1,0.0,1,1,0,1
9,0,1320,3,1,0.0,1,1,3,1
9,3,17733,1,1,0.0,1,0,4,1
14,5,26933,0,1,0.0,1,1,0,1
9,5,26047,0,1,0.0,1,1,2,1
16,6,21009,0,1,0.0,1,1,3,1
14,3,738,0,1,0.0,1,1,4,1
11,2,27251,2,1,0.0,1,1,3,1
6,1,6577,0,1,0.0,1,1,0,0
13,3,7247,2,1,0.0,1,1,2,1
15,6,13590,0,1,0.0,1,0,0,1
18,2,3607,3,1,0.0,1,1,3,1
14,2,1056,0,1,0.0,1,1,3,1
11,0,25951,0,1,1.0,1,1,4,1
12,1,17701,0,1,0.0,1,1,1,0
11,3,20198,1,1,0.0,1,1,2,1
15,1,26053,0,1,0.0,1,1,1,1
12,0,6532,1,1,0.0,1,1,0,1
16,0,9515,1,1,0.0,1,1,3,1
17,2,14677,2,1,0.0,1,1,3,1
10,3,14487,2,1,0.0,0,0,0,1
8,3,0,0,1,5.0,1,0,3,1
16,4,11202,0,1,0.0,1,1,1,1
9,1,22685,0,1,0.0,1,1,4,1
16,1,26833,1,1,0.0,1,1,0,1
9,4,7124,0,1,0.0,1,1,0,0
12,5,19665,0,1,0.0,1,1,4,1
17,5,13775,0,1,0.0,1,1,2,1
10,4,21730,0,1,1.0,1,1,2,1
17,4,28791,0,1,0.0,1,1,1,1
7,5,7179,0,1,1.0,1,1,2,1
12,2,16173,0,1,0.0,1,1,1,1
14,4,19058,0,1,0.0,1,1,3,1
18,6,14012,2,1,0.0,1,1,0,1
11,1,7497,1,1,1.0,1,0,1,1
17,6,3204,1,1,0.0,1,0,3,1
16,3,7266,1,1,0.0,1,1,0,1
12,2,12967,0,1,0.0,1,1,4,1
13,2,15914,0,1,0.0,1,1,0,1
14,1,3492,0,1,0.0,1,1,2,1
10,1,26828,0,1,0.0,1,1,0,1
17,3,27662,0,1,0.0,1,1,1,1
14,4,4538,1,1,0.0,1,1,4,1
13,5,6843,0,1,0.0,1,1,2,0
15,3,8921,0,1,0.0,0,0,2,1
8,2,16746,0,1,0.0,1,1,2,1
7,6,7052,0,1,0.0,1,1,1,0
13,2,26674,0,1,0.0,1,1,4,0
18,6,4719,0,1,0.0,1,1,1,1
15,3,1196,0,1,0.0,0,0,3,1
9,2,348,0,1,0.0,1,1,3,0
8,5,14228,0,1,1.0,0,1,4,0
11,3,17968,2,1,0.0,1,1,2,1
12,2,3563,0,1,1.0,1,1,4,1
10,4,21645,0,1,0.0,1,1,0,1
12,3,10252,0,1,0.0,1,0,2,1
14,3,10038,0,1,0.0,1,1,2,1
9,5,19502,0,1,0.0,1,1,4,1
10,4,12330,0,1,1.0,1,1,1,1
16,5,21926,0,1,0.0,1,1,4,1
14,3,11322,2,1,0.0,1,1,1,1
11,4,23115,0,1,0.0,1,1,2,1
9,3,18855,0,1,0.0,1,1,0,1
13,4,4384,0,1,0.0,1,1,0,1
13,6,9873,0,1,0.0,1,1,0,1
17,4,2994,0,1,1.0,1,1,2,1
11,3,24180,0,1,0.0,1,1,0,1
16,3,20206,0,1,0.0,1,1,4,1
11,5,11415,0,1,0.0,1,1,0,1
14,3,113,1,1,0.0,1,1,1,1
15,5,20671,0,1,0.0,1,0,1,1
12,6,17731,1,1,0.0,0,1,4,1
10,2,17145,0,1,0.0,1,1,2,1
14,1,5824,0,1,0.0,1,1,2,1
9,2,9813,1,1,0.0,1,1,0,1
11,3,27549,0,1,0.0,1,1,2,1
11,6,12566,0,1,0.0,1,1,3,1
16,3,27956,0,1,1.0,1,1,4,0
12,3,6403,0,1,1.0,1,1,4,1
8,2,22859,0,1,0.0,1,1,3,1
15,2,25675,0,1,0.0,1,1,0,0
14,2,8058,2,1,0.0,1,1,0,1
9,1,28316,0,1,0.0,1,1,2,0
17,0,3206,0,1,0.0,1,0,3,0
14,0,8898,0,1,0.0,1,1,4,1
7,6,13874,0,1,0.0,1,1,0,1
9,1,3284,0,1,0.0,1,0,2,0
11,3,26712,0,1,0.0,1,1,4,1
10,6,19839,0,1,0.0,0,1,0,1
16,4,10808,0,1,0.0,1,1,1,1
12,5,8709,1,1,0.0,1,1,1,1
9,3,15658,0,1,0.0,1,1,3,0
10,0,5411,0,1,0.0,1,1,0,1
9,1,108,0,1,0.0,1,1,3,0
13,3,17301,0,1,0.0,1,1,4,1
17,2,10502,2,1,1.0,1,0,4,1
13,4,8346,0,1,0.0,1,0,3,0
11,5,13052,0,1,0.0,1,1,3,1
16,4,3724,2,1,0.0,1,1,4,1
18,4,23163,0,1,0.0,1,1,3,0
7,3,0,0,1,5.0,1,0,3,1
10,5,22929,1,1,0.0,1,1,2,1
9,0,22240,0,1,0.0,1,1,4,1
13,0,17406,0,1,0.0,1,1,0,1
10,6,6054,2,1,0.0,1,1,4,1
14,1,26823,0,1,0.0,1,1,3,1
17,6,291,1,1,1.0,1,0,4,1
13,4,27396,0,1,0.0,1,0,4,1
9,5,16272,0,1,0.0,1,1,4,1
16,4,0,0,1,5.0,1,0,3,0
10,5,10554,0,1,0.0,1,1,3,1
17,3,1169,1,1,0.0,1,1,2,1
14,5,10266,0,1,0.0,1,0,3,1
18,3,25560,0,1,0.0,1,0,3,1
15,2,18002,0,1,0.0,1,1,2,1
7,3,2297,2,1,0.0,1,1,1,1
13,5,22302,0,1,0.0,1,1,3,0
7,5,4660,0,1,0.0,1,0,4,0
12,6,15881,0,1,0.0,1,1,0,1
9,2,11984,1,1,0.0,0,1,3,1
16,3,19754,0,1,0.0,1,1,3,0
16,3,3511,2,1,0.0,0,1,4,1
11,2,26685,0,1,1.0,1,1,0,1
9,5,11352,0,1,0.0,1,1,3,1
16,3,3308,0,1,0.0,1,1,4,1
15,1,3965,0,1,0.0,1,1,2,1
8,2,268,0,1,0.0,1,1,0,0
18,1,18397,1,1,0.0,1,1,1,1
10,4,11273,3,1,0.0,1,1,4,1
17,1,10101,1,1,0.0,1,1,0,1
12,1,27541,0,1,0.0,1,0,2,1
17,5,1704,3,1,0.0,1,1,3,1
19,6,14068,0,1,0.0,1,1,4,1
13,6,26901,0,1,0.0,1,0,1,1
13,3,14354,0,1,0.0,1,1,4,0
6,1,3040,1,1,1.0,1,1,1,1
13,2,12650,0,1,0.0,1,1,4,1
8,2,10400,0,1,0.0,1,1,4,1
13,4,12231,0,1,0.0,1,1,3,0
11,4,8347,0,1,1.0,1,0,1,0
11,3,475,0,1,0.0,1,1,4,1
20,4,19848,2,1,0.0,1,0,3,1
9,3,4809,0,1,0.0,1,1,3,0
18,2,26397,3,1,0.0,1,1,3,1
13,4,5274,1,1,1.0,1,1,4,1
13,0,16452,0,1,0.0,1,1,0,1
9,0,22641,0,1,0.0,1,0,2,1
8,4,4986,0,1,1.0,1,1,3,1
15,0,11537,0,1,0.0,1,1,0,1
15,2,26822,1,1,1.0,1,1,2,1
14,4,530,1,1,0.0,1,1,2,1
11,1,13212,0,1,1.0,1,1,4,1
12,6,4534,0,1,0.0,1,1,4,1
12,3,22966,2,1,0.0,1,1,4,1
7,5,25212,0,1,0.0,1,1,2,0
12,3,14153,0,1,0.0,1,1,3,0
10,1,28142,0,1,0.0,1,1,4,1
7,3,15104,0,1,0.0,0,0,4,1
8,4,309,0,1,0.0,0,1,2,1
11,3,15051,0,1,0.0,1,1,4,0
14,3,10650,2,1,0.0,1,1,1,1
14,5,9752,0,1,0.0,1,1,0,1
14,1,6762,2,1,0.0,1,1,0,1
13,3,20363,1,1,0.0,1,0,1,1
15,3,21278,0,1,0.0,1,1,1,1
7,0,25461,1,1,0.0,1,1,4,1
7,3,6015,0,1,0.0,1,1,4,1
15,2,12774,0,1,0.0,1,1,4,1
13,0,3966,3,1,0.0,1,1,4,1
12,1,17174,0,1,1.0,1,1,2,1
12,4,503,0,1,0.0,1,1,0,0
18,6,20269,0,1,0.0,1,1,2,1
7,6,10003,0,1,0.0,1,1,3,1
15,1,10103,0,1,0.0,1,1,2,1
9,6,2606,0,1,1.0,1,1,4,1
12,3,24881,0,1,0.0,1,0,1,1
11,0,22945,0,1,0.0,1,1,1,1
12,1,25006,0,1,0.0,1,1,1,1
8,3,16565,2,1,0.0,0,0,1,1
13,1,24425,1,1,0.0,1,1,4,1
11,4,8566,2,1,0.0,1,1,0,1
10,6,1857,0,1,0.0,1,1,2,1
13,0,1013,0,1,0.0,1,1,4,0
11,0,5591,0,1,0.0,1,1,3,1
11,3,26542,2,1,0.0,0,0,0,1
16,6,25843,0,1,0.0,1,0,0,1
12,5,23354,0,1,0.0,0,1,0,1
18,4,12610,0,1,0.0,1,1,3,1
12,0,7468,0,1,0.0,1,1,2,0
9,5,8983,0,1,0.0,1,0,2,0
9,0,3962,0,1,0.0,1,1,2,1
8,2,23680,0,1,0.0,1,1,4,1
16,4,21271,0,1,0.0,1,1,2,1
9,5,10300,0,1,0.0,1,1,1,1
15,2,13376,0,1,0.0,1,1,1,1
6,5,13079,0,1,0.0,1,1,1,1
12,4,12228,0,1,0.0,1,1,2,0
18,6,11572,0,1,0.0,1,1,3,0
10,0,4098,3,1,0.0,1,1,2,1
7,4,22598,0,1,0.0,1,0,3,1
8,0,27405,0,1,0.0,1,1,4,1
13,6,19977,0,1,0.0,1,1,0,1
15,6,5151,0,1,0.0,1,1,0,1
15,1,17528,0,1,0.0,0,1,2,1
13,6,22262,1,1,1.0,1,1,0,1
13,5,27212,0,1,1.0,1,1,0,1
8,3,26266,3,1,0.0,0,0,3,1
15,3,27651,2,1,0.0,1,1,1,1
13,6,17879,0,1,0.0,1,1,4,1
14,3,0,0,1,5.0,1,0,3,1
14,4,26954,0,1,0.0,1,1,4,1
17,5,1297,0,1,0.0,1,1,3,1
13,3,0,0,1,5.0,1,0,3,1
15,6,12100,0,1,0.0,1,1,2,1
15,4,26011,2,1,0.0,1,0,2,1
17,4,9024,0,1,0.0,1,1,3,1
13,3,25855,0,1,0.0,1,1,2,0
12,6,21059,0,1,0.0,1,1,4,1
15,4,20661,0,1,0.0,1,1,4,0
8,4,27227,0,1,0.0,1,1,1,0
16,6,28101,0,1,0.0,1,1,0,1
16,3,5991,1,1,0.0,1,1,1,1
11,1,12368,0,1,0.0,1,1,3,1
12,3,8596,0,1,0.0,1,1,0,1
13,2,27628,0,1,0.0,1,1,1,1
19,5,7323,0,1,0.0,1,1,0,1
18,3,5850,0,1,0.0,1,1,2,0
18,6,16942,0,1,0.0,1,1,4,1
17,1,10915,1,1,0.0,1,0,4,1
17,0,367,0,1,0.0,1,1,2,1
9,4,21493,0,1,0.0,1,1,3,1
7,1,24675,2,1,0.0,1,1,4,1
15,6,4518,1,1,0.0,1,1,0,1
12,6,2985,0,1,0.0,1,1,0,1
13,4,13052,0,1,0.0,1,1,2,0
14,1,4202,0,1,0.0,1,1,0,1
19,6,4462,1,1,0.0,1,1,2,1
13,3,28026,1,1,0.0,1,1,2,1
13,0,7031,3,1,0.0,1,0,3,1
14,4,21524,0,1,0.0,1,1,4,0
14,6,3263,2,1,1.0,1,1,1,1
13,5,18220,0,1,0.0,1,1,3,1
12,4,19475,3,1,1.0,1,1,3,1
9,3,1498,1,1,1.0,1,1,1,1
16,0,15118,0,1,0.0,1,1,0,1
14,4,3123,0,1,0.0,1,1,1,0
13,1,26563,1,1,0.0,1,1,1,1
10,4,18004,0,1,0.0,0,0,3,1
16,4,2633,0,1,0.0,1,1,1,0
10,3,17209,1,1,0.0,1,1,0,1
19,1,15681,2,1,0.0,1,1,2,1
15,5,21147,1,1,0.0,1,1,1,1
15,4,0,0,1,4.0,1,0,3,0
12,1,7410,0,1,0.0,1,1,2,1
17,5,12058,0,1,0.0,1,1,1,1
14,5,10957,0,1,0.0,1,1,0,0
12,3,21226,0,1,1.0,1,1,1,1
10,6,12254,0,1,0.0,1,1,0,1
11,4,3236,0,1,0.0,1,1,2,1
9,6,8467,0,1,0.0,1,1,0,1
12,4,8722,1,1,0.0,1,0,3,1
14,0,19029,0,1,0.0,1,1,2,1
18,6,5157,0,1,0.0,1,1,3,1
10,3,22095,0,1,0.0,1,1,1,0
7,5,3491,0,1,0.0,1,0,2,1
14,5,19645,1,1,1.0,1,1,1,1
13,5,17780,0,1,0.0,1,1,0,1
12,0,17464,0,1,0.0,1,1,4,1
12,2,11735,0,1,1.0,1,1,4,1
6,5,15022,2,1,0.0,1,1,3,1
12,4,23634,3,1,0.0,1,1,2,1
13,1,16802,0,1,0.0,1,1,4,1
13,4,3333,0,1,0.0,1,0,4,1
12,0,10553,0,1,1.0,1,1,1,1
6,0,2634,0,1,0.0,1,1,1,0
15,6,22824,0,1,0.0,1,1,0,1
17,5,28657,1,1,0.0,1,1,3,1
12,5,16104,2,1,0.0,1,1,4,1
13,2,16928,0,1,0.0,1,1,0,0
10,3,18419,2,1,0.0,1,1,3,1
8,3,23585,1,1,0.0,1,1,4,1
16,2,16208,0,1,0.0,1,1,4,1
15,0,14243,1,1,0.0,1,1,3,1
11,6,26270,0,1,0.0,1,1,4,1
12,2,6414,0,1,0.0,1,1,2,1
13,2,17910,2,1,0.0,1,1,0,1
10,6,15929,0,1,0.0,1,1,3,1
10,2,17846,2,1,0.0,1,1,1,1
11,6,28299,0,1,0.0,1,1,3,0
16,4,12056,0,1,0.0,1,1,3,1
13,1,6806,0,1,0.0,1,1,3,0
12,2,14770,0,1,0.0,1,1,4,1
12,4,28233,0,1,0.0,1,1,3,0
9,3,15120,0,1,0.0,1,1,2,0
16,0,9510,0,1,0.0,1,1,0,1
14,5,813,0,1,0.0,1,1,1,1
14,2,10667,0,1,1.0,1,1,3,0
12,1,11051,0,1,0.0,1,1,4,1
10,1,8916,0,1,0.0,1,1,1,1
13,6,3233,0,1,0.0,1,1,2,1
7,6,6895,0,1,0.0,1,1,0,1
13,1,21462,0,1,0.0,1,1,0,1
14,1,22327,0,1,0.0,1,1,3,1
15,6,8231,1,1,0.0,1,0,1,1
16,3,8814,1,1,0.0,1,1,4,1
11,6,12271,1,1,0.0,1,1,0,1
8,2,3147,1,1,0.0,1,1,1,1
17,1,5692,0,1,0.0,1,1,0,1
18,1,4759,0,1,1.0,1,1,2,0
14,3,25171,0,1,0.0,1,1,1,0
12,5,5524,0,1,0.0,1,1,1,1
15,6,19332,1,1,0.0,1,1,3,1
9,4,11351,0,1,0.0,1,1,4,1
16,3,13320,0,1,0.0,1,1,2,1
10,3,21837,0,1,1.0,1,1,0,1
8,0,23528,0,1,0.0,1,1,2,1
14,4,820,0,1,0.0,1,0,3,0
11,6,6891,0,1,0.0,1,1,3,1
20,2,8800,0,1,0.0,1,1,2,0
15,5,17023,0,1,0.0,1,1,2,1
14,4,24362,0,1,0.0,1,1,4,1
8,3,19890,1,1,0.0,1,0,2,1
13,6,19409,2,1,0.0,1,1,3,1
14,0,20867,0,1,0.0,1,1,0,1
16,3,10826,0,1,0.0,1,0,2,1
13,3,17327,1,1,0.0,1,1,0,1
15,4,27054,3,1,0.0,1,0,2,1
11,3,16632,0,1,0.0,1,1,0,1
17,4,11723,0,1,0.0,1,0,4,0
16,1,5915,2,1,0.0,1,1,2,1
9,4,19128,0,1,1.0,1,1,1,0
9,1,4938,0,1,1.0,1,0,2,1
13,6,7303,0,1,0.0,1,1,3,1
7,4,23105,0,1,0.0,1,1,1,1
11,2,16785,0,1,0.0,1,1,3,1
8,5,16729,0,1,0.0,1,1,3,1
10,6,27003,0,1,0.0,1,1,3,0
13,1,24993,3,1,0.0,1,1,3,1
11,4,5441,1,1,0.0,1,1,0,1
10,3,4807,1,1,0.0,1,1,4,1
8,0,25097,0,1,0.0,1,1,4,1
8,1,27863,0,1,0.0,1,1,1,1
16,2,11600,0,1,0.0,1,1,4,0
15,4,15537,0,1,0.0,1,1,4,1
8,4,12752,0,1,0.0,1,1,1,0
12,3,5303,0,1,0.0,1,1,2,1
10,6,27741,0,1,0.0,1,1,1,1
11,2,4816,2,1,0.0,1,1,4,1
15,3,12974,0,1,0.0,1,1,4,1
15,3,13136,0,1,0.0,1,1,1,1
9,4,1411,0,1,0.0,1,0,0,1
12,5,5125,0,1,1.0,1,1,4,1
7,1,18499,0,1,0.0,1,1,4,1
14,1,24333,0,1,0.0,1,1,0,1
6,2,12982,3,1,0.0,1,1,3,1
12,4,25331,3,1,0.0,1,1,2,1
13,5,24595,0,1,1.0,1,1,3,1
8,3,26281,0,1,0.0,1,1,1,1
10,6,1119,0,1,0.0,1,1,2,1
14,3,14268,2,1,0.0,1,1,4,1
18,0,4955,0,1,0.0,1,1,0,1
13,1,7920,0,1,0.0,1,0,1,0
14,5,5638,0,1,0.0,1,1,2,1
15,2,4373,0,1,0.0,1,1,3,1
14,5,20388,0,1,0.0,1,1,1,1
7,4,15474,1,1,0.0,1,1,0,1
13,2,16484,0,1,0.0,1,1,2,0
9,0,25548,0,1,0.0,1,1,1,1
15,4,10455,0,1,0.0,1,1,4,1
13,2,3129,0,1,0.0,1,1,3,1
9,1,20867,0,1,0.0,1,1,2,1
14,2,13757,0,1,0.0,1,1,2,1
16,4,18713,3,1,0.0,1,1,2,1
11,2,9795,0,1,0.0,1,1,3,1
10,4,12299,0,1,0.0,1,0,2,0
14,3,388,0,1,0.0,1,1,0,1
19,2,11706,0,1,0.0,1,1,4,1
15,4,908,0,1,0.0,1,1,4,1
10,5,23253,3,1,0.0,1,1,4,1
12,0,14398,1,1,0.0,1,1,3,1
16,3,12602,0,1,0.0,1,1,2,1
13,3,24896,0,1,1.0,1,1,0,0
17,4,24793,0,1,0.0,1,1,2,1
12,4,17097,0,1,0.0,1,1,3,0
13,6,2892,0,1,0.0,1,1,1,1
12,6,9853,0,1,0.0,1,1,2,0
17,0,4465,0,1,0.0,1,1,3,1
18,5,1904,0,1,0.0,1,1,3,1
6,1,9430,3,1,0.0,1,1,2,1
7,4,0,0,1,5.0,1,0,3,1
13,4,21557,0,1,0.0,1,1,3,0
12,3,25210,3,1,0.0,1,1,3,1
13,4,27110,0,1,0.0,1,1,3,0
16,4,11670,0,1,4.0,1,1,0,1
7,3,14836,0,1,0.0,1,1,2,1
13,6,10568,2,1,1.0,1,1,4,1
16,1,14626,2,1,0.0,1,1,3,1
14,3,18689,1,1,0.0,1,1,2,1
14,4,16942,0,1,0.0,1,1,1,1
11,1,14243,0,1,0.0,1,1,1,1
12,3,27877,0,1,0.0,1,1,2,1
11,3,7131,0,1,0.0,1,1,3,1
12,0,16232,0,1,0.0,1,1,2,1
6,2,4104,1,1,0.0,1,1,1,1
12,4,7598,0,1,0.0,1,1,1,1
7,1,9976,0,1,0.0,1,1,4,1
18,1,23928,0,1,0.0,1,0,1,1
15,6,23529,1,1,0.0,1,1,3,1
17,5,910,0,1,0.0,1,0,3,0
12,3,21010,0,1,0.0,1,1,0,1
15,3,26370,2,1,0.0,1,1,2,1
10,6,14383,0,1,0.0,1,1,0,1
14,5,10750,0,1,0.0,1,1,3,1
12,4,23080,0,1,0.0,1,1,4,1
12,1,11692,1,1,0.0,1,1,0,1
17,2,5113,0,1,0.0,1,1,4,0
14,1,10423,0,1,0.0,1,1,1,1
7,5,6393,2,1,0.0,1,0,2,1
12,6,9181,0,1,0.0,1,0,1,1
10,1,23055,0,1,1.0,1,1,4,1
16,3,7381,2,1,0.0,1,1,2,1
13,0,5941,2,1,0.0,1,0,4,1
15,3,3597,0,1,0.0,1,1,4,0
15,4,15643,2,1,0.0,1,1,3,1
15,2,12391,1,1,0.0,1,1,4,1
14,6,19420,0,1,0.0,1,1,3,1
12,6,2697,0,1,0.0,1,1,4,1
9,4,10633,3,1,0.0,1,1,3,1
13,3,12180,0,1,0.0,1,1,4,1
8,3,7327,0,1,0.0,0,0,3,1
10,2,11900,0,1,0.0,1,1,4,0
10,5,3630,0,1,0.0,1,1,3,1
15,1,20332,0,1,0.0,1,1,4,1
10,6,14766,0,1,0.0,1,1,0,1
15,3,10633,0,1,0.0,1,1,3,1
15,6,6188,1,1,0.0,1,1,3,1
13,4,12253,0,1,0.0,1,1,2,1
6,1,8463,0,1,0.0,1,1,0,0
10,6,11840,0,1,0.0,1,1,0,1
8,1,25702,1,1,0.0,1,1,4,1
15,0,1389,0,1,0.0,1,0,3,0
13,6,14774,0,1,0.0,1,1,3,1
7,1,27926,0,1,0.0,1,1,3,1
15,1,19825,1,1,2.0,1,1,0,1
9,4,14785,0,1,0.0,1,1,3,1
8,5,24933,1,1,0.0,1,1,1,1
18,1,20411,0,1,1.0,1,1,3,1
14,3,18034,2,1,0.0,1,1,2,1
17,3,15250,0,1,0.0,1,1,4,0
12,6,14106,0,1,0.0,1,1,0,1
11,6,14343,1,1,0.0,1,1,3,1
15,3,2996,0,1,0.0,1,1,2,0
15,5,4335,0,1,0.0,1,1,2,1
15,2,820,0,1,0.0,1,1,2,1
16,6,23544,0,1,0.0,1,1,4,1
10,5,22120,0,1,0.0,1,1,1,1
14,5,5202,0,1,0.0,1,1,3,1
13,4,23263,0,1,0.0,1,1,2,1
13,3,13469,0,1,0.0,1,1,1,1
10,3,27414,1,1,0.0,1,1,3,1
11,5,18690,2,1,1.0,1,0,2,1
17,5,15121,3,1,0.0,1,1,1,1
10,0,14945,2,1,0.0,1,1,1,1
11,2,16189,0,1,0.0,1,0,4,0
15,2,26602,0,1,0.0,1,1,3,1
10,0,10341,0,1,0.0,1,1,3,1
7,3,25342,0,1,0.0,1,1,2,1
10,6,17410,3,1,0.0,1,1,4,1
10,0,13550,0,1,0.0,1,1,4,0
10,2,9923,1,1,1.0,1,1,3,1
13,5,9067,1,1,0.0,1,0,1,1
8,2,15157,0,1,0.0,1,1,3,1
12,0,2782,2,1,0.0,1,1,0,1
11,4,27255,0,1,0.0,1,1,1,1
13,5,387,0,1,0.0,1,1,1,1
10,3,24264,0,1,0.0,1,1,1,1
18,6,4199,3,1,0.0,1,1,0,1
7,3,17487,0,1,0.0,1,1,3,0
14,3,14836,0,1,0.0,1,1,2,1
8,5,22203,0,1,0.0,1,1,0,0
17,0,12755,0,1,0.0,1,1,3,1
13,0,28022,0,1,0.0,1,1,2,1
6,6,17800,0,1,0.0,1,1,2,1
6,0,3633,0,1,1.0,1,1,2,1
11,2,27793,0,1,0.0,1,1,3,1
14,1,4474,0,1,0.0,1,1,0,1
10,3,24239,0,1,0.0,0,0,1,0
10,6,9875,0,1,0.0,1,1,4,1
13,0,20734,0,1,1.0,1,1,3,1
10,1,760,1,1,0.0,1,1,2,1
14,2,14971,3,1,0.0,1,1,3,1
10,1,23770,0,1,0.0,1,1,0,1
17,0,12360,1,1,0.0,1,1,2,1
12,2,20896,0,1,0.0,1,1,0,1
10,0,8967,0,1,0.0,1,1,3,1
9,0,19026,0,1,0.0,1,1,4,0
16,6,5599,0,1,0.0,1,1,3,1
17,1,27012,0,1,0.0,1,1,3,1
11,4,24854,1,1,0.0,1,1,2,1
11,3,24160,0,1,0.0,1,1,0,1
15,6,14254,0,1,0.0,1,1,3,1
9,4,12439,0,1,0.0,1,1,2,1
16,0,17757,0,1,0.0,1,1,0,1
11,4,23470,0,1,0.0,1,1,1,1
12,0,12411,0,1,0.0,1,1,4,1
12,4,6147,0,1,0.0,1,1,1,0
6,5,18667,0,1,0.0,0,1,4,1
14,3,0,0,1,5.0,1,0,3,1
17,3,12394,0,1,0.0,1,1,3,1
11,4,14512,2,1,0.0,1,1,1,1
16,3,21395,0,1,0.0,1,1,4,1
8,0,4264,0,1,0.0,1,1,4,1
10,2,6521,0,1,0.0,1,1,4,1
17,3,6907,3,1,0.0,1,1,4,1
10,2,1697,0,1,0.0,1,1,2,1
8,5,1948,0,1,0.0,1,1,4,1
14,2,1669,2,1,0.0,1,1,4,1
10,4,11411,3,1,0.0,1,1,2,1
14,0,22828,0,1,0.0,1,1,2,1
12,0,3634,0,1,0.0,1,1,4,1
6,3,12146,1,1,0.0,1,1,0,1
8,3,1022,2,1,0.0,1,1,2,1
16,5,7454,0,1,0.0,0,1,3,1
15,5,16916,0,1,0.0,1,1,2,0
13,6,11728,0,1,0.0,1,1,0,1
12,0,19176,0,1,0.0,1,1,0,0
11,5,11680,0,1,0.0,1,1,1,1
11,4,18956,0,1,0.0,1,1,4,1
16,2,23348,0,1,0.0,1,1,0,1
13,4,18820,0,1,0.0,1,1,0,1
16,3,2878,0,1,1.0,1,1,1,0
12,4,8573,0,1,0.0,1,1,1,1
16,0,2608,0,1,0.0,1,1,3,1
15,4,9115,1,1,0.0,0,0,3,1
12,4,15498,0,1,0.0,1,1,3,1
13,2,26157,3,1,1.0,1,1,0,1
10,0,15870,0,1,0.0,1,1,1,1
12,3,2875,0,1,0.0,0,0,2,1
7,1,24552,0,1,0.0,1,1,1,0
9,3,13063,0,1,1.0,1,1,1,1
10,2,2661,0,1,0.0,1,1,2,1
12,3,24088,1,1,0.0,1,1,2,1
10,0,11429,0,1,0.0,1,0,1,1
9,4,15044,0,1,0.0,1,1,2,1
8,3,7473,2,1,0.0,1,1,1,1
17,4,27042,0,1,0.0,1,1,2,1
7,4,8474,2,1,0.0,1,1,3,1
8,6,3766,3,1,0.0,1,1,3,1
16,4,4759,0,1,0.0,1,1,0,1
14,0,24734,0,1,0.0,1,1,3,1
13,2,20448,2,1,0.0,1,1,1,1
16,1,28428,0,1,0.0,1,1,2,1
15,2,2323,0,1,0.0,1,1,4,1
14,0,4112,2,1,0.0,1,1,1,1
13,4,11099,0,1,0.0,1,1,2,1
15,5,19862,0,1,0.0,1,1,4,0
16,3,24412,1,1,1.0,1,1,1,1
16,5,20188,0,1,0.0,1,1,3,1
14,4,10114,2,1,0.0,1,1,4,1
8,1,8256,0,1,0.0,1,1,0,1
14,1,28169,0,1,0.0,1,1,1,1
16,1,2904,3,1,0.0,1,0,4,1
14,4,23183,0,1,1.0,1,1,3,1
6,2,2461,2,1,1.0,1,1,3,1
15,0,21005,0,1,0.0,1,1,0,1
15,3,10876,1,1,0.0,1,1,3,1
10,0,7322,3,1,0.0,1,1,1,1
17,6,24731,0,1,0.0,1,1,2,1
13,4,18518,0,1,0.0,1,0,3,1
14,4,18529,0,1,0.0,1,1,0,1
8,6,24891,0,1,1.0,1,1,4,1
15,3,22374,2,1,0.0,1,1,3,1
6,4,106,2,1,0.0,1,1,4,1
8,3,0,0,1,5.0,1,0,3,1
11,2,3218,0,1,0.0,1,1,2,1
15,4,15504,2,1,0.0,1,0,1,1
14,0,27512,0,1,0.0,1,1,0,1
11,6,8550,0,1,0.0,1,1,4,1
12,1,18367,0,1,0.0,1,1,0,1
9,4,26946,0,1,0.0,1,1,0,1
16,1,25113,0,1,0.0,1,1,0,1
14,4,27472,0,1,1.0,1,1,2,1
14,5,7817,0,1,0.0,1,1,0,1
15,4,17657,0,1,0.0,1,1,2,0
12,4,8913,0,1,0.0,1,0,4,1
11,4,1550,0,1,0.0,1,1,0,1
12,1,20375,0,1,0.0,1,1,2,0
18,3,10484,0,1,0.0,1,1,1,1
14,5,26363,0,1,0.0,1,1,2,0
13,0,8511,2,1,0.0,0,1,0,1
14,4,21869,2,1,0.0,1,1,0,1
14,4,22401,0,1,1.0,1,1,1,1
13,4,27822,0,1,0.0,1,1,0,1
14,6,13888,0,1,1.0,1,0,2,1
14,2,22557,1,1,0.0,1,0,0,1
7,4,4121,0,1,0.0,1,0,2,0
13,0,24148,0,1,0.0,1,0,2,1
13,6,1114,2,1,1.0,1,1,1,1
10,0,17157,0,1,0.0,1,1,3,1
11,0,25918,0,1,0.0,1,1,1,0
17,3,5129,1,1,0.0,1,1,3,1
12,1,8798,1,1,0.0,1,1,2,1
11,6,28381,3,1,0.0,1,1,2,1
13,2,5722,2,1,0.0,1,1,4,1
6,2,4685,0,1,0.0,1,1,2,1
14,4,18469,0,1,0.0,1,1,2,1
15,6,18201,0,1,0.0,1,1,1,1
16,0,9564,0,1,0.0,1,1,1,1
12,1,3453,1,1,1.0,1,1,3,1
14,0,13577,2,1,0.0,1,1,2,1
8,6,18906,0,1,0.0,1,1,1,1
11,1,24189,0,1,0.0,1,1,1,0
14,3,25971,0,1,0.0,1,1,4,0
18,3,16750,0,1,0.0,1,1,0,1
13,6,23388,2,1,0.0,1,1,0,1
13,4,14648,0,1,0.0,1,1,1,1
14,3,27711,0,1,0.0,1,1,1,1
14,6,4328,0,1,1.0,1,1,4,1
16,4,27328,1,1,0.0,1,1,1,1
11,3,7003,0,1,0.0,1,1,3,1
6,6,6061,0,1,0.0,1,1,1,1
7,0,7214,0,1,0.0,1,1,0,1
10,3,16100,1,1,0.0,1,1,2,1
19,1,12813,0,1,0.0,1,1,4,1
16,1,8242,0,1,0.0,1,1,2,1
11,5,18750,0,1,0.0,1,1,0,0
15,2,931,0,1,0.0,1,1,2,1
11,2,9208,0,1,0.0,1,1,2,1
14,0,185,0,1,0.0,1,1,2,0
9,0,2885,0,1,0.0,1,1,2,1
15,2,2962,0,1,0.0,1,1,2,1
10,4,9935,0,1,1.0,1,1,4,1
11,3,3736,0,1,0.0,1,1,1,0
14,5,9501,0,1,0.0,1,0,2,0
12,1,17058,1,1,1.0,1,1,0,1
11,6,21051,0,1,0.0,1,1,2,1
20,6,18469,0,1,0.0,1,1,3,1
9,5,26632,0,1,0.0,1,1,3,1
14,0,7306,0,1,0.0,1,1,1,1
13,2,26033,0,1,0.0,1,1,1,1
7,5,18525,2,1,0.0,1,1,4,1
17,5,12795,3,1,0.0,1,1,0,1
8,4,0,0,1,1.0,0,0,3,1
16,2,26657,2,1,0.0,1,1,1,1
14,6,20632,0,1,0.0,1,1,4,1
14,6,1518,0,1,0.0,1,1,1,0
16,5,1044,1,1,0.0,1,1,1,1
12,1,25658,0,1,0.0,1,1,1,1
18,5,26170,2,1,0.0,1,1,3,1
14,6,3149,0,1,0.0,1,1,4,1
12,3,18689,0,1,0.0,1,1,4,0
17,4,6747,0,1,0.0,1,1,3,1
10,5,4694,0,1,0.0,1,1,4,1
14,1,5596,3,1,0.0,1,1,1,1
17,0,10366,0,1,0.0,1,0,4,1
10,4,13451,0,1,0.0,1,1,4,1
16,5,11179,0,1,0.0,1,1,2,1
18,3,2797,0,1,0.0,1,1,0,0
15,5,21077,2,1,0.0,1,0,2,1
13,4,21717,2,1,0.0,1,1,4,1
13,4,9967,0,1,0.0,1,1,2,0
15,6,5804,0,1,0.0,1,1,4,1
17,4,23798,0,1,0.0,1,1,3,1
15,5,7505,0,1,0.0,1,1,2,1
6,0,17378,0,1,0.0,1,1,4,1
9,2,7621,0,1,0.0,1,1,1,0
14,4,2627,2,1,0.0,1,1,3,1
12,6,19183,0,1,0.0,1,1,4,1
10,6,18822,2,1,0.0,1,1,4,1
16,6,20091,1,1,0.0,1,0,1,1
11,1,15736,0,1,0.0,1,1,4,1
14,6,8932,2,1,0.0,1,1,0,1
16,6,17067,0,1,0.0,1,1,0,1
11,3,22949,2,1,0.0,1,1,2,1
13,6,26523,1,1,0.0,1,1,3,1
11,3,18710,0,1,0.0,1,1,3,1
10,0,19676,0,1,0.0,1,1,2,1
10,3,27573,1,1,0.0,1,1,0,1
13,3,0,0,1,5.0,1,0,3,1
17,1,14951,0,1,0.0,1,1,3,1
18,2,7517,0,1,0.0,1,1,1,1
9,2,20435,1,1,1.0,1,1,3,1
13,6,24961,0,1,0.0,1,1,1,0
14,3,13028,0,1,0.0,1,1,1,1
14,0,20862,0,1,0.0,1,1,4,1
10,2,16123,0,1,0.0,1,1,3,1
10,5,3187,0,1,0.0,1,1,3,1
14,5,4965,0,1,0.0,1,1,4,0
12,2,22852,0,1,0.0,1,1,4,1
8,3,8775,0,1,1.0,0,1,0,1
10,0,17975,0,1,0.0,1,1,4,0
15,3,23768,3,1,0.0,1,1,2,1
13,4,7063,1,1,0.0,1,1,4,1
13,5,18181,0,1,0.0,1,1,4,1
17,1,6729,1,1,0.0,1,1,4,1
17,4,7600,0,1,0.0,1,1,4,0
10,1,28378,0,1,0.0,1,1,1,1
10,0,27695,0,1,0.0,1,1,4,1
11,4,20189,1,1,0.0,1,1,2,1
12,6,3586,0,1,0.0,1,1,4,1
17,2,5169,0,1,0.0,1,0,4,0
13,3,20715,1,1,0.0,1,1,1,1
9,3,15743,0,1,0.0,1,1,3,1
13,1,21358,0,1,0.0,1,1,2,1
10,5,24793,0,1,0.0,1,1,2,1
14,6,6584,0,1,0.0,1,0,2,0
12,0,2681,0,1,0.0,1,1,1,1
11,5,10997,2,1,0.0,1,1,1,1
14,6,15289,0,1,1.0,1,1,3,1
11,0,26896,0,1,0.0,1,1,2,1
12,5,24657,0,1,0.0,1,1,2,0
11,6,4210,0,1,0.0,1,1,3,1
16,3,2322,0,1,1.0,1,1,1,1
15,5,12904,1,1,0.0,1,1,4,1
13,0,6876,0,1,0.0,1,1,4,1
12,5,23112,1,1,0.0,1,1,0,1
8,6,11968,0,1,0.0,1,1,4,0
14,4,27750,1,1,0.0,1,1,2,1
17,1,3350,3,1,0.0,1,1,2,1
11,2,23404,0,1,0.0,1,1,4,1
14,2,28552,1,1,0.0,1,1,1,1
16,4,8711,0,1,0.0,1,1,1,1
11,5,24707,0,1,0.0,1,1,4,1
17,2,25117,0,1,0.0,1,1,1,1
13,3,13589,0,1,0.0,1,1,1,0
12,3,24520,3,1,0.0,1,1,1,1
7,0,1068,0,1,0.0,1,1,4,1
11,3,27592,0,1,0.0,1,1,1,1
14,2,8882,1,1,0.0,1,1,3,1
11,0,21203,1,1,0.0,1,1,4,1
8,6,16344,0,1,0.0,1,1,0,1
16,3,20989,1,1,0.0,1,1,4,1
11,1,11030,0,1,0.0,1,1,1,1
8,3,27140,2,1,0.0,1,1,3,1
11,6,9967,0,1,1.0,1,1,4,1
17,1,9646,0,1,0.0,1,1,3,0
9,4,3543,0,1,0.0,1,1,0,1
14,1,26935,0,1,0.0,1,1,3,1
17,4,17346,0,1,0.0,1,0,0,1
17,4,25354,0,1,0.0,1,0,0,1
16,1,3890,1,1,0.0,1,1,4,1
13,5,3399,0,1,0.0,1,1,3,1
13,5,9708,0,1,0.0,1,1,4,1
15,0,7288,0,1,1.0,1,1,2,1
15,0,2411,0,1,0.0,1,1,3,1
18,0,5386,0,1,0.0,1,1,3,1
11,3,6774,0,1,0.0,1,1,3,1
11,5,2118,0,1,0.0,1,1,3,1
19,5,11569,0,1,0.0,1,1,3,1
17,2,6562,0,1,0.0,1,1,2,0
8,3,15498,0,1,0.0,1,1,2,1
10,5,16061,0,1,1.0,1,1,3,1
13,1,13785,0,1,0.0,1,1,1,1
14,5,6089,0,1,0.0,1,1,4,0
7,3,19431,0,1,0.0,0,0,3,1
11,4,8874,2,1,0.0,1,1,2,1
6,3,9047,0,1,0.0,1,1,3,1
12,1,5713,1,1,0.0,1,1,0,1
14,5,9681,2,1,0.0,1,1,1,1
16,0,3731,0,1,0.0,1,1,4,1
7,2,2625,0,1,0.0,1,1,4,1
10,6,4639,2,1,0.0,0,1,1,1
10,3,5096,0,1,0.0,0,0,1,1
18,3,7713,0,1,0.0,1,1,0,1
16,5,4726,0,1,0.0,1,1,3,1
11,5,9439,0,1,0.0,1,1,4,1
11,3,20343,3,1,0.0,1,1,3,1
16,3,10311,0,1,0.0,1,1,1,1
13,5,26929,0,1,0.0,1,1,2,1
12,5,1298,0,1,0.0,1,1,1,1
10,6,1620,0,1,0.0,1,1,1,1
14,3,0,0,1,5.0,1,0,3,1
12,3,21996,2,1,0.0,1,1,3,1
8,5,12292,0,1,0.0,1,0,4,1
11,1,12892,2,1,0.0,1,1,3,1
14,3,14031,1,1,0.0,1,1,4,1
7,2,11503,2,1,1.0,1,1,0,1
17,1,21718,0,1,0.0,1,1,4,1
12,5,650,0,1,0.0,1,1,4,1
10,6,5974,0,1,0.0,1,1,0,1
7,5,24331,0,1,0.0,1,1,4,1
14,1,24076,0,1,0.0,1,1,4,1
10,5,7839,0,1,0.0,1,0,0,0
17,2,21217,2,1,1.0,1,1,4,1
13,0,10898,0,1,0.0,1,0,1,1
11,4,5275,2,1,0.0,1,1,1,1
13,6,6333,0,1,0.0,1,1,4,1
11,1,16688,0,1,0.0,1,1,0,1
9,1,7981,0,1,0.0,1,1,2,1
11,6,9484,0,1,0.0,1,1,1,1
13,5,17197,0,1,0.0,1,1,0,1
13,3,8619,0,1,0.0,1,1,1,1
12,1,23179,2,1,0.0,1,1,3,1
8,2,4269,0,1,0.0,1,1,1,1
10,4,4117,0,1,0.0,1,1,2,1
11,5,16461,0,1,0.0,1,0,3,1
11,0,10993,0,1,0.0,1,1,0,1
11,0,19888,0,1,0.0,1,1,1,1
9,1,8701,0,1,0.0,1,1,1,1
11,0,27306,3,1,0.0,1,1,4,1
19,4,20835,0,1,1.0,1,1,1,1
9,6,3563,3,1,0.0,1,1,3,1
7,1,5151,0,1,0.0,1,0,4,1
6,0,28190,1,1,0.0,1,1,4,1
16,1,12566,0,1,1.0,1,1,3,1
14,4,20178,0,1,0.0,1,1,4,1
14,1,613,0,1,0.0,1,0,3,1
16,0,5852,2,1,1.0,1,1,3,1
16,3,28096,0,1,0.0,1,1,4,1
8,4,0,0,1,5.0,1,0,3,1
15,2,22690,0,1,0.0,1,1,1,1
9,2,5521,0,1,0.0,1,1,0,1
10,4,17684,3,1,0.0,1,1,3,1
15,1,14860,1,1,1.0,1,1,4,1
11,3,108,0,1,0.0,1,1,4,1
11,1,10617,0,1,0.0,1,1,4,1
14,0,854,0,1,0.0,1,1,3,1
10,3,371,2,1,0.0,0,0,1,1
14,0,2726,1,1,0.0,1,1,3,1
10,3,0,0,1,5.0,1,0,3,1
14,1,2816,3,1,0.0,1,1,1,1
11,3,4390,0,1,0.0,1,1,3,1
13,1,27601,0,1,0.0,1,1,3,0
8,5,18078,0,1,1.0,1,1,0,1
16,4,18454,1,1,1.0,1,0,2,1
10,2,12785,0,1,0.0,1,1,2,0
12,3,21702,0,1,0.0,1,1,4,1
16,3,16869,0,1,0.0,1,1,1,0
14,4,9618,0,1,0.0,1,1,1,1
13,4,21806,2,1,0.0,1,1,1,1
15,2,8753,0,1,0.0,1,1,3,1
13,2,6999,0,1,0.0,1,1,0,1
10,1,19878,0,1,0.0,1,1,0,1
15,5,19989,3,1,0.0,1,0,1,1
10,6,2535,0,1,0.0,1,0,4,1
13,2,3861,0,1,0.0,1,0,2,1
17,4,5516,0,1,0.0,1,1,4,1
18,4,19859,0,1,0.0,1,1,1,1
18,0,25083,3,1,0.0,1,1,2,1
9,4,6023,3,1,0.0,1,1,3,1
14,4,0,0,1,5.0,1,0,3,1
14,0,13251,0,1,0.0,1,1,3,1
17,5,605,0,1,0.0,1,1,0,1
15,4,2843,0,1,0.0,1,1,1,1
10,4,18146,0,1,0.0,1,0,2,1
12,4,11717,0,1,0.0,1,1,3,0
13,3,23672,0,1,0.0,1,1,2,1
13,5,12206,0,1,0.0,1,1,1,0
11,2,26082,0,1,0.0,1,1,2,0
15,3,19545,1,1,0.0,1,1,4,1
17,1,10641,0,1,0.0,1,1,3,1
10,3,21768,0,1,0.0,1,0,4,0
10,4,12819,1,1,0.0,1,1,1,1
12,4,23515,2,1,1.0,1,1,1,1
13,2,8486,1,1,0.0,1,1,1,1
13,2,9619,3,1,0.0,1,0,4,1
10,0,6266,0,1,0.0,1,1,4,0
11,5,21617,0,1,0.0,1,1,4,1
10,2,15149,1,1,0.0,1,1,4,1
8,4,0,0,1,5.0,1,0,3,1
7,5,24175,0,1,0.0,1,1,3,1
10,3,18314,0,1,0.0,1,1,0,1
17,5,2944,2,1,0.0,1,1,3,1
11,2,28661,1,1,0.0,1,1,0,1
14,0,7032,0,1,0.0,1,1,2,0
9,1,20353,2,1,0.0,1,1,3,1
18,3,28506,3,1,0.0,1,1,3,1
15,2,103,0,1,0.0,1,1,3,1
11,5,16911,0,1,0.0,1,1,4,1
7,5,20132,0,1,0.0,1,1,1,1
11,4,16189,0,1,0.0,1,1,3,1
16,1,5523,0,1,0.0,1,1,0,1
14,3,18130,0,1,0.0,1,0,3,1
11,1,10296,0,1,0.0,1,1,0,1
17,4,27364,0,1,0.0,1,1,2,1
13,2,3380,0,1,0.0,1,1,1,1
13,5,674,1,1,0.0,1,1,1,1
15,3,19675,0,1,0.0,1,1,4,0
17,1,4266,0,1,0.0,1,1,3,0
11,4,27403,0,1,0.0,1,1,4,1
11,6,18361,0,1,0.0,1,1,3,0
9,2,2263,0,1,0.0,1,1,1,1
10,4,11839,0,1,0.0,1,1,2,1
18,0,17243,0,1,0.0,1,1,0,0
11,6,4298,1,1,0.0,1,1,4,1
17,4,17828,0,1,0.0,1,1,0,1
13,3,20318,0,1,0.0,1,1,2,1
12,3,3478,2,1,0.0,1,1,1,1
14,6,9110,1,1,0.0,1,1,0,1
6,0,6532,0,1,0.0,1,1,4,1
10,6,14254,0,1,0.0,1,1,3,1
14,2,8297,0,1,0.0,1,1,4,1
15,4,16899,0,1,0.0,1,1,4,1
9,1,16080,0,1,0.0,1,1,2,1
12,0,1480,0,1,0.0,1,1,4,1
10,2,10180,1,1,0.0,1,0,0,1
10,2,10934,0,1,0.0,1,1,3,1
15,4,7018,0,1,0.0,1,0,2,1
13,2,11544,0,1,0.0,1,1,2,0
15,3,22730,3,1,0.0,1,1,4,1
10,1,20902,0,1,0.0,1,1,3,1
12,2,20983,2,1,0.0,1,1,4,1
11,5,26822,0,1,0.0,1,0,3,1
12,1,14853,0,1,0.0,1,1,4,1
17,4,22140,0,1,0.0,1,1,3,0
9,1,24635,0,1,0.0,1,1,1,1
16,4,13633,0,1,0.0,1,1,4,1
9,6,9219,0,1,0.0,1,1,4,0
13,2,25583,0,1,0.0,1,1,3,1
11,3,27722,2,1,0.0,1,1,3,1
12,6,22300,0,1,0.0,1,1,1,1
15,6,6140,0,1,0.0,1,1,4,1
16,2,20698,0,1,0.0,1,1,2,1
11,1,11841,0,1,0.0,1,1,3,1
15,4,28400,0,1,0.0,1,1,4,1
16,5,14870,2,1,0.0,1,1,2,1
11,2,21831,0,1,0.0,1,1,2,0
12,1,11112,0,1,0.0,1,1,4,1
7,0,14435,1,1,0.0,1,1,0,1
10,6,5662,0,1,0.0,1,1,0,0
9,4,6838,0,1,0.0,1,1,4,1
16,4,22218,0,1,0.0,0,0,1,0
12,5,10214,0,1,0.0,1,1,3,0
12,4,21815,0,1,0.0,1,1,4,1
18,2,8668,0,1,0.0,1,1,4,1
17,2,12149,3,1,0.0,1,1,4,1
18,5,12590,3,1,0.0,1,1,2,1
13,6,17772,0,1,0.0,1,1,1,1
14,0,25736,0,1,0.0,1,0,2,1
9,3,16175,2,1,0.0,0,0,1,1
13,3,19818,0,1,0.0,1,1,3,1
11,0,6478,0,1,0.0,1,1,0,1
10,1,27271,0,1,0.0,1,1,3,1
16,0,6302,0,1,0.0,1,1,4,0
14,6,25432,0,1,0.0,1,1,1,1
9,0,12541,2,1,0.0,1,0,3,1
12,3,16215,0,1,0.0,1,1,3,1
11,4,21629,0,1,0.0,1,1,4,1
9,2,12900,0,1,0.0,1,1,0,1
9,2,16473,0,1,0.0,1,0,1,1
8,5,7499,0,1,0.0,1,1,2,1
11,4,13629,2,1,0.0,1,1,3,1
17,3,10759,0,1,0.0,1,1,4,0
15,5,21561,0,1,0.0,1,1,3,1
13,5,2640,0,1,0.0,1,1,4,1
16,0,18276,0,1,0.0,1,1,1,1
9,3,20551,0,1,0.0,1,1,0,1
14,4,5816,3,1,0.0,1,1,1,1
16,0,13502,0,1,0.0,1,1,4,1
18,2,12430,0,1,0.0,1,1,3,1
10,3,20896,3,1,0.0,1,1,3,1
15,4,6393,0,1,0.0,1,1,0,1
12,3,11720,0,1,0.0,1,1,1,1
17,3,9245,0,1,0.0,1,0,1,1
13,1,21416,0,1,0.0,1,1,1,1
17,4,18773,0,1,0.0,1,1,0,1
17,5,23733,2,1,0.0,1,1,3,1
15,1,1728,0,1,0.0,1,1,2,1
8,1,20180,0,1,0.0,1,1,1,1
15,2,21777,0,1,1.0,1,1,4,1
11,6,16320,0,1,0.0,1,1,3,0
19,2,16495,0,1,0.0,1,1,2,0
11,5,6720,3,1,0.0,1,1,4,1
11,4,21613,0,1,0.0,1,1,2,1
10,4,11025,0,1,1.0,1,1,0,1
11,3,20819,0,1,0.0,0,0,2,0
9,0,26679,0,1,0.0,1,1,3,1
15,0,28669,0,1,0.0,1,1,0,0
11,1,22244,0,1,0.0,1,1,0,0
15,0,25665,2,1,0.0,1,1,3,1
14,6,20169,0,1,0.0,1,1,4,1
6,4,10828,0,1,0.0,1,1,1,1
15,3,19607,3,1,0.0,0,0,3,1
10,3,12957,0,1,0.0,1,1,2,1
15,5,18209,0,1,0.0,1,1,1,1
10,1,8600,0,1,0.0,1,1,1,0
12,1,16865,0,1,0.0,1,1,2,1
13,6,26764,0,1,0.0,1,1,1,1
11,1,16463,0,1,0.0,1,1,3,1
13,5,23158,0,1,0.0,1,1,2,1
7,4,23293,0,1,0.0,1,1,0,0
12,1,4846,2,1,0.0,1,1,4,1
7,3,28426,1,1,0.0,1,1,2,1
11,2,23137,0,1,0.0,1,1,3,0
13,3,22660,0,1,1.0,1,1,2,1
8,3,19319,0,1,0.0,1,1,3,0
12,4,27301,1,1,0.0,1,1,1,1
11,6,4347,0,1,0.0,1,1,3,1
17,2,25016,0,1,0.0,1,1,2,1
16,3,20948,3,1,0.0,0,0,1,1
14,2,1146,0,1,0.0,1,1,0,1
18,5,14012,0,1,0.0,1,1,0,1
17,5,19952,1,1,0.0,1,1,0,1
19,2,11652,0,1,0.0,1,1,0,1
9,6,7868,2,1,0.0,1,1,4,1
8,5,5435,0,1,0.0,1,1,3,1
15,6,15709,2,1,0.0,1,1,1,1
10,4,7011,2,1,0.0,1,1,3,1
9,4,4091,0,1,0.0,1,1,0,1
16,2,24239,0,1,0.0,1,1,2,1
10,2,25881,1,1,0.0,1,1,2,1
10,2,9835,0,1,1.0,1,1,2,1
10,0,21996,0,1,0.0,1,1,3,1
12,0,3626,0,1,0.0,1,1,0,1
12,1,12751,0,1,0.0,1,1,1,1
8,2,19798,0,1,0.0,1,1,0,0
11,5,22885,0,1,0.0,1,1,3,0
11,5,6249,0,1,0.0,1,1,2,1
15,5,13523,0,1,0.0,1,0,1,0
10,4,27286,0,1,1.0,1,1,1,1
16,3,20489,0,1,0.0,1,1,0,1
12,0,4439,0,1,0.0,1,1,2,0
8,4,0,0,1,5.0,1,0,3,1
8,3,26522,0,1,0.0,1,1,2,0
9,5,20573,0,1,0.0,1,1,4,0
14,4,11733,2,1,0.0,1,1,0,1
6,3,23893,3,1,0.0,1,1,4,1
12,0,1441,0,1,0.0,1,1,0,1
17,4,11227,0,1,1.0,1,1,3,0
18,5,22129,0,1,0.0,1,1,3,1
11,2,20720,0,1,0.0,1,1,0,1
15,0,19769,0,1,0.0,1,0,0,1
10,1,10240,1,1,0.0,1,1,1,1
15,0,3109,0,1,0.0,1,1,0,0
15,2,11617,0,1,0.0,1,1,4,0
13,5,21004,2,1,0.0,1,1,3,1
12,2,9115,0,1,0.0,1,1,4,1
11,6,24328,0,1,0.0,1,1,4,1
13,3,5902,3,1,1.0,1,0,1,1
18,5,25246,0,1,0.0,1,1,1,1
9,5,5386,0,1,0.0,1,1,4,1
9,3,1358,0,1,0.0,1,1,3,1
14,2,25912,0,1,0.0,1,1,0,1
14,5,8318,0,1,0.0,1,1,4,1
12,6,14031,1,1,0.0,1,1,0,1
17,5,8419,0,1,0.0,1,1,3,1
14,5,26154,2,1,0.0,1,1,4,1
9,2,25222,0,1,0.0,1,1,1,1
14,3,22748,0,1,0.0,1,1,4,1
8,3,24932,1,1,0.0,0,0,3,1
12,4,467,0,1,0.0,1,0,1,1
15,6,12181,0,1,0.0,1,1,1,1
15,4,26298,1,1,0.0,1,1,0,1
8,2,23720,0,1,0.0,1,1,1,1
18,0,24118,0,1,0.0,1,1,0,0
17,3,930,0,1,0.0,1,1,1,1
11,3,5565,0,1,0.0,1,1,1,1
15,4,9706,0,1,0.0,1,1,0,1
11,0,16858,0,1,0.0,1,1,2,0
15,4,10914,0,1,0.0,1,1,2,1
17,0,21916,0,1,0.0,1,1,2,1
8,0,28356,0,1,0.0,1,1,0,1
10,1,12299,0,1,0.0,1,1,2,1
14,6,25528,0,1,0.0,1,1,0,1
11,1,18366,0,1,0.0,1,1,2,0
11,2,4852,0,1,0.0,1,1,1,0
16,6,24220,0,1,0.0,1,1,0,1
11,1,17023,0,1,0.0,1,1,1,1
14,3,24511,1,1,0.0,1,1,1,1
16,4,21471,0,1,0.0,1,1,3,1
10,6,22692,0,1,0.0,1,1,1,1
14,0,24013,2,1,0.0,1,1,3,1
11,4,9508,0,1,0.0,1,1,3,0
11,1,28404,0,1,0.0,1,1,4,1
12,0,893,0,1,0.0,1,1,4,1
13,0,16205,1,1,1.0,1,1,0,1
6,1,24841,0,1,0.0,1,1,2,1
16,0,22878,0,1,0.0,1,1,2,0
14,2,11191,0,1,0.0,1,1,4,1
7,2,21335,0,1,1.0,1,1,4,1
11,6,7177,0,1,0.0,1,1,0,1
12,5,2898,0,1,0.0,1,1,2,1
15,4,14638,0,1,0.0,1,1,3,1
17,6,10771,0,1,0.0,1,1,2,0
11,3,16059,0,1,0.0,0,0,1,1
19,6,20466,0,1,1.0,1,1,3,1
11,5,9980,1,1,0.0,1,1,0,1
12,5,965,1,1,1.0,1,1,0,1
15,3,7870,0,1,0.0,1,0,4,1
7,3,28013,0,1,1.0,1,0,1,1
9,1,24546,0,1,0.0,1,1,2,0
13,4,19117,0,1,0.0,1,1,0,1
16,1,8969,0,1,2.0,1,1,4,1
13,5,28742,2,1,0.0,1,1,1,1
9,1,14276,3,1,0.0,1,1,3,1
17,5,11020,2,1,0.0,1,1,2,1
9,1,1876,0,1,0.0,1,1,1,1
14,3,28594,3,1,0.0,1,1,1,1
11,4,7211,0,1,1.0,1,1,4,0
16,0,22237,0,1,0.0,1,1,4,0
12,0,23423,0,1,0.0,1,1,2,0
14,4,16878,0,1,0.0,1,1,0,1
13,6,1552,2,1,0.0,1,1,4,1
9,5,12063,0,1,0.0,1,0,0,1
16,4,7864,0,1,1.0,1,1,2,1
13,3,22873,2,1,0.0,1,1,0,1
19,6,24861,0,1,1.0,1,1,1,0
12,1,16363,2,1,0.0,1,1,0,1
8,2,565,0,1,0.0,1,0,0,1
11,2,16772,0,1,0.0,1,0,1,1
12,1,20600,3,1,0.0,1,1,2,1
15,0,7090,0,1,0.0,1,1,0,1
9,2,12484,0,1,0.0,1,1,4,1
16,3,3316,2,1,0.0,1,1,4,1
16,6,26073,0,1,0.0,1,1,3,1
15,4,0,0,1,5.0,1,0,3,1
8,0,2146,0,1,0.0,1,1,4,1
13,1,16500,0,1,0.0,1,1,1,1
10,4,12156,0,1,0.0,1,1,4,1
16,4,7808,0,1,1.0,1,1,2,1
16,3,17420,0,1,0.0,1,1,0,1
13,4,24481,3,1,0.0,1,1,1,1
16,3,20522,0,1,0.0,1,1,2,1
13,3,27025,0,1,0.0,1,1,1,1
13,2,2326,0,1,0.0,1,1,1,1
10,1,1518,0,1,1.0,1,1,3,1
15,0,13585,0,1,0.0,1,1,4,1
17,1,26291,0,1,0.0,1,0,3,0
13,2,23503,1,1,0.0,1,1,4,1
12,4,27341,0,1,0.0,1,1,1,1
12,5,28363,0,1,0.0,1,1,4,1
10,6,8173,0,1,0.0,1,1,1,1
17,6,20903,0,1,0.0,1,1,2,1
13,4,27772,0,1,0.0,1,1,2,1
9,1,18358,0,1,2.0,1,1,3,1
17,3,7837,2,1,0.0,1,1,2,1
18,3,3303,0,1,0.0,1,1,4,1
13,1,10280,0,1,0.0,1,1,2,0
17,0,18858,1,1,0.0,1,1,0,1
16,4,11835,0,1,0.0,1,1,3,1
18,4,5525,0,1,0.0,1,1,4,1
15,5,4753,2,1,0.0,1,1,2,1
13,3,21893,0,1,1.0,1,1,2,1
17,3,9542,0,1,0.0,1,1,1,0
16,4,24405,1,1,0.0,1,1,3,1
15,3,25107,0,1,0.0,1,1,1,1
17,2,7682,0,1,0.0,1,1,3,1
18,1,3975,0,1,0.0,1,0,0,1
13,0,24550,1,1,0.0,1,1,4,1
8,1,3259,2,1,0.0,1,1,2,1
12,4,5306,0,1,0.0,1,1,3,1
7,1,21265,1,1,0.0,1,1,1,1
10,5,23652,2,1,0.0,1,1,1,1
12,4,435,3,1,0.0,1,1,0,1
14,3,23152,0,1,0.0,1,1,3,0
12,5,72,0,1,0.0,1,1,4,0
13,6,19877,0,1,0.0,1,1,1,1
17,2,4403,0,1,0.0,1,1,1,0
9,0,3409,0,1,0.0,1,1,2,1
13,5,26462,0,1,1.0,1,1,0,0
14,5,5495,0,1,0.0,1,0,2,1
8,0,18064,0,1,1.0,1,1,4,1
18,6,17023,2,1,0.0,1,1,2,1
10,3,23474,0,1,0.0,1,1,2,1
14,3,26558,0,1,0.0,1,1,3,1
9,3,1382,0,1,1.0,1,1,4,0
9,3,24106,0,1,0.0,1,1,2,1
19,6,26599,0,1,0.0,1,1,4,1
9,4,1914,2,1,0.0,1,1,3,1
10,4,3276,1,1,0.0,1,1,1,1
11,6,2155,0,1,0.0,0,0,2,1
15,3,0,0,1,5.0,1,0,3,1
6,3,13760,0,1,1.0,0,1,4,0
13,4,27307,2,1,0.0,1,1,4,1
11,4,2630,0,1,0.0,1,1,3,1
12,4,1884,2,1,0.0,1,1,3,1
18,4,2101,3,1,0.0,1,1,4,1
18,0,14910,0,1,0.0,1,1,2,0
15,2,12801,0,1,0.0,1,1,3,1
8,1,9960,0,1,0.0,1,1,3,1
13,0,24677,0,1,0.0,1,1,3,1
18,0,26923,0,1,0.0,1,1,4,1
13,5,18016,0,1,0.0,1,1,4,0
12,6,25486,1,1,0.0,1,1,3,1
11,1,15597,3,1,0.0,1,1,0,1
8,2,7016,0,1,0.0,1,1,4,0
14,0,18600,0,1,0.0,1,1,0,1
12,3,13076,0,1,0.0,1,1,2,0
12,2,6459,0,1,0.0,1,0,3,1
16,3,16625,0,1,0.0,1,1,1,1
12,3,9783,0,1,0.0,1,1,4,1
10,0,26899,0,1,0.0,1,1,3,1
8,3,0,0,1,5.0,1,0,3,1
11,6,10902,0,1,0.0,1,1,3,1
16,3,4946,0,1,0.0,1,0,2,1
7,0,25218,0,1,0.0,1,1,1,0
13,3,7927,0,1,0.0,0,0,4,1
14,2,9168,0,1,1.0,1,1,2,1
11,5,27580,0,1,0.0,1,1,2,0
14,4,15238,0,1,0.0,1,1,3,1
11,3,17433,0,1,0.0,1,0,4,1
18,4,24262,0,1,0.0,1,1,3,1
12,1,25327,0,1,1.0,1,1,2,1
16,2,9765,0,1,0.0,1,1,3,1
14,5,15963,3,1,0.0,1,1,3,1
17,3,21081,0,1,0.0,1,1,0,1
9,5,18060,0,1,1.0,1,1,1,1
16,4,23923,1,1,0.0,1,0,0,1
10,3,22808,0,1,0.0,1,1,0,1
6,1,21608,3,1,0.0,1,1,0,1
15,4,4732,0,1,0.0,1,1,4,1
17,4,23731,2,1,0.0,1,1,0,1
11,3,21830,0,1,1.0,1,1,0,1
16,4,1955,0,1,0.0,1,1,1,0
10,2,13018,0,1,0.0,1,1,1,1
13,0,25891,0,1,0.0,1,1,4,1
16,2,22766,0,1,0.0,1,1,3,1
12,0,10765,0,1,0.0,1,0,1,1
9,0,24330,3,1,1.0,1,1,0,1
15,0,21350,0,1,0.0,1,1,1,1
12,2,20639,3,1,0.0,1,1,2,1
8,0,10447,0,1,0.0,1,1,0,1
7,6,14471,2,1,0.0,1,1,4,1
15,5,16216,2,1,0.0,1,1,3,1
15,4,8096,2,1,0.0,1,1,4,1
13,1,20966,0,1,0.0,1,1,0,1
11,4,2311,2,1,0.0,1,1,0,1
16,0,9540,2,1,0.0,1,1,4,1
7,6,21537,0,1,0.0,1,0,1,0
16,3,552,0,1,0.0,1,1,2,1
10,6,966,1,1,0.0,1,1,4,1
14,6,28237,0,1,1.0,1,1,1,1
13,3,11051,0,1,0.0,1,1,2,1
13,5,6626,0,1,1.0,1,1,4,1
7,3,6489,0,1,0.0,1,0,1,1
20,3,18128,0,1,0.0,1,1,2,1
11,6,12480,0,1,0.0,1,1,0,1
13,5,5336,0,1,0.0,1,1,1,1
16,3,25308,0,1,0.0,1,1,1,1
19,0,19963,0,1,0.0,1,1,3,1
13,3,0,0,1,5.0,1,0,3,1
13,2,16485,2,1,0.0,1,1,1,1
10,4,7998,0,1,0.0,1,1,2,0
17,5,21022,0,1,0.0,1,1,4,0
11,4,22069,0,1,0.0,1,1,2,1
8,0,20627,0,1,0.0,1,1,1,0
13,0,12542,0,1,0.0,1,1,3,0
15,0,23252,0,1,0.0,1,0,3,1
12,0,14721,0,1,0.0,1,1,3,1
9,4,20298,0,1,0.0,1,1,0,0
15,5,9901,1,1,0.0,1,1,3,1
10,2,26817,1,1,1.0,1,1,2,1
17,5,10939,2,1,0.0,1,1,3,1
13,3,2340,0,1,0.0,1,1,1,1
17,4,27007,0,1,1.0,1,1,1,1
16,6,23846,0,1,0.0,1,1,0,1
16,5,1359,0,1,0.0,1,1,2,1
14,3,9186,0,1,0.0,1,0,3,1
10,5,3964,0,1,0.0,1,1,0,0
11,6,27328,0,1,0.0,0,1,1,1
9,6,3870,0,1,0.0,1,1,2,0
13,2,1573,2,1,0.0,1,1,4,1
12,0,4672,0,1,0.0,1,1,4,1
14,4,8451,0,1,0.0,1,1,4,1
9,3,5272,0,1,0.0,1,1,0,1
8,0,19195,2,1,0.0,1,1,1,1
16,6,21471,0,1,0.0,1,1,1,1
8,4,25722,2,1,0.0,1,1,4,1
16,2,27512,0,1,1.0,1,1,1,1
17,0,11411,0,1,0.0,1,1,3,0
13,5,5320,0,1,0.0,1,1,4,0
10,2,25111,0,1,0.0,0,1,2,1
12,0,27649,0,1,0.0,1,1,3,1
9,6,4516,0,1,0.0,1,1,4,1
20,5,23333,0,1,0.0,1,1,4,1
19,5,28375,1,1,0.0,1,1,4,1
13,1,22483,0,1,0.0,1,1,2,0
18,2,22065,0,1,0.0,1,1,4,0
12,1,12342,0,1,0.0,1,1,4,1
9,0,14955,0,1,0.0,1,1,4,1
14,0,15925,0,1,0.0,1,1,0,1
10,2,4487,2,1,1.0,1,1,1,1
17,5,16576,0,1,1.0,1,1,2,1
14,4,27301,0,1,0.0,1,1,3,1
15,1,6488,0,1,0.0,1,1,3,1
12,5,2151,0,1,0.0,1,1,0,1
17,5,9439,2,1,0.0,1,1,3,1
9,5,10044,0,1,0.0,1,1,2,1
8,5,9336,3,1,0.0,1,0,3,1
14,5,19844,2,1,0.0,1,1,0,1
12,1,12804,0,1,1.0,1,1,1,1
9,4,6628,0,1,0.0,1,1,4,1
15,2,23836,2,1,0.0,1,1,1,1
6,4,22447,0,1,0.0,1,1,0,1
11,2,4030,0,1,0.0,1,1,4,1
8,6,21793,0,1,0.0,1,1,1,0
12,2,12255,0,1,0.0,1,1,1,1
13,2,17853,1,1,0.0,1,1,1,1
14,5,13888,1,1,0.0,1,0,3,1
17,5,12851,2,1,0.0,1,1,4,1
11,3,7708,0,1,0.0,1,1,4,1
11,1,11516,0,1,0.0,1,1,3,1
6,3,6888,0,1,0.0,1,1,3,1
18,1,10706,0,1,1.0,1,1,1,1
17,4,19791,0,1,0.0,1,1,1,0
9,0,22319,0,1,0.0,1,1,2,1
10,4,756,0,1,0.0,1,0,4,1
14,2,25809,1,1,0.0,1,1,1,1
11,3,16419,0,1,0.0,1,1,4,0
12,0,10831,0,1,0.0,1,1,3,0
9,1,1247,1,1,0.0,1,0,3,1
7,6,9358,1,1,0.0,1,1,3,1
18,2,19046,0,1,0.0,1,1,1,1
9,6,19638,0,1,0.0,1,1,0,1
8,6,19895,0,1,0.0,1,1,3,1
11,6,26277,0,1,0.0,1,1,3,0
10,5,18772,0,1,0.0,1,1,3,1
15,6,6179,0,1,0.0,1,0,3,1
11,6,27439,0,1,1.0,1,1,2,0
10,1,20776,0,1,0.0,1,1,2,0
13,0,21896,0,1,1.0,1,1,2,0
6,4,8836,0,1,0.0,1,1,3,0
14,4,18093,2,1,0.0,1,1,2,1
8,3,16862,0,1,1.0,1,1,2,1
11,1,4128,0,1,0.0,1,1,3,0
14,5,16487,0,1,0.0,1,1,3,0
14,1,12226,0,1,0.0,1,1,0,1
17,1,6637,2,1,1.0,1,1,0,1
11,3,28738,3,1,0.0,1,0,4,1
13,2,8134,2,1,0.0,1,1,4,1
13,1,13154,1,1,0.0,1,1,4,1
11,0,7626,0,1,0.0,1,0,4,1
15,3,11753,3,1,0.0,1,1,2,1
13,4,17458,0,1,0.0,1,1,4,1
9,6,7640,0,1,1.0,1,1,4,1
20,0,16176,1,1,0.0,1,0,3,1
7,2,14992,0,1,0.0,1,1,4,1
13,2,9278,3,1,0.0,1,1,0,1
16,4,9668,0,1,0.0,1,1,3,1
11,3,27396,0,1,0.0,0,0,3,1
13,6,7086,0,1,0.0,1,1,1,1
13,4,14137,0,1,0.0,1,1,2,1
13,5,8048,0,1,0.0,1,1,3,0
11,4,28224,1,1,0.0,1,1,0,1
9,4,27185,0,1,0.0,1,1,3,1
15,1,9025,2,1,0.0,1,1,0,1
15,2,18115,1,1,0.0,1,1,2,1
10,1,22433,0,1,0.0,1,1,1,1
11,1,23076,0,1,0.0,1,1,3,1
14,4,24801,0,1,0.0,1,1,0,1
8,6,20119,0,1,0.0,1,1,3,1
12,5,12312,0,1,0.0,1,1,1,1
8,6,25433,0,1,0.0,1,1,4,1
15,5,6895,0,1,0.0,1,0,4,1
19,5,13434,1,1,1.0,1,1,0,1
12,2,14432,0,1,0.0,1,1,4,1
14,1,9175,1,1,0.0,1,1,4,1
6,6,9112,1,1,0.0,1,1,1,1
13,1,23181,0,1,0.0,1,1,0,1
10,4,78,0,1,0.0,1,1,4,0
14,3,0,0,1,1.0,0,0,3,1
15,3,298,0,1,0.0,1,1,4,1
19,2,21506,0,1,1.0,1,0,2,0
12,1,2199,0,1,0.0,1,1,2,1
16,2,6412,1,1,0.0,1,1,3,1
9,3,402,0,1,0.0,1,1,3,1
7,5,10590,0,1,0.0,1,1,4,1
10,0,7480,0,1,0.0,1,1,0,1
14,1,10697,0,1,0.0,0,1,2,1
5,3,0,0,1,5.0,1,0,3,1
14,3,20623,0,1,0.0,1,1,3,0
17,5,7139,0,1,0.0,1,1,1,0
14,1,8122,0,1,0.0,1,1,1,1
14,6,24515,0,1,0.0,1,1,1,1
18,6,15408,0,1,0.0,1,1,3,0
8,2,4158,0,1,0.0,1,1,0,1
17,2,9804,0,1,0.0,1,1,3,1
8,2,14681,1,1,0.0,1,1,0,1
15,1,21855,0,1,0.0,1,1,4,0
13,0,8848,0,1,0.0,1,1,4,1
11,5,28714,0,1,0.0,1,1,3,1
14,5,6919,0,1,0.0,1,1,4,1
11,1,22974,0,1,0.0,1,1,0,0
11,3,620,0,1,0.0,0,1,4,1
17,5,14330,0,1,0.0,0,1,3,1
10,6,10226,0,1,0.0,1,1,2,1
8,1,12126,0,1,0.0,1,0,3,1
12,3,18983,0,1,0.0,1,1,2,1
9,5,7478,2,1,0.0,1,1,3,1
8,0,22068,0,1,0.0,1,1,4,1
14,5,10309,0,1,0.0,1,1,3,1
13,3,8936,0,1,0.0,1,1,3,1
14,2,6402,0,1,0.0,1,0,2,1
14,3,12851,0,1,0.0,1,1,0,1
6,5,8000,0,1,2.0,1,0,0,0
15,2,3661,2,1,0.0,1,1,3,1
9,6,3652,0,1,0.0,1,0,4,1
11,0,21104,0,1,0.0,1,1,1,1
5,3,0,0,1,5.0,1,0,3,1
11,3,20349,3,1,0.0,1,1,1,1
13,4,4725,3,1,0.0,1,1,1,1
11,4,24961,0,1,0.0,1,1,2,1
15,3,16407,0,1,0.0,1,0,4,0
18,6,28636,0,1,0.0,1,0,3,1
14,2,2761,0,1,0.0,1,1,4,0
9,3,25370,0,1,0.0,1,1,2,1
10,2,13235,1,1,0.0,1,1,0,1
6,4,27240,0,1,0.0,1,1,1,1
11,3,24449,0,1,0.0,1,1,0,1
8,1,12676,0,1,0.0,1,1,0,1
12,0,9066,3,1,0.0,1,0,4,1
12,6,9367,0,1,0.0,1,1,3,1
14,1,25778,3,1,0.0,1,1,1,1
14,2,21630,0,1,0.0,1,1,2,1
11,2,3658,0,1,0.0,1,1,2,0
8,0,4978,0,1,0.0,1,1,1,0
13,5,19465,0,1,0.0,1,1,3,1
14,2,10924,0,1,0.0,1,1,3,1
7,0,28697,0,1,0.0,1,1,4,1
13,1,7712,0,1,0.0,1,1,2,1
15,2,3727,0,1,0.0,1,0,1,0
14,6,21089,0,1,0.0,1,0,2,1
11,2,16303,0,1,0.0,1,1,4,1
15,4,0,0,1,5.0,1,0,3,0
15,1,8714,0,1,0.0,1,1,1,1
19,4,11163,0,1,0.0,1,1,4,0
11,4,25380,0,1,0.0,1,1,4,1
19,6,1744,0,1,0.0,1,1,1,1
12,2,25001,0,1,0.0,1,1,2,0
13,3,0,0,1,5.0,1,0,3,0
16,5,13562,1,1,0.0,1,1,1,1
15,4,18721,0,1,0.0,1,1,4,1
8,5,11688,0,1,0.0,1,1,3,1
16,2,11128,0,1,0.0,1,1,0,1
18,0,22905,0,1,0.0,1,1,3,1
16,1,4858,0,1,1.0,1,0,3,1
8,2,11526,3,1,1.0,1,0,2,1
12,3,21885,0,1,0.0,1,1,0,1
14,4,28292,0,1,0.0,1,1,3,0
9,4,13107,0,1,0.0,1,1,4,0
11,2,3311,0,1,0.0,1,1,4,0
9,6,27416,0,1,0.0,1,1,4,1
8,5,17065,0,1,0.0,1,0,1,1
13,0,20778,2,1,0.0,1,1,0,1
10,6,12965,0,1,0.0,1,1,3,0
15,1,13259,0,1,0.0,1,1,1,1
16,6,9088,3,1,0.0,1,0,4,1
16,4,2778,0,1,0.0,1,1,0,1
8,3,25947,0,1,1.0,1,1,4,0
9,1,26690,2,1,0.0,1,1,3,1
9,6,14845,0,1,1.0,1,0,3,1
15,3,20112,0,1,0.0,1,1,4,1
7,6,2888,1,1,0.0,1,0,2,1
9,5,11392,0,1,0.0,1,1,0,1
10,6,14011,0,1,0.0,1,1,3,1
9,2,11089,2,1,0.0,1,0,4,1
17,6,1273,0,1,0.0,1,1,4,1
16,6,2088,1,1,0.0,1,1,3,1
10,6,13642,2,1,0.0,1,0,2,1
9,2,5890,0,1,0.0,1,1,0,1
12,1,9112,2,1,0.0,1,0,3,1
14,3,17097,2,1,0.0,1,1,3,1
18,0,4969,2,1,0.0,1,1,1,1
15,4,24716,0,1,0.0,1,1,0,0
11,6,13936,0,1,0.0,1,1,2,0
12,6,14176,0,1,0.0,1,1,2,1
6,6,26383,0,1,0.0,1,0,4,0
17,2,23314,0,1,0.0,1,1,3,1
13,0,10160,3,1,0.0,1,1,3,1
14,4,14751,1,1,0.0,1,0,2,1
11,1,1763,0,1,0.0,1,0,2,0
14,6,23555,3,1,0.0,1,1,4,1
11,1,17022,1,1,0.0,1,1,0,1
11,4,19119,2,1,0.0,1,1,1,1
13,5,5347,0,1,0.0,1,1,4,0
8,1,27417,0,1,0.0,1,1,3,1
9,3,8096,0,1,0.0,1,1,3,1
11,5,24651,0,1,0.0,1,1,3,1
14,3,2176,1,1,0.0,1,1,0,1
15,1,24707,0,1,0.0,1,0,4,0
15,5,4608,0,1,0.0,1,1,3,1
18,5,2877,1,1,0.0,1,1,0,1
7,3,10170,0,1,0.0,1,1,0,1
7,4,9908,0,1,0.0,1,1,4,1
12,5,8081,0,1,1.0,1,1,0,1
9,3,18763,0,1,0.0,1,1,0,1
14,3,19695,0,1,0.0,1,1,2,1
17,1,5906,0,1,0.0,1,0,2,1
10,5,23542,0,1,0.0,1,1,0,1
19,2,20427,0,1,0.0,1,1,3,1
8,0,18681,0,1,0.0,1,1,4,0
10,4,25914,0,1,1.0,1,1,3,1
16,4,1199,0,1,0.0,1,1,1,1
10,4,1500,0,1,0.0,1,1,1,1
13,4,24189,0,1,0.0,1,1,3,1
15,3,2811,0,1,0.0,1,1,0,0
14,4,25521,2,1,0.0,1,1,3,1
14,2,2605,0,1,0.0,1,1,3,1
14,4,0,0,1,5.0,1,0,3,1
11,5,7199,0,1,0.0,1,1,3,1
13,6,13004,0,1,0.0,0,1,2,0
16,5,3841,1,1,0.0,1,1,2,1
19,4,25946,0,1,1.0,1,1,1,0
20,4,26680,0,1,0.0,1,1,3,1
10,6,9704,2,1,0.0,1,1,0,1
17,4,26420,2,1,0.0,1,1,0,1
11,2,28055,0,1,1.0,1,1,1,1
19,3,1291,2,1,0.0,1,1,4,1
9,1,7363,1,1,1.0,1,1,2,1
13,4,20366,0,1,0.0,1,1,3,1
14,2,2782,0,1,0.0,1,1,3,1
11,6,28320,0,1,0.0,1,1,4,1
14,2,19030,0,1,0.0,1,1,3,0
7,1,21383,0,1,0.0,1,0,3,0
17,6,24098,3,1,0.0,1,1,2,1
12,1,4196,0,1,0.0,1,1,0,1
10,1,13882,0,1,0.0,1,1,0,1
16,6,14876,2,1,0.0,1,1,0,1
18,5,16887,0,1,0.0,1,1,0,1
17,3,9051,0,1,0.0,1,1,0,0
11,6,7206,0,1,0.0,1,0,3,1
16,3,6487,0,1,0.0,1,1,0,1
15,1,528,0,1,0.0,1,1,4,0
10,5,11281,0,1,1.0,1,1,3,1
14,6,23029,1,1,0.0,1,0,4,1
15,4,2659,1,1,0.0,1,1,4,1
9,4,651,2,1,0.0,1,1,0,1
7,4,11487,0,1,0.0,1,1,3,1
10,6,8802,0,1,0.0,1,1,2,1
12,3,16543,0,1,1.0,1,1,1,0
12,0,19887,0,1,0.0,1,1,0,0
9,0,3485,0,1,1.0,1,1,3,1
10,1,1889,0,1,0.0,1,1,1,1
14,0,6599,0,1,0.0,1,1,2,0
13,3,10786,0,1,0.0,1,1,2,1
15,5,5143,0,1,0.0,1,1,1,1
8,1,9294,0,1,0.0,1,1,4,1
11,5,992,2,1,0.0,1,1,0,1
17,5,28760,0,1,0.0,1,0,1,1
12,2,3706,0,1,0.0,1,1,2,0
16,0,21648,0,1,0.0,1,1,3,1
14,4,23224,2,1,0.0,1,1,1,1
15,4,26032,0,1,0.0,1,0,0,1
10,4,1639,3,1,0.0,1,1,0,1
11,2,15480,0,1,0.0,1,1,4,1
9,6,16916,0,1,0.0,1,1,1,1
8,0,26029,0,1,0.0,1,1,0,0
18,2,4500,0,1,0.0,1,1,2,0
8,1,23546,0,1,0.0,1,1,1,0
10,6,2490,0,1,0.0,1,1,0,1
18,4,12673,0,1,0.0,1,1,3,1
10,0,22456,0,1,0.0,1,1,4,1
13,4,10313,0,1,0.0,1,1,4,0
11,1,20684,0,1,0.0,1,1,1,1
10,3,3912,0,1,0.0,1,1,2,1
10,0,22922,0,1,0.0,1,1,2,1
13,3,3760,0,1,0.0,1,1,1,1
15,0,17670,3,1,1.0,1,1,2,1
8,0,16264,0,1,0.0,1,1,0,1
12,5,11932,2,1,1.0,1,1,4,1
12,2,19504,0,1,1.0,1,1,2,1
13,4,23295,0,1,0.0,1,1,4,1
13,0,8376,0,1,0.0,1,1,3,1
18,3,18040,1,1,0.0,1,0,4,1
13,5,13856,0,1,0.0,1,1,4,0
9,5,14153,0,1,1.0,1,1,2,1
14,4,14447,0,1,0.0,1,1,2,1
15,2,23200,0,1,0.0,1,1,4,1
8,0,14051,0,1,1.0,1,0,4,0
18,2,20938,0,1,1.0,1,1,0,1
11,2,11556,0,1,0.0,1,1,3,1
15,1,19296,3,1,0.0,1,1,0,1
19,0,10545,0,1,0.0,1,1,1,1
9,0,19160,2,1,0.0,1,1,3,1
11,5,520,1,1,0.0,1,1,4,1
11,6,24529,0,1,0.0,1,1,2,0
16,0,11303,0,1,1.0,1,0,4,1
9,0,7418,0,1,0.0,1,1,3,1
10,0,20773,0,1,0.0,1,1,3,1
11,5,22712,0,1,0.0,1,1,2,1
11,5,27071,0,1,0.0,1,1,1,1
10,0,2186,0,1,0.0,1,1,3,1
19,4,8025,1,1,0.0,1,1,1,1
11,1,481,0,1,0.0,1,1,0,1
8,2,28263,0,1,2.0,1,1,2,1
13,3,25689,0,1,0.0,1,1,0,0
6,5,17560,0,1,0.0,1,1,4,1
18,4,3118,0,1,0.0,1,1,1,1
6,6,10772,0,1,0.0,1,1,4,0
15,5,15734,0,1,0.0,1,1,3,0
16,3,1162,0,1,0.0,1,1,3,1
12,1,11463,0,1,1.0,1,1,4,0
17,4,2443,0,1,1.0,1,1,2,0
10,5,13821,0,1,1.0,1,1,4,0
17,0,19765,0,1,1.0,1,1,1,1
9,0,11589,0,1,0.0,1,1,3,1
7,4,6701,2,1,1.0,1,1,1,1
14,3,16699,0,1,0.0,1,1,0,1
10,3,17515,1,1,0.0,1,1,3,1
10,5,15641,0,1,0.0,1,1,2,1
11,0,16267,1,1,0.0,1,1,4,1
14,5,10040,2,1,0.0,1,1,4,1
13,2,14516,0,1,0.0,1,1,3,1
11,3,11467,0,1,0.0,1,1,0,1
14,4,27138,0,1,0.0,1,1,0,1
9,2,19977,0,1,0.0,1,1,2,0
14,0,3323,0,1,0.0,1,1,3,0
14,4,17651,0,1,0.0,1,1,2,0
16,4,0,0,1,5.0,1,0,3,0
11,4,13369,3,1,0.0,1,1,2,1
12,5,22437,0,1,1.0,1,1,4,0
13,0,14495,1,1,1.0,1,0,0,1
12,5,1611,0,1,0.0,1,1,3,1
10,0,25156,1,1,0.0,1,1,4,1
16,3,20807,0,1,0.0,1,1,3,1
18,0,334,2,1,0.0,1,1,1,1
15,6,4980,0,1,1.0,1,1,4,1
13,6,11406,0,1,0.0,1,1,2,0
9,1,7534,0,1,0.0,1,1,0,1
10,5,9640,0,1,0.0,1,1,0,1
8,5,15009,3,1,0.0,1,1,1,1
12,2,19760,0,1,0.0,1,1,2,1
12,0,2946,0,1,1.0,1,1,4,1
18,6,22735,2,1,0.0,1,0,1,1
15,6,16022,2,1,0.0,1,1,3,1
16,3,26682,0,1,0.0,1,1,3,1
9,0,25965,0,1,0.0,1,1,1,1
11,5,21941,0,1,0.0,1,1,0,1
11,4,6176,0,1,0.0,1,1,2,0
11,5,194,0,1,0.0,1,1,3,1
15,2,25724,0,1,0.0,1,1,0,1
14,2,11335,2,1,0.0,1,1,4,1
17,2,15227,0,1,0.0,1,1,0,1
9,3,8613,0,1,1.0,1,1,2,0
15,2,4065,0,1,0.0,1,1,2,1
16,2,24649,0,1,0.0,1,1,0,1
18,3,25627,0,1,0.0,1,1,0,0
7,6,24140,1,1,0.0,1,1,2,1
12,1,26116,0,1,0.0,0,1,2,1
12,4,5773,0,1,0.0,1,0,1,1
7,1,4415,0,1,0.0,1,1,0,1
15,4,18725,0,1,0.0,1,1,1,0
14,6,3940,0,1,0.0,1,1,0,1
14,3,0,0,1,5.0,1,0,3,1
14,6,13219,2,1,0.0,1,1,1,1
12,6,8212,0,1,0.0,1,1,0,1
17,5,20200,0,1,1.0,1,1,4,0
20,2,28462,0,1,1.0,1,0,2,0
16,1,22510,0,1,0.0,1,0,2,0
13,4,14251,0,1,0.0,1,1,0,1
13,1,9853,0,1,0.0,1,1,4,1
13,6,23971,0,1,0.0,1,1,1,1
12,3,11756,0,1,0.0,1,1,2,1
9,6,19928,0,1,0.0,1,0,4,1
13,4,9474,0,1,0.0,1,1,4,1
15,4,22519,0,1,0.0,1,1,1,1
9,5,2279,0,1,0.0,0,0,1,1
10,2,26780,0,1,0.0,1,1,4,1
11,6,28160,2,1,0.0,1,1,2,1
8,3,24315,0,1,0.0,1,0,0,1
10,4,7834,2,1,0.0,1,1,4,1
15,2,9807,0,1,0.0,1,0,3,1
17,2,11566,0,1,0.0,1,0,1,1
11,2,10401,0,1,0.0,1,1,3,1
14,3,8147,0,1,0.0,1,1,2,1
6,5,15207,2,1,0.0,1,0,2,1
12,0,27169,2,1,0.0,1,1,1,1
13,2,655,0,1,0.0,1,1,3,0
11,2,1512,0,1,0.0,1,1,1,0
13,0,23824,0,1,0.0,1,0,3,1
10,1,17224,0,1,0.0,1,1,1,1
15,0,2281,0,1,0.0,1,1,3,0
18,1,7790,1,1,0.0,1,0,4,1
15,2,19588,0,1,0.0,1,0,4,1
11,2,22340,0,1,0.0,1,1,3,1
12,0,3081,0,1,0.0,1,1,2,1
12,0,26579,0,1,1.0,1,1,3,1
17,3,259,1,1,0.0,1,1,4,1
14,0,21637,0,1,0.0,1,1,2,1
12,4,24344,0,1,0.0,1,1,4,1
11,1,16148,0,1,0.0,1,1,1,0
14,3,24640,0,1,0.0,1,1,2,1
15,6,9746,0,1,0.0,1,1,1,1
11,5,9982,0,1,0.0,1,1,4,0
12,2,5466,0,1,1.0,1,1,4,1
11,0,2098,0,1,0.0,1,1,0,1
8,2,9476,0,1,0.0,1,1,3,1
9,3,22852,0,1,0.0,1,1,3,1
14,4,15120,0,1,0.0,1,1,3,0
15,2,15774,2,1,0.0,1,1,4,1
7,1,4457,0,1,0.0,1,1,4,1
17,5,3426,2,1,1.0,1,1,2,1
14,2,4028,0,1,0.0,1,1,3,1
9,0,19234,2,1,1.0,1,1,3,1
14,2,13965,0,1,0.0,1,1,1,1
12,1,5566,1,1,0.0,1,1,3,1
8,0,4508,0,1,0.0,1,1,2,1
14,0,2344,2,1,0.0,1,0,0,1
19,4,10451,3,1,0.0,1,0,1,1
17,1,19250,2,1,0.0,1,0,4,1
7,5,0,0,1,5.0,1,0,3,1
8,4,925,0,1,0.0,1,0,2,1
10,2,4493,0,1,0.0,1,1,3,1
8,3,25136,0,1,0.0,1,0,3,1
6,4,13213,0,1,0.0,1,1,2,1
6,2,16490,0,1,0.0,1,1,2,1
16,0,17648,0,1,0.0,1,1,1,1
16,4,13676,2,1,0.0,1,1,0,1
10,6,13574,2,1,0.0,1,1,1,1
12,2,22686,0,1,0.0,1,1,4,0
8,4,24929,0,1,2.0,1,1,4,1
10,0,10962,0,1,0.0,1,1,1,0
11,0,16963,0,1,0.0,1,1,2,0
12,6,11431,0,1,0.0,1,1,4,1
13,2,6994,2,1,2.0,1,1,4,1
6,6,20294,0,1,0.0,1,1,4,0
14,1,7413,0,1,0.0,1,1,2,1
11,5,24259,0,1,0.0,1,1,4,1
15,4,4392,0,1,0.0,1,0,4,1
9,3,4209,0,1,0.0,1,1,0,1
17,3,964,0,1,0.0,1,1,2,1
13,4,11334,2,1,0.0,1,0,1,1
15,5,13257,1,1,0.0,1,0,4,1
13,3,20245,0,1,0.0,1,1,0,0
14,1,19512,0,1,1.0,1,1,2,1
12,3,6713,0,1,0.0,1,1,1,1
9,3,28539,0,1,0.0,1,0,1,1
11,0,6477,2,1,0.0,1,1,3,1
13,4,0,0,1,1.0,0,0,3,1
11,4,28476,1,1,0.0,1,1,1,1
6,3,1173,0,1,0.0,1,1,4,1
10,1,27711,2,1,0.0,1,1,2,1
12,0,13074,0,1,0.0,1,1,2,0
10,0,18391,0,1,0.0,1,1,3,1
15,3,16305,2,1,0.0,1,0,4,1
11,4,27640,1,1,0.0,1,1,2,1
11,6,11820,0,1,0.0,1,1,1,1
11,4,15290,0,1,0.0,1,1,0,0
14,3,4413,0,1,0.0,0,0,2,1
13,5,24355,0,1,0.0,1,1,1,0
7,5,27492,0,1,1.0,1,1,4,0
12,4,6750,0,1,0.0,1,1,1,1
11,2,13450,0,1,0.0,1,1,0,1
9,5,21525,2,1,0.0,1,1,4,1
16,6,11827,0,1,0.0,1,1,0,1
14,1,17264,0,1,0.0,1,1,3,1
13,1,24110,0,1,1.0,1,1,1,1
14,2,20968,0,1,0.0,1,1,0,1
13,5,14117,0,1,0.0,1,1,1,1
10,3,5070,1,1,0.0,1,1,0,1
12,4,3091,0,1,0.0,1,1,3,1
16,6,1074,0,1,0.0,1,1,1,1
13,2,21584,1,1,0.0,1,1,0,1
14,3,14685,0,1,0.0,1,0,3,1
11,3,18011,0,1,0.0,1,1,0,1
7,3,22756,2,1,0.0,1,1,3,1
6,0,25306,1,1,0.0,1,1,0,1
9,4,12536,0,1,0.0,1,1,4,1
9,3,28508,2,1,0.0,1,1,4,1
6,3,8710,0,1,0.0,0,0,4,1
16,4,4347,0,1,0.0,1,1,1,1
17,4,16858,0,1,0.0,1,1,2,0
14,5,13296,1,1,0.0,1,1,3,1
18,1,27182,1,1,0.0,1,1,1,1
8,6,9837,2,1,0.0,1,1,4,1
10,0,10723,0,1,0.0,1,1,2,1
10,3,7750,0,1,0.0,1,1,1,1
11,0,21525,1,1,0.0,1,1,3,1
19,4,8983,0,1,0.0,1,1,3,0
13,6,7320,0,1,0.0,1,1,4,1
16,4,0,0,1,2.0,1,0,3,0
14,1,12387,0,1,0.0,1,1,4,1
16,5,21479,0,1,0.0,1,1,3,1
16,3,13692,0,1,0.0,1,1,4,1
17,5,22319,0,1,0.0,1,1,1,1
11,5,4344,0,1,0.0,1,1,0,1
18,3,21480,0,1,0.0,1,1,4,1
13,0,8677,0,1,0.0,1,1,4,1
14,4,20585,0,1,0.0,1,1,3,1
14,6,15911,1,1,0.0,1,1,3,1
12,1,21857,0,1,0.0,1,1,1,1
14,5,15947,0,1,0.0,1,1,2,1
7,3,4421,1,1,0.0,1,1,0,1
15,5,5986,0,1,1.0,1,1,2,1
13,4,13060,1,1,0.0,1,1,4,1
11,3,5307,0,1,4.0,1,1,3,1
15,5,7538,0,1,0.0,1,1,2,1
9,5,16514,0,1,0.0,1,1,3,0
16,0,9258,0,1,0.0,1,1,1,1
8,2,19735,0,1,0.0,1,1,2,0
15,5,8101,0,1,0.0,1,1,4,1
16,6,7102,0,1,0.0,1,0,3,1
10,3,1332,0,1,0.0,1,1,2,1
8,5,12865,0,1,0.0,1,1,1,1
19,2,21609,2,1,0.0,1,1,1,1
12,4,18743,0,1,0.0,1,1,2,1
14,4,24204,0,1,0.0,1,1,2,1
12,6,6496,0,1,0.0,1,1,3,1
10,5,26967,0,1,0.0,1,1,2,1
12,3,26476,2,1,0.0,1,1,1,1
6,4,28172,0,1,0.0,1,1,4,1
14,6,27115,0,1,0.0,1,1,0,1
9,0,26330,0,1,0.0,1,0,2,1
15,0,10636,2,1,0.0,1,1,3,1
14,3,17008,0,1,0.0,1,1,4,1
13,4,26143,1,1,0.0,1,1,3,1
13,1,28175,0,1,0.0,1,1,1,0
15,5,24887,0,1,3.0,1,1,1,1
13,4,23784,2,1,0.0,1,1,3,1
10,0,21248,0,1,0.0,1,1,4,1
12,6,2492,0,1,0.0,1,1,4,0
10,4,23455,0,1,0.0,1,1,1,1
11,6,14288,0,1,1.0,1,1,1,1
9,2,6693,2,1,0.0,1,1,3,1
12,1,26822,0,1,1.0,1,1,4,1
12,5,21834,0,1,1.0,1,1,0,1
16,2,4185,2,1,0.0,1,1,3,1
15,4,13690,0,1,1.0,1,1,4,1
10,3,5712,0,1,0.0,1,1,2,1
9,1,4577,0,1,0.0,1,1,4,1
11,1,19989,0,1,0.0,1,1,3,1
15,1,3307,0,1,0.0,1,1,0,1
15,4,3594,0,1,0.0,1,1,2,0
13,4,4899,0,1,0.0,1,1,4,1
14,1,6967,2,1,0.0,1,1,3,1
11,2,14910,0,1,0.0,1,1,4,0
14,6,12617,0,1,0.0,1,1,0,0
10,0,24101,0,1,0.0,1,1,2,1
14,2,11191,0,1,0.0,1,1,4,1
10,5,25780,0,1,0.0,1,1,3,1
6,2,4601,0,1,0.0,1,1,3,1
9,0,12250,0,1,0.0,1,1,4,1
10,6,22971,3,1,0.0,1,1,1,1
10,6,22456,0,1,0.0,1,1,2,1
12,3,6499,0,1,0.0,1,1,3,0
13,5,2918,0,1,0.0,1,1,0,1
13,4,22106,0,1,0.0,1,1,0,1
13,5,8847,0,1,0.0,1,1,2,1
8,0,22177,0,1,0.0,1,1,1,1
14,4,4876,0,1,0.0,1,1,4,1
8,0,25749,0,1,1.0,1,1,2,1
14,2,21794,2,1,0.0,1,1,4,1
17,3,18830,0,1,1.0,1,1,3,1
15,5,9461,0,1,0.0,1,1,4,1
17,4,17793,2,1,0.0,1,1,1,1
13,5,16045,1,1,0.0,1,1,0,1
11,5,27740,0,1,0.0,1,1,1,1
16,2,11717,0,1,0.0,1,1,1,1
15,3,11216,0,1,0.0,1,1,1,0
9,2,15796,3,1,0.0,1,1,0,1
14,5,9139,3,1,0.0,1,1,2,1
12,2,8972,0,1,0.0,1,1,2,0
14,2,11177,0,1,0.0,1,1,3,1
14,3,17011,0,1,0.0,1,1,4,1
12,0,24052,0,1,0.0,1,1,3,1
9,4,23565,0,1,0.0,0,1,1,1
8,1,25577,2,1,0.0,1,1,1,1
12,0,743,1,1,0.0,1,1,1,1
10,1,11077,0,1,0.0,1,1,4,1
17,1,17980,0,1,0.0,1,1,1,0
12,1,23752,2,1,0.0,1,1,0,1
12,5,17846,2,1,0.0,1,1,2,1
12,3,18893,0,1,0.0,1,1,4,1
18,3,10978,0,1,0.0,1,1,3,1
17,3,22222,0,1,0.0,1,1,4,1
16,4,9318,3,1,0.0,1,1,4,1
6,4,14854,0,1,0.0,1,1,0,1
12,4,2663,0,1,0.0,1,1,3,1
17,6,9181,0,1,0.0,1,0,1,1
15,1,21562,0,1,0.0,1,0,4,1
12,4,538,0,1,0.0,1,0,3,1
16,4,2146,0,1,0.0,1,1,1,1
6,5,1083,0,1,0.0,1,1,2,1
14,1,28355,0,1,0.0,1,1,3,0
11,1,12257,0,1,0.0,1,1,1,1
14,5,15814,1,1,0.0,1,1,1,1
12,1,232,0,1,0.0,1,1,1,1
12,3,11089,0,1,0.0,1,1,4,1
10,3,27760,2,1,0.0,1,1,2,1
14,6,20617,0,1,0.0,1,1,4,1
13,3,26286,0,1,0.0,1,1,1,0
14,0,14615,0,1,0.0,1,1,3,1
13,5,16358,0,1,0.0,1,1,3,1
12,6,10552,0,1,0.0,1,1,0,1
17,2,4847,0,1,0.0,1,1,4,1
11,4,14065,0,1,0.0,1,1,0,1
15,4,10975,2,1,0.0,1,1,4,1
16,4,0,0,1,5.0,1,0,3,0
8,1,1068,0,1,1.0,1,1,2,0
8,3,21541,0,1,0.0,1,1,4,0
13,0,5424,3,1,0.0,1,1,4,1
13,5,5384,0,1,0.0,1,1,4,0
12,0,12883,0,1,0.0,1,1,3,0
9,3,28423,0,1,0.0,1,1,4,0
16,2,16509,2,1,0.0,1,1,4,1
12,3,0,0,1,5.0,1,0,3,1
13,6,14552,0,1,0.0,1,0,4,1
6,2,3377,0,1,0.0,1,1,4,1
11,6,6265,0,1,0.0,1,1,0,1
7,4,5134,0,1,0.0,1,1,0,1
12,6,5953,0,1,1.0,1,1,2,0
16,4,14603,0,1,0.0,1,1,4,0
13,1,27051,0,1,0.0,1,1,4,1
17,3,6023,0,1,0.0,1,1,2,1
13,5,13540,0,1,0.0,1,0,4,1
9,5,6933,1,1,0.0,1,1,4,1
10,0,22273,0,1,1.0,1,0,3,1
12,6,24674,0,1,0.0,1,0,4,1
12,3,19019,0,1,0.0,1,1,3,1
12,5,26404,0,1,0.0,1,1,2,0
16,6,20065,0,1,0.0,1,1,3,0
14,6,620,0,1,0.0,1,1,4,0
14,5,22031,0,1,1.0,1,1,2,1
7,2,20907,0,1,0.0,1,1,3,0
16,4,243,0,1,0.0,1,1,4,1
9,3,24178,0,1,0.0,0,0,4,1
15,4,20065,0,1,0.0,1,1,0,1
17,6,415,0,1,0.0,1,1,2,1
16,1,4234,1,1,0.0,1,1,4,1
16,0,9546,0,1,0.0,1,1,2,0
9,4,7580,1,1,0.0,1,1,4,1
15,3,18013,0,1,0.0,1,1,2,1
14,0,4751,0,1,0.0,1,0,2,1
12,1,27771,1,1,0.0,1,1,3,1
7,4,3376,1,1,0.0,1,1,4,1
10,6,8984,0,1,0.0,1,1,3,1
13,1,6721,0,1,0.0,1,0,1,1
12,0,23313,0,1,0.0,1,0,2,1
14,4,24042,0,1,0.0,1,1,4,0
14,3,17721,0,1,0.0,1,1,1,1
13,0,18847,0,1,0.0,1,1,4,0
15,5,6248,2,1,0.0,1,1,1,1
14,0,14765,0,1,0.0,1,1,4,0
15,1,24341,1,1,0.0,1,1,4,1
10,0,10082,0,1,0.0,1,1,1,1
16,5,22497,0,1,0.0,1,1,0,1
11,3,768,0,1,0.0,1,1,2,0
7,3,21577,1,1,0.0,1,1,3,1
12,6,16167,0,1,0.0,1,1,0,1
14,1,9768,0,1,0.0,1,0,3,1
16,0,28624,0,1,0.0,1,1,3,1
7,3,7417,0,1,0.0,1,1,4,1
17,4,27048,0,1,0.0,1,1,4,1
15,5,20525,0,1,0.0,1,1,3,0
12,6,18235,0,1,0.0,1,1,3,1
11,1,12041,1,1,0.0,1,1,2,1
12,2,2751,2,1,0.0,1,1,0,1
10,0,14748,0,1,0.0,1,1,4,1
14,3,10720,0,1,0.0,0,0,1,0
9,5,9849,0,1,0.0,1,1,0,1
9,1,27017,0,1,0.0,1,1,3,1
9,5,24599,0,1,0.0,1,1,4,1
8,4,11904,0,1,0.0,1,1,3,1
9,1,4654,0,1,0.0,1,1,0,1
8,1,410,0,1,1.0,1,1,2,1
8,2,16632,0,1,0.0,1,1,2,0
10,6,4260,1,1,1.0,1,1,4,1
12,2,9614,0,1,0.0,1,1,1,0
9,3,15778,2,1,0.0,0,0,0,1
15,3,2546,0,1,0.0,1,1,4,1
15,6,14557,0,1,1.0,1,1,2,1
10,1,27708,2,1,0.0,1,1,4,1
15,0,10743,0,1,0.0,1,1,4,1
8,5,21941,0,1,0.0,1,1,0,1
15,6,10401,0,1,0.0,1,1,2,1
12,4,22126,0,1,1.0,1,1,2,1
12,3,15613,2,1,0.0,1,1,4,1
10,0,11152,2,1,0.0,1,1,3,1
13,2,12972,0,1,0.0,1,1,4,1
9,3,24580,3,1,0.0,0,0,4,1
14,1,28463,0,1,0.0,1,1,0,1
12,5,4945,0,1,0.0,1,1,1,1
17,0,19721,1,1,0.0,1,1,1,1
12,1,6698,0,1,0.0,1,1,3,1
14,2,22542,2,1,0.0,1,1,3,1
18,1,14215,0,1,0.0,1,0,0,0
11,0,3684,0,1,0.0,1,1,4,1
16,1,5847,1,1,0.0,1,1,2,1
17,1,8664,0,1,0.0,1,1,0,1
12,3,22299,0,1,0.0,1,1,2,1
9,3,2625,1,1,0.0,0,0,4,1
13,5,5001,0,1,0.0,1,1,3,0
13,5,9660,0,1,0.0,1,1,4,1
17,2,16014,0,1,1.0,1,1,4,0
11,4,980,0,1,0.0,1,1,3,0
8,0,26730,0,1,0.0,1,1,2,1
12,3,21965,2,1,0.0,1,1,2,1
15,4,7550,0,1,0.0,1,1,1,1
17,5,1231,0,1,1.0,1,1,2,1
12,3,7342,2,1,0.0,0,0,3,1
12,0,25058,0,1,1.0,1,1,3,0
17,4,16789,0,1,0.0,1,1,0,1
11,3,19295,0,1,0.0,1,1,3,1
11,2,1761,0,1,0.0,1,1,3,1
19,2,23516,0,1,0.0,1,1,0,0
9,3,22813,0,1,0.0,1,1,4,1
12,3,0,0,1,5.0,1,0,3,1
11,3,16803,0,1,0.0,1,1,3,1
18,2,11900,3,1,0.0,1,1,3,1
9,4,19469,0,1,0.0,0,0,0,1
9,4,17847,0,1,0.0,1,1,1,1
9,5,16792,1,1,0.0,1,1,0,1
8,6,3804,0,1,0.0,1,1,0,0
12,3,25330,0,1,0.0,1,1,2,1
14,4,971,0,1,0.0,1,1,0,1
12,1,7015,0,1,0.0,1,1,3,1
9,6,2043,0,1,0.0,1,1,3,1
7,0,7934,0,1,0.0,1,0,3,1
18,1,17663,0,1,0.0,1,0,2,1
7,5,8081,0,1,1.0,1,1,2,1
8,6,17732,0,1,0.0,1,1,2,1
16,1,18547,0,1,0.0,1,1,1,1
17,3,8599,0,1,0.0,1,1,3,1
10,4,26536,0,1,0.0,1,1,3,0
11,3,18583,0,1,0.0,1,1,3,1
12,0,13105,0,1,0.0,1,1,3,0
11,5,13984,0,1,0.0,1,1,1,1
7,4,0,0,1,2.0,1,0,3,1
12,4,6410,0,1,1.0,1,1,1,0
17,6,12432,0,1,0.0,1,1,2,1
13,6,2224,2,1,0.0,1,1,0,1
15,1,13282,0,1,0.0,1,1,1,1
12,6,26952,1,1,0.0,1,0,3,1
16,2,22995,1,1,0.0,1,1,0,1
14,2,2351,0,1,0.0,1,1,2,1
11,6,18847,0,1,0.0,1,1,0,1
11,5,2802,0,1,0.0,1,1,4,1
11,5,25402,0,1,1.0,1,1,4,0
12,6,27223,0,1,0.0,1,1,3,1
13,4,21923,0,1,0.0,1,1,0,1
10,6,10332,0,1,0.0,1,1,1,0
14,4,16350,1,1,0.0,1,1,3,1
15,4,23107,0,1,1.0,1,1,2,1
13,1,14226,0,1,0.0,1,1,2,1
16,3,18461,0,1,0.0,1,1,1,1
19,6,10068,2,1,0.0,1,1,2,1
7,2,20904,0,1,0.0,1,1,0,1
9,2,16792,0,1,0.0,1,1,4,1
12,2,15157,0,1,0.0,1,1,2,1
9,1,182,1,1,0.0,1,1,0,1
9,1,21180,0,1,0.0,1,1,4,1
19,1,27978,2,1,0.0,1,1,3,1
17,1,18939,0,1,0.0,1,1,3,1
10,4,15861,0,1,0.0,1,1,1,1
7,2,17004,0,1,0.0,1,1,0,0
8,4,8761,0,1,0.0,1,1,0,1
13,6,24279,0,1,0.0,1,1,3,1
13,2,28519,0,1,1.0,1,1,0,0
16,3,24643,0,1,0.0,1,1,0,1
12,6,847,2,1,0.0,1,0,4,1
14,4,3689,0,1,0.0,1,1,1,0
17,5,5176,1,1,0.0,1,1,1,1
15,5,15192,3,1,0.0,1,1,3,1
15,0,20931,0,1,0.0,1,1,4,1
16,2,6434,0,1,0.0,1,1,2,1
13,3,23373,0,1,0.0,1,1,4,1
14,6,17864,3,1,0.0,1,1,1,1
12,5,24297,0,1,0.0,1,1,4,1
16,0,8667,0,1,0.0,1,1,4,1
16,4,24146,0,1,0.0,1,1,4,1
11,3,9780,0,1,0.0,1,0,0,1
11,6,13200,0,1,0.0,1,1,1,0
11,2,16941,2,1,0.0,1,1,2,1
15,0,9432,0,1,0.0,1,1,2,1
14,0,4588,0,1,0.0,1,1,3,1
10,4,0,0,1,5.0,1,0,3,1
7,6,19127,3,1,0.0,1,1,0,1
9,0,23760,0,1,0.0,1,1,3,1
13,4,13422,0,1,0.0,1,1,4,1
9,0,6959,0,1,0.0,1,1,3,1
16,1,6900,0,1,0.0,1,1,1,1
13,0,23189,0,1,0.0,1,1,1,0
17,0,28349,1,1,1.0,1,1,3,1
17,6,13129,0,1,0.0,1,1,4,1
7,3,18518,0,1,0.0,1,1,3,1
12,6,21921,2,1,0.0,1,1,0,1
14,5,22526,0,1,0.0,1,1,0,1
9,5,3874,1,1,0.0,1,1,3,1
10,5,21457,1,1,0.0,1,1,1,1
14,5,18716,0,1,0.0,1,1,0,1
9,5,27779,0,1,0.0,1,1,3,1
10,4,799,0,1,1.0,1,1,0,1
13,3,8258,0,1,0.0,1,1,0,0
7,1,10673,0,1,0.0,1,1,4,1
14,5,23547,1,1,0.0,1,1,2,1
11,4,2161,0,1,0.0,1,0,4,1
8,3,23861,0,1,0.0,1,1,2,1
9,4,5562,0,1,0.0,1,1,1,1
13,5,13614,0,1,0.0,1,1,3,1
19,4,25139,0,1,0.0,1,1,4,1
8,1,20949,1,1,0.0,1,1,4,1
10,4,21068,0,1,0.0,1,1,2,1
17,1,17210,0,1,0.0,1,1,0,1
9,4,19283,0,1,0.0,1,1,3,1
15,1,11002,0,1,0.0,1,1,4,0
16,0,27951,3,1,0.0,1,1,3,1
17,4,14116,0,1,0.0,1,0,1,1
12,0,25199,0,1,0.0,0,1,1,1
12,0,9682,0,1,0.0,1,0,4,1
7,5,13647,0,1,0.0,1,1,3,0
11,1,15501,2,1,0.0,1,1,0,1
11,4,10425,2,1,0.0,1,1,0,1
15,5,2414,0,1,0.0,1,1,3,1
14,5,3758,0,1,0.0,1,1,4,1
14,2,16389,2,1,0.0,1,1,3,1
15,3,3288,0,1,0.0,1,0,2,1
16,5,27062,0,1,0.0,1,1,3,1
12,2,11601,0,1,0.0,1,0,2,1
12,3,18997,0,1,0.0,1,1,1,1
14,6,2239,0,1,0.0,1,1,0,1
6,0,26055,0,1,0.0,1,1,0,1
11,2,28777,0,1,0.0,1,1,1,0
14,0,2497,0,1,0.0,1,1,2,1
19,3,5823,1,1,0.0,0,1,0,1
15,1,23883,0,1,0.0,1,1,2,1
13,2,6103,0,1,0.0,1,1,2,1
13,5,627,0,1,0.0,1,1,4,0
11,6,8683,0,1,0.0,1,0,3,1
11,0,11526,0,1,0.0,1,1,2,0
16,3,13168,2,1,0.0,1,1,1,1
18,2,26800,0,1,0.0,1,1,3,1
14,0,8952,0,1,0.0,1,1,4,1
7,3,21611,0,1,0.0,1,1,4,1
16,1,20951,3,1,0.0,1,1,1,1
15,3,17112,0,1,0.0,1,1,3,1
14,1,25232,0,1,0.0,1,1,1,1
14,2,18718,0,1,0.0,1,1,3,1
12,3,4727,0,1,0.0,1,1,0,0
10,6,3862,0,1,0.0,1,1,3,1
10,6,15762,2,1,0.0,1,1,4,1
10,1,19948,2,1,0.0,1,1,1,1
12,0,2103,1,1,0.0,1,1,3,1
10,1,28164,1,1,0.0,1,1,1,1
12,0,4599,2,1,0.0,1,1,4,1
12,5,9061,0,1,0.0,1,0,2,1
16,0,9853,0,1,0.0,1,1,3,0
11,3,1762,0,1,0.0,1,1,3,1
12,2,21985,2,1,0.0,1,1,4,1
13,3,11056,1,1,0.0,1,1,1,1
10,2,825,3,1,0.0,1,1,4,1
17,4,25074,0,1,0.0,1,1,0,1
14,6,7332,1,1,0.0,1,1,4,1
18,2,14621,0,1,0.0,1,1,1,1
16,2,22368,0,1,1.0,1,0,2,0
18,1,13542,2,1,0.0,1,1,3,1
10,5,19411,0,1,0.0,1,1,4,1
12,1,4898,0,1,0.0,1,1,3,1
11,0,23209,0,1,0.0,1,1,3,0
13,4,21096,2,1,0.0,1,1,1,1
7,5,2960,0,1,0.0,1,0,3,0
15,4,0,0,1,5.0,1,0,3,1
13,3,6282,0,1,0.0,1,1,1,1
13,2,5413,2,1,0.0,1,1,1,1
13,4,23586,0,1,0.0,1,1,3,0
14,3,18411,2,1,0.0,1,0,2,1
6,3,22976,0,1,0.0,0,0,2,1
10,5,7567,0,1,0.0,1,1,2,1
13,6,3012,3,1,0.0,1,1,1,1
15,2,26489,0,1,0.0,1,1,3,0
7,0,15061,0,1,0.0,1,1,0,1
9,0,16852,0,1,0.0,1,1,1,1
16,4,21369,1,1,0.0,1,0,4,1
14,3,12096,0,1,0.0,1,0,3,0
14,1,15405,0,1,0.0,1,1,3,1
15,1,23711,0,1,1.0,1,1,2,1
19,4,26765,0,1,0.0,1,1,0,1
15,4,11900,0,1,0.0,1,0,3,0
14,4,0,0,1,5.0,1,0,3,1
10,6,26463,3,1,0.0,1,1,2,1
15,4,26679,0,1,0.0,1,1,0,1
12,3,17283,0,1,0.0,0,0,1,1
16,5,13809,0,1,0.0,1,1,3,0
15,5,12106,0,1,0.0,1,1,2,1
15,0,6988,0,1,0.0,1,1,0,1
8,3,2376,0,1,0.0,1,1,3,1
16,5,15255,0,1,0.0,1,1,3,1
10,6,25721,1,1,0.0,1,1,0,1
14,1,8834,0,1,0.0,1,1,2,1
8,3,20479,0,1,0.0,1,1,0,0
10,1,14949,0,1,0.0,1,1,3,1
9,1,13866,3,1,0.0,1,1,3,1
14,4,9464,0,1,0.0,1,0,0,1
10,3,8100,0,1,0.0,1,1,2,0
8,4,9836,0,1,0.0,1,1,1,1
15,0,1963,3,1,0.0,0,1,2,1
12,1,22334,0,1,0.0,1,1,0,1
14,3,7118,0,1,0.0,1,1,0,0
13,3,18150,0,1,0.0,1,1,3,1
15,2,28583,0,1,0.0,1,1,3,1
10,1,25704,0,1,0.0,1,1,4,1
9,4,11801,0,1,0.0,1,1,3,1
11,5,16618,0,1,0.0,0,0,2,1
12,5,22655,1,1,0.0,1,1,3,1
13,1,20463,1,1,0.0,1,1,3,1
14,6,1759,0,1,0.0,1,0,0,1
10,4,24450,0,1,1.0,1,1,4,1
9,5,11653,0,1,0.0,1,1,3,1
14,4,17884,0,1,0.0,1,1,2,0
15,3,22557,0,1,0.0,1,1,0,1
14,2,27558,3,1,0.0,1,1,1,1
11,1,12206,0,1,0.0,1,1,3,1
14,3,0,0,1,5.0,1,0,3,1
14,4,25677,0,1,0.0,1,1,2,1
10,2,630,0,1,0.0,1,0,2,1
16,5,20771,0,1,0.0,1,1,2,0
8,1,9546,0,1,0.0,1,1,0,1
16,0,9665,0,1,0.0,1,1,3,0
13,3,23455,1,1,0.0,1,1,4,1
12,2,2345,0,1,0.0,1,1,4,1
18,1,18794,1,1,0.0,1,0,2,1
13,4,8411,0,1,0.0,1,1,0,1
12,6,5493,0,1,0.0,1,1,4,1
9,4,3977,0,1,1.0,1,1,3,1
13,6,14322,0,1,0.0,1,1,2,1
16,2,1267,0,1,0.0,1,1,3,0
16,5,27665,0,1,0.0,1,1,4,1
13,4,6785,0,1,0.0,1,1,0,1
15,0,23004,2,1,0.0,1,0,3,1
15,1,26490,0,1,0.0,1,1,4,0
12,0,22032,0,1,0.0,1,1,3,1
17,0,3764,1,1,0.0,1,1,1,1
10,1,13699,0,1,0.0,1,1,0,0
9,5,7858,0,1,0.0,1,1,2,0
11,1,8915,0,1,1.0,1,1,0,0
15,3,9024,3,1,0.0,1,1,4,1
11,5,19476,0,1,0.0,1,1,2,1
12,4,2075,1,1,0.0,1,1,2,1
12,5,8492,0,1,0.0,1,1,4,1
13,6,4041,0,1,0.0,1,1,1,1
14,5,14831,0,1,0.0,1,1,1,1
19,6,10389,2,1,0.0,1,1,3,1
8,1,7904,3,1,0.0,1,1,0,1
12,6,22962,0,1,0.0,1,1,3,0
6,3,19659,0,1,0.0,1,1,4,1
13,2,11531,3,1,0.0,1,1,4,1
13,3,4075,3,1,1.0,1,1,1,1
8,6,273,0,1,0.0,1,1,3,1
9,0,3313,0,1,0.0,1,1,1,1
13,2,3259,0,1,0.0,1,1,0,1
16,5,19877,0,1,0.0,1,1,4,1
16,4,1647,0,1,0.0,1,1,0,0
18,3,26616,0,1,0.0,1,1,2,0
15,6,25228,0,1,0.0,1,1,3,1
17,0,21102,0,1,0.0,1,1,1,1
10,3,2409,2,1,0.0,1,1,0,1
11,2,26000,2,1,0.0,1,1,2,1
15,1,27758,0,1,0.0,1,1,1,1
14,6,25051,1,1,0.0,1,1,3,1
8,6,9039,0,1,0.0,1,1,4,1
18,2,11971,0,1,0.0,1,1,1,1
19,0,6265,0,1,0.0,1,1,3,1
14,4,24429,3,1,0.0,1,1,4,1
11,2,11298,0,1,0.0,1,1,1,1
12,5,22387,0,1,0.0,1,1,4,0
15,4,10391,0,1,0.0,1,1,1,0
6,2,24212,0,1,0.0,1,1,4,1
9,2,17571,0,1,0.0,1,1,1,1
13,4,521,0,1,0.0,1,1,4,1
9,0,6552,2,1,1.0,1,1,4,1
18,0,21662,0,1,0.0,1,1,1,1
15,4,1083,0,1,0.0,1,1,2,0
16,0,10867,0,1,1.0,1,0,1,1
8,5,20804,0,1,0.0,1,1,3,1
9,5,14072,1,1,0.0,1,1,2,1
13,4,8332,3,1,0.0,1,1,1,1
19,4,16796,0,1,0.0,1,0,1,1
15,2,8146,0,1,0.0,1,1,3,1
14,5,9594,0,1,1.0,0,1,3,1
12,1,260,0,1,0.0,1,1,0,0
20,6,18510,0,1,0.0,1,1,3,1
15,2,13922,0,1,0.0,1,1,3,1
12,5,11427,0,1,0.0,1,1,4,0
14,6,21057,0,1,1.0,1,1,3,1
11,1,4815,1,1,0.0,1,1,0,1
8,0,12262,0,1,0.0,1,1,3,0
11,2,10457,0,1,0.0,1,0,3,1
12,0,2770,0,1,0.0,1,1,3,1
9,4,22181,0,1,0.0,1,1,3,1
9,1,12478,0,1,0.0,1,1,1,1
15,4,19785,0,1,0.0,1,1,4,1
11,4,7983,0,1,0.0,1,1,4,1
8,6,27681,0,1,0.0,1,1,0,1
13,4,25383,0,1,0.0,1,1,4,0
7,0,14436,0,1,0.0,1,1,4,1
11,5,15349,0,1,1.0,0,1,3,1
12,3,27169,2,1,0.0,1,1,4,1
12,5,24636,0,1,0.0,1,1,1,0
15,3,11886,3,1,0.0,1,0,4,1
14,2,7436,0,1,0.0,1,1,3,1
8,0,11227,0,1,0.0,1,1,4,1
19,6,13576,0,1,0.0,1,1,0,0
16,2,21324,0,1,0.0,1,0,0,1
12,6,23052,0,1,0.0,1,1,0,1
15,2,25451,3,1,0.0,1,1,3,1
10,1,7823,0,1,0.0,1,1,2,1
10,3,14477,0,1,0.0,0,0,3,1
16,3,3210,0,1,0.0,1,1,1,1
12,2,15668,0,1,0.0,0,0,1,0
11,5,13198,0,1,0.0,1,1,0,1
7,0,704,0,1,0.0,1,1,2,1
14,5,18860,0,1,0.0,1,1,3,1
16,0,5653,0,1,0.0,1,1,4,1
14,3,11847,1,1,0.0,1,1,3,1
7,2,17307,2,1,0.0,1,1,0,1
10,5,27530,1,1,1.0,1,1,2,1
16,0,5271,0,1,0.0,1,0,0,1
12,0,27840,2,1,0.0,1,1,4,1
18,6,3842,0,1,0.0,1,1,4,0
13,0,17522,0,1,0.0,1,1,0,1
14,4,6084,0,1,0.0,1,1,1,0
13,5,13390,0,1,0.0,1,0,2,1
12,2,411,0,1,0.0,1,1,1,1
8,6,15539,3,1,0.0,1,1,2,1
16,0,13748,0,1,0.0,1,1,2,1
18,3,14886,0,1,0.0,0,0,3,1
11,2,27102,0,1,0.0,1,1,4,1
12,4,2130,2,1,0.0,1,1,0,1
14,4,1321,3,1,0.0,1,1,2,1
11,4,12079,0,1,0.0,1,1,3,1
13,4,819,0,1,0.0,1,1,2,1
12,4,20795,0,1,0.0,1,1,1,0
16,1,23968,0,1,0.0,1,1,3,1
14,5,25937,1,1,0.0,1,1,4,1
13,4,15386,0,1,0.0,1,1,2,1
13,5,22654,0,1,0.0,1,1,1,1
19,1,13412,0,1,0.0,1,1,3,1
10,3,12799,0,1,0.0,0,0,3,1
7,4,2211,0,1,0.0,0,0,4,1
7,1,8270,0,1,0.0,0,1,0,1
17,2,28687,0,1,0.0,1,1,1,1
13,1,2218,0,1,0.0,1,1,3,1
12,4,7595,0,1,2.0,1,1,1,1
9,4,1457,0,1,0.0,1,1,0,1
12,5,18941,0,1,0.0,1,1,2,0
14,4,10729,0,1,0.0,1,1,0,1
19,3,19346,0,1,0.0,1,1,1,1
10,6,10105,0,1,0.0,1,1,1,1
15,3,18564,0,1,0.0,1,1,4,1
10,5,17808,0,1,0.0,1,1,3,1
16,1,19568,1,1,0.0,1,1,3,1
10,2,11959,0,1,0.0,1,1,2,1
9,2,17575,0,1,0.0,1,1,3,1
14,3,865,1,1,0.0,1,0,3,1
11,2,5896,0,1,0.0,1,0,3,1
18,4,17293,0,1,0.0,1,1,2,1
12,1,13031,0,1,0.0,1,1,3,1
17,1,2466,0,1,0.0,1,1,4,1
15,3,3958,2,1,0.0,1,1,0,1
18,3,22985,3,1,0.0,1,1,4,1
11,0,2255,0,1,0.0,1,1,4,1
10,5,68,0,1,0.0,1,0,4,1
11,0,1957,0,1,0.0,1,1,1,1
13,1,5374,0,1,1.0,1,1,2,1
15,2,27326,0,1,0.0,1,1,0,1
9,1,6413,0,1,0.0,1,1,0,1
15,0,2143,2,1,0.0,1,1,3,1
16,2,17350,1,1,1.0,1,1,1,1
12,3,5045,0,1,0.0,1,0,4,1
13,2,17488,0,1,0.0,1,1,1,0
15,6,12914,0,1,0.0,1,1,2,1
19,4,8176,0,1,0.0,1,1,0,1
7,2,23122,3,1,0.0,1,1,1,1
13,3,12800,1,1,0.0,1,1,3,1
11,4,3185,0,1,0.0,1,1,2,1
17,0,26150,0,1,1.0,1,1,2,1
8,3,24338,0,1,0.0,1,1,0,1
12,6,17749,0,1,0.0,1,1,0,1
15,4,16171,0,1,0.0,1,1,0,1
9,3,6019,0,1,0.0,1,1,4,0
14,6,14821,0,1,0.0,1,1,0,1
16,1,10422,1,1,0.0,1,1,0,1
14,4,17256,0,1,0.0,1,1,0,0
13,1,16920,0,1,0.0,1,1,3,1
14,5,6166,1,1,0.0,1,1,3,1
13,3,0,0,1,5.0,1,0,3,0
10,1,17178,0,1,0.0,1,1,2,1
13,2,21637,1,1,0.0,1,1,2,1
12,5,1610,3,1,0.0,1,1,3,1
7,1,24124,0,1,0.0,1,1,0,1
14,4,0,0,1,5.0,1,0,3,1
13,6,22541,0,1,0.0,1,1,0,0
8,2,26299,2,1,0.0,1,0,3,1
16,4,7893,3,1,0.0,1,1,2,1
13,6,9731,0,1,0.0,1,1,2,1
12,5,18704,0,1,0.0,1,0,0,1
13,5,13049,0,1,0.0,1,1,3,1
9,4,21238,0,1,0.0,1,1,2,1
15,6,9263,3,1,0.0,1,1,3,1
11,0,525,0,1,0.0,1,1,2,0
8,1,24582,0,1,1.0,1,1,4,1
19,1,204,0,1,0.0,1,1,0,1
12,6,10061,0,1,0.0,1,1,1,1
11,4,21530,0,1,0.0,1,1,3,1
13,6,808,1,1,0.0,1,1,2,1
11,3,6290,0,1,0.0,1,1,3,1
16,4,16090,3,1,0.0,1,1,1,1
8,6,15114,0,1,0.0,1,1,3,1
19,5,11045,0,1,0.0,1,1,0,1
13,2,6465,0,1,0.0,1,1,2,1
13,0,6060,0,1,0.0,1,0,0,1
16,4,28409,0,1,0.0,1,1,3,0
14,4,5102,2,1,0.0,1,1,0,1
15,3,14172,0,1,0.0,1,1,4,0
15,1,3305,0,1,1.0,1,1,4,1
15,4,9055,0,1,0.0,1,1,2,0
18,1,10536,0,1,0.0,1,0,1,1
13,3,28697,0,1,0.0,1,1,4,1
6,0,23516,0,1,0.0,1,1,4,1
11,6,7262,0,1,0.0,0,1,4,0
11,2,13996,0,1,0.0,1,1,1,1
10,3,28353,0,1,0.0,1,1,2,0
14,3,22514,0,1,0.0,1,1,1,0
12,1,28442,0,1,0.0,1,0,2,1
13,6,25884,2,1,0.0,1,1,0,1
10,1,14037,0,1,0.0,1,1,3,1
16,1,15530,0,1,1.0,1,1,4,1
13,3,19290,0,1,0.0,1,1,0,1
12,4,2587,0,1,0.0,1,1,0,1
16,4,21441,0,1,0.0,1,1,2,1
8,3,4317,2,1,0.0,1,1,1,1
18,3,22754,1,1,0.0,1,1,3,1
16,3,13533,0,1,0.0,1,1,3,0
13,2,21174,0,1,0.0,1,1,2,1
12,0,26429,2,1,1.0,1,1,2,1
7,4,0,0,1,5.0,1,0,3,1
11,1,20033,2,1,1.0,1,1,1,1
14,6,17580,0,1,0.0,1,1,1,0
10,2,3594,0,1,0.0,1,1,1,1
14,5,16108,0,1,0.0,1,1,0,1
11,2,3161,0,1,0.0,1,1,3,1
14,4,4597,0,1,0.0,1,1,0,0
12,1,17362,0,1,0.0,1,1,4,1
15,6,22960,0,1,0.0,1,1,2,1
10,1,19281,0,1,0.0,1,1,3,1
14,1,7126,3,1,0.0,1,1,3,1
16,3,11197,0,1,1.0,1,1,3,1
14,5,210,2,1,0.0,1,1,0,1
16,1,26055,0,1,0.0,1,1,2,1
9,1,14773,0,1,0.0,1,1,1,1
14,6,14139,1,1,0.0,1,1,0,1
9,2,12257,0,1,0.0,1,0,2,1
14,3,766,2,1,0.0,1,1,0,1
16,0,19148,0,1,0.0,1,1,3,0
11,1,26434,0,1,0.0,1,1,1,1
16,5,24586,0,1,0.0,1,1,1,1
16,6,17274,2,1,2.0,1,1,4,1
8,5,2613,0,1,0.0,1,1,1,1
15,1,1146,0,1,0.0,1,1,1,1
10,6,23087,0,1,0.0,1,1,4,0
15,3,7615,3,1,0.0,1,1,3,1
13,3,0,0,1,5.0,1,0,3,0
10,4,1066,0,1,0.0,1,1,2,1
11,2,685,0,1,0.0,1,1,0,1
9,2,28286,0,1,0.0,1,1,0,0
15,4,13552,0,1,0.0,1,1,2,0
11,3,11797,0,1,0.0,1,1,4,1
13,0,17824,0,1,0.0,1,1,3,1
11,3,26415,0,1,1.0,1,1,1,1
11,3,5381,0,1,0.0,1,1,3,0
19,0,15804,0,1,0.0,1,1,2,0
11,2,28792,2,1,0.0,1,1,3,1
9,4,22812,0,1,0.0,1,0,3,1
16,3,16224,0,1,0.0,1,0,4,0
16,0,26855,0,1,0.0,1,1,4,1
14,5,22632,0,1,0.0,1,1,4,1
13,4,12462,0,1,0.0,1,0,2,1
13,4,0,0,1,5.0,1,0,3,1
13,0,3599,0,1,0.0,1,1,2,1
15,0,18784,1,1,0.0,1,1,4,1
16,4,14759,0,1,0.0,1,1,1,0
13,0,23682,0,1,0.0,1,1,1,1
14,4,9382,2,1,0.0,1,1,1,1
11,3,11647,0,1,0.0,1,1,4,1
14,0,26566,0,1,0.0,1,1,1,1
12,0,12916,0,1,0.0,1,1,4,1
6,0,10444,0,1,1.0,1,1,2,0
9,0,25892,0,1,0.0,1,0,0,1
14,5,19368,2,1,0.0,1,1,3,1
14,5,28720,1,1,0.0,1,1,0,1
10,6,6279,0,1,0.0,1,0,2,0
14,3,18949,3,1,0.0,1,1,4,1
12,3,10874,3,1,0.0,0,0,3,1
9,4,20047,0,1,0.0,1,1,4,0
13,1,22023,0,1,0.0,1,1,1,0
10,0,4336,0,1,0.0,1,1,1,1
13,3,15015,0,1,0.0,1,1,4,1
9,1,2216,0,1,0.0,1,1,3,1
16,5,1728,3,1,1.0,1,1,2,1
10,6,10748,2,1,0.0,1,1,1,1
17,2,5414,0,1,0.0,1,1,1,1
11,5,27264,0,1,0.0,1,1,3,0
15,6,11570,0,1,0.0,1,0,2,1
15,2,10214,1,1,0.0,1,1,3,1
15,3,8623,0,1,0.0,1,1,4,1
9,0,18560,0,1,1.0,1,1,2,1
15,2,27683,2,1,0.0,1,1,3,1
10,5,10770,0,1,0.0,1,1,0,1
10,2,2180,0,1,0.0,1,0,0,1
16,3,12360,0,1,0.0,1,1,3,1
13,1,24643,1,1,1.0,1,1,4,1
11,2,15930,0,1,0.0,1,1,0,1
10,0,13624,0,1,0.0,1,1,3,1
16,5,10535,0,1,0.0,1,1,0,0
11,2,12352,0,1,0.0,1,1,4,1
11,4,5659,0,1,0.0,1,1,4,1
18,0,525,0,1,0.0,1,1,0,1
10,0,26602,2,1,0.0,1,1,3,1
13,1,12069,0,1,0.0,1,1,4,0
8,2,10454,0,1,0.0,1,1,2,1
10,4,4594,0,1,0.0,1,1,0,1
13,3,23575,0,1,0.0,1,0,0,1
13,6,19745,0,1,0.0,1,1,1,1
16,0,22771,0,1,1.0,1,1,2,1
14,3,6694,0,1,0.0,1,1,1,1
11,2,24737,0,1,0.0,1,1,2,1
13,1,24177,2,1,0.0,1,1,1,1
7,1,1227,0,1,0.0,1,0,0,1
12,1,26004,2,1,0.0,1,1,4,1
13,3,20316,0,1,0.0,1,1,1,1
8,0,22481,0,1,0.0,1,1,3,0
16,6,14574,0,1,0.0,1,0,4,0
16,3,838,0,1,0.0,1,1,4,1
12,5,11417,0,1,0.0,1,1,4,1
15,1,26699,0,1,0.0,1,1,2,1
15,1,4568,0,1,0.0,1,1,3,0
14,5,12550,0,1,0.0,1,1,4,1
9,2,21480,0,1,0.0,1,1,4,1
15,4,2943,0,1,0.0,1,1,1,1
16,1,4216,0,1,0.0,1,0,0,1
14,0,24355,0,1,0.0,1,1,4,1
14,3,23830,0,1,0.0,1,1,2,0
15,0,14534,3,1,0.0,1,1,3,1
8,4,26509,2,1,2.0,1,1,4,1
9,1,10774,0,1,0.0,1,0,0,1
12,3,20052,3,1,1.0,1,1,3,1
10,3,0,0,1,5.0,1,0,3,1
19,5,25175,0,1,0.0,1,1,3,1
12,1,22762,0,1,0.0,1,1,2,1
18,4,12450,0,1,0.0,1,1,3,1
9,2,18513,0,1,0.0,1,1,2,1
17,3,10099,0,1,0.0,1,1,4,1
14,3,18884,1,1,0.0,1,1,1,1
13,4,16227,0,1,1.0,1,1,1,0
14,5,7487,0,1,0.0,1,1,1,1
16,3,15909,0,1,0.0,1,1,0,0
11,4,20073,3,1,0.0,1,1,0,1
11,1,26260,0,1,0.0,1,1,0,1
9,2,4966,0,1,0.0,1,1,0,1
10,4,8804,3,1,1.0,1,1,2,1
9,6,24999,0,1,0.0,1,1,1,0
14,5,27344,0,1,1.0,1,1,4,1
13,0,8607,0,1,0.0,1,1,3,0
10,6,17198,0,1,0.0,1,1,3,1
18,6,19619,0,1,0.0,1,0,3,1
13,2,14708,0,1,0.0,1,1,1,0
13,3,4526,3,1,0.0,1,1,2,1
15,3,23184,0,1,0.0,1,1,0,1
9,4,22583,2,1,1.0,1,1,3,1
14,4,11423,0,1,0.0,1,1,3,1
12,0,26370,0,1,1.0,1,1,1,1
12,5,9953,2,1,0.0,1,1,4,1
13,0,24249,2,1,0.0,0,1,1,1
19,3,18343,0,1,0.0,1,1,3,0
7,1,21079,0,1,1.0,1,1,2,1
9,1,12453,2,1,0.0,1,1,3,1
11,3,21025,0,1,0.0,1,1,2,1
11,4,5670,3,1,0.0,1,1,3,1
10,6,12430,0,1,0.0,1,1,2,1
8,5,19734,0,1,0.0,1,1,0,1
18,4,10323,0,1,0.0,1,1,4,1
16,5,3534,0,1,0.0,1,1,3,1
13,4,15735,0,1,0.0,1,1,0,1
12,6,22566,0,1,0.0,1,1,4,1
12,6,7095,0,1,0.0,1,1,3,1
12,5,3174,0,1,0.0,1,1,2,1
10,4,8254,2,1,1.0,1,1,4,1
15,3,5856,0,1,0.0,1,1,0,0
17,3,17009,1,1,1.0,1,1,3,1
19,3,21390,1,1,0.0,1,1,4,1
8,4,2046,0,1,0.0,1,0,0,1
13,0,9967,1,1,0.0,1,1,2,1
11,2,420,0,1,0.0,1,1,4,1
15,2,21656,2,1,0.0,1,1,1,1
13,3,4248,0,1,1.0,1,1,3,1
13,1,2205,0,1,0.0,1,1,2,0
12,5,3727,0,1,1.0,1,0,3,0
12,6,26114,0,1,0.0,1,0,1,1
13,4,4594,0,1,0.0,1,0,2,1
8,5,2458,0,1,0.0,1,1,3,0
16,5,2708,0,1,0.0,1,1,1,1
5,3,0,0,1,5.0,1,0,3,1
11,5,2010,1,1,0.0,1,1,0,1
18,3,6118,1,1,0.0,1,1,0,1
14,3,4167,1,1,0.0,0,1,4,1
10,5,28442,0,1,0.0,1,1,0,1
11,0,26396,0,1,0.0,1,1,3,1
13,5,24867,0,1,0.0,1,1,1,0
19,1,25730,3,1,0.0,1,1,0,1
14,6,28633,0,1,0.0,1,1,4,1
11,6,27945,3,1,0.0,1,1,3,1
11,5,7963,0,1,0.0,1,1,3,1
9,3,15868,0,1,0.0,1,1,2,1
10,2,24377,3,1,0.0,1,1,0,1
14,3,7855,0,1,0.0,1,1,1,1
17,0,24214,0,1,0.0,1,1,0,1
10,3,13759,0,1,0.0,1,1,3,1
14,1,18895,2,1,0.0,1,1,1,1
13,4,18140,0,1,0.0,1,1,4,1
9,3,28282,0,1,0.0,0,0,1,0
12,5,17355,0,1,0.0,1,1,3,0
13,5,6454,0,1,0.0,1,1,3,1
13,3,26402,3,1,0.0,1,0,3,1
11,0,12663,0,1,0.0,1,1,1,1
12,4,18480,0,1,0.0,1,1,4,1
7,4,13202,0,1,0.0,1,1,3,1
9,4,9538,3,1,0.0,1,1,3,1
10,3,13801,0,1,0.0,1,1,0,1
8,3,16551,2,1,0.0,1,1,4,1
6,4,7054,0,1,0.0,1,1,4,1
9,5,18670,0,1,0.0,1,0,3,1
9,3,15057,0,1,0.0,1,1,4,0
8,1,15030,0,1,0.0,1,1,4,1
13,2,27631,0,1,0.0,1,0,2,1
17,5,5770,2,1,0.0,1,0,2,1
8,2,18308,0,1,0.0,1,1,4,1
16,6,13401,0,1,0.0,1,1,3,1
7,3,10529,0,1,0.0,1,1,3,1
12,5,22439,2,1,0.0,1,1,4,1
14,6,15916,1,1,0.0,1,1,2,1
13,1,12938,1,1,0.0,1,1,4,1
13,1,20842,0,1,1.0,1,1,2,1
13,2,861,0,1,0.0,1,1,3,1
17,1,5809,3,1,0.0,1,1,1,1
15,5,18699,2,1,0.0,1,1,1,1
11,4,26300,2,1,0.0,1,1,0,1
15,0,26612,0,1,0.0,1,1,4,1
12,4,17188,0,1,0.0,1,1,1,1
13,3,14892,0,1,1.0,1,1,3,1
20,6,4453,1,1,0.0,1,1,4,1
15,6,20388,0,1,1.0,1,1,1,1
12,1,2897,0,1,0.0,1,1,0,1
9,2,3485,0,1,0.0,1,1,1,1
14,0,23001,0,1,0.0,1,1,3,1
9,2,27988,2,1,0.0,1,1,4,1
8,3,18826,0,1,0.0,0,0,0,1
12,3,0,0,1,5.0,1,0,3,1
16,6,13428,0,1,0.0,1,1,0,1
6,0,12926,0,1,0.0,1,1,0,1
12,5,1193,0,1,1.0,1,1,4,1
18,1,4828,0,1,0.0,1,0,4,0
18,3,21767,0,1,0.0,1,1,2,1
8,0,20941,0,1,1.0,1,1,0,0
14,1,8321,2,1,0.0,1,0,1,1
9,5,4868,1,1,0.0,1,1,4,1
15,2,21658,1,1,0.0,1,1,0,1
16,5,17279,0,1,0.0,1,1,4,0
8,3,19205,0,1,0.0,1,1,2,1
10,4,21637,0,1,1.0,1,1,4,0
7,1,17643,0,1,0.0,1,1,3,1
14,3,3530,0,1,0.0,0,1,1,1
15,5,25814,2,1,0.0,1,0,0,1
16,6,17570,0,1,0.0,1,1,4,0
8,4,0,0,1,5.0,1,0,3,1
16,0,11636,3,1,0.0,1,1,0,1
9,2,27858,0,1,0.0,1,1,3,1
16,2,23897,0,1,0.0,1,1,1,1
16,2,25251,0,1,1.0,1,1,4,0
15,4,11661,0,1,0.0,1,0,4,1
14,3,20487,0,1,0.0,1,1,3,1
8,1,538,1,1,0.0,1,1,0,1
9,0,10000,0,1,0.0,1,1,1,1
16,3,4124,0,1,0.0,1,1,0,1
7,4,24345,0,1,0.0,1,1,2,1
11,6,13721,0,1,0.0,1,1,3,1
12,3,3366,3,1,1.0,0,0,1,1
19,2,18944,0,1,0.0,1,1,2,1
8,0,26808,0,1,0.0,1,1,4,1
14,6,6980,0,1,0.0,1,1,2,1
6,4,22464,0,1,1.0,1,1,0,0
14,4,16966,2,1,0.0,1,1,0,1
17,6,1865,0,1,0.0,1,1,4,1
6,1,24400,2,1,0.0,1,1,2,1
12,1,12988,0,1,0.0,1,1,1,1
13,4,7617,0,1,0.0,1,1,4,1
8,1,7501,0,1,0.0,1,1,4,1
12,3,11236,0,1,0.0,1,1,0,1
15,1,17408,3,1,0.0,1,1,0,1
7,1,11562,0,1,0.0,1,0,0,1
16,4,1730,0,1,0.0,1,1,4,1
17,3,23267,0,1,0.0,1,1,4,1
6,1,25965,0,1,0.0,1,1,2,0
13,1,3882,0,1,0.0,1,1,0,1
14,0,13826,0,1,0.0,1,1,0,1
17,1,18432,1,1,0.0,1,1,1,1
14,0,15911,1,1,0.0,1,1,2,1
15,4,21479,2,1,0.0,0,1,3,1
13,4,1192,1,1,0.0,1,1,4,1
15,2,836,0,1,0.0,1,1,0,1
12,2,11486,1,1,0.0,1,1,0,1
15,2,5750,0,1,0.0,1,1,1,1
9,2,8804,0,1,0.0,1,1,0,1
11,0,1673,0,1,0.0,1,1,4,1
10,4,24183,3,1,0.0,1,1,3,1
13,1,3285,0,1,0.0,1,1,2,1
11,2,2435,1,1,0.0,1,0,3,1
10,4,24015,0,1,0.0,1,1,1,1
18,4,9779,3,1,0.0,1,0,1,1
14,6,18159,2,1,0.0,1,1,0,1
15,5,22399,0,1,0.0,1,1,2,0
14,1,25034,0,1,0.0,1,1,2,1
10,4,3276,0,1,0.0,1,1,2,1
17,4,25436,0,1,0.0,1,1,3,1
14,2,20507,0,1,0.0,1,1,1,0
7,2,25545,0,1,0.0,1,1,4,1
13,6,7716,1,1,0.0,1,1,0,1
18,1,3227,0,1,0.0,1,1,1,0
17,6,26546,0,1,0.0,1,1,0,1
13,0,5171,0,1,0.0,1,1,0,1
13,1,18702,2,1,0.0,1,1,0,1
10,3,14158,0,1,0.0,0,0,4,1
19,3,5000,0,1,0.0,1,1,2,1
15,1,3781,0,1,0.0,1,0,3,1
12,6,1970,2,1,0.0,1,1,2,1
14,5,18490,0,1,0.0,1,1,4,1
11,6,20529,0,1,0.0,1,1,4,1
9,5,21557,0,1,0.0,1,1,0,0
11,1,16728,0,1,0.0,1,1,4,1
16,5,4319,0,1,0.0,1,1,1,1
15,4,21600,0,1,0.0,1,0,0,1
12,6,27122,1,1,0.0,1,1,2,1
15,0,28221,3,1,0.0,1,1,1,1
11,4,26331,0,1,0.0,1,0,2,1
15,4,16850,2,1,0.0,1,1,1,1
12,3,3842,1,1,1.0,1,1,2,1
15,2,5688,0,1,0.0,1,1,1,0
11,1,89,0,1,0.0,1,1,4,1
15,1,21286,0,1,0.0,1,1,4,1
9,4,26893,0,1,0.0,1,1,1,1
16,3,1995,0,1,0.0,1,1,4,1
14,2,21755,0,1,0.0,1,1,1,1
10,6,8878,2,1,0.0,1,1,2,1
13,0,28463,2,1,0.0,1,1,0,1
13,5,27012,0,1,0.0,1,1,2,0
14,3,6955,0,1,0.0,1,1,0,1
10,3,447,0,1,0.0,1,1,0,0
12,2,1926,0,1,0.0,1,0,4,0
5,3,0,0,1,4.0,1,0,3,1
6,2,27248,0,1,0.0,1,1,2,1
18,6,3483,0,1,0.0,1,1,3,1
12,5,2984,1,1,0.0,1,1,1,1
8,4,15393,0,1,0.0,1,1,2,0
9,1,11375,0,1,0.0,1,1,4,1
15,0,15466,2,1,0.0,1,1,4,1
15,3,18531,0,1,0.0,1,1,2,0
16,4,3813,0,1,0.0,1,1,2,0
16,1,5513,0,1,1.0,1,1,4,1
13,4,3849,3,1,1.0,1,1,1,1
13,5,19882,0,1,0.0,1,1,2,1
16,4,9356,0,1,0.0,1,1,3,1
6,3,12889,2,1,0.0,1,1,2,1
8,4,22337,0,1,1.0,1,1,0,1
18,5,22523,0,1,0.0,1,1,3,1
10,0,25919,0,1,0.0,1,1,2,1
11,4,1283,2,1,0.0,1,1,4,1
17,0,20761,2,1,1.0,1,1,1,1
15,2,10097,0,1,1.0,1,1,1,1
15,4,11059,0,1,0.0,1,1,3,0
11,4,10282,2,1,0.0,1,0,1,1
13,1,24938,0,1,0.0,1,1,4,1
17,5,17833,2,1,0.0,1,1,1,1
17,0,18117,0,1,0.0,1,1,4,1
13,5,9468,1,1,0.0,1,1,4,1
8,1,4867,0,1,0.0,1,1,3,1
12,5,27595,0,1,0.0,1,1,3,1
11,2,13366,0,1,0.0,1,1,2,1
12,2,9913,1,1,0.0,1,0,1,1
17,3,4488,3,1,0.0,1,1,1,1
9,6,26932,2,1,0.0,1,1,0,1
18,1,28783,0,1,0.0,1,1,3,0
9,5,6510,0,1,0.0,1,1,1,1
13,2,3547,0,1,0.0,1,1,4,1
16,3,11233,2,1,0.0,1,1,2,1
15,4,15353,0,1,0.0,1,1,2,1
13,6,6573,0,1,0.0,1,1,4,1
10,3,23631,0,1,0.0,1,1,4,1
17,3,17333,0,1,0.0,1,1,4,0
15,4,0,0,1,4.0,1,0,3,1
12,4,2748,0,1,0.0,1,1,1,1
12,2,18968,0,1,0.0,1,1,3,1
11,0,18750,0,1,0.0,1,1,2,1
17,3,4436,0,1,0.0,1,1,1,1
8,0,27681,1,1,0.0,1,1,0,1
9,3,6540,2,1,1.0,1,1,1,1
14,6,19565,0,1,0.0,1,0,3,1
12,6,24884,0,1,0.0,1,1,3,0
8,0,22884,0,1,0.0,1,1,2,1
14,5,7708,0,1,0.0,1,1,3,1
10,3,4826,0,1,0.0,1,1,0,1
12,5,5227,0,1,0.0,1,1,0,1
15,6,18612,0,1,0.0,1,1,0,1
13,4,8900,2,1,0.0,1,1,3,1
16,6,15288,3,1,0.0,1,1,3,1
9,6,16723,0,1,0.0,1,1,1,1
11,4,23017,0,1,1.0,1,1,2,0
12,5,20994,0,1,0.0,1,1,4,1
13,5,13400,0,1,0.0,1,1,3,0
16,0,26008,0,1,0.0,1,1,3,0
8,6,12457,0,1,0.0,1,1,3,1
12,3,26879,3,1,0.0,1,1,2,1
12,0,26419,0,1,0.0,1,1,3,0
6,4,28592,0,1,0.0,1,1,2,0
9,4,7673,0,1,0.0,1,0,2,1
8,0,18958,0,1,0.0,1,1,1,1
12,2,9911,2,1,1.0,1,1,0,1
18,2,28689,0,1,0.0,1,1,3,1
18,5,23442,1,1,1.0,1,1,1,1
8,3,12308,0,1,0.0,1,1,1,0
16,6,13185,0,1,0.0,1,1,1,0
11,0,18021,3,1,0.0,1,1,0,1
13,4,27972,0,1,0.0,1,1,4,1
14,5,320,0,1,0.0,1,1,0,0
17,0,9604,3,1,0.0,1,1,1,1
18,5,731,0,1,0.0,1,0,2,1
19,3,24686,2,1,0.0,1,1,2,1
11,5,17590,0,1,0.0,1,1,4,1
12,6,4633,0,1,1.0,1,1,3,1
13,4,21990,0,1,0.0,1,0,3,0
11,6,6424,3,1,0.0,1,1,3,1
6,4,10526,2,1,0.0,1,1,4,1
12,5,14961,0,1,0.0,1,1,3,0
12,5,27687,0,1,0.0,1,1,4,0
11,3,11427,0,1,0.0,1,1,3,1
12,6,11188,0,1,0.0,1,0,3,1
10,6,10108,0,1,0.0,1,1,0,0
9,6,21283,1,1,0.0,1,1,2,1
10,1,8481,0,1,0.0,1,1,2,1
12,1,2236,0,1,0.0,1,1,0,1
11,1,10323,2,1,0.0,1,1,2,1
8,1,3744,0,1,0.0,1,1,4,1
14,3,4836,0,1,0.0,0,1,3,1
15,3,17200,2,1,0.0,1,1,4,1
17,3,19097,0,1,0.0,1,1,2,0
15,5,19916,0,1,0.0,1,0,1,0
11,6,23729,0,1,0.0,1,1,4,1
16,4,23407,0,1,0.0,1,1,4,1
13,3,10139,0,1,0.0,1,1,3,1
13,0,20962,0,1,0.0,0,1,3,1
16,4,10045,0,1,0.0,1,0,0,0
12,0,15663,0,1,0.0,1,1,0,1
14,0,26230,0,1,0.0,1,1,4,1
9,1,19482,2,1,1.0,1,0,1,1
14,1,26828,1,1,0.0,1,1,1,1
11,0,3104,0,1,1.0,1,1,3,1
16,2,3217,0,1,0.0,1,1,1,1
12,4,11924,1,1,0.0,1,1,0,1
15,6,11554,0,1,0.0,1,1,4,1
8,5,19270,0,1,0.0,1,1,3,1
12,0,9533,0,1,0.0,1,1,4,1
15,2,14924,0,1,0.0,1,1,0,0
15,3,19335,0,1,1.0,1,1,3,0
8,3,19143,0,1,1.0,1,1,2,1
12,4,13508,0,1,0.0,1,1,2,1
14,0,18028,0,1,0.0,1,1,3,0
14,5,9688,0,1,0.0,1,1,2,1
12,6,10844,3,1,0.0,1,1,0,1
16,0,4109,0,1,0.0,1,1,0,0
11,4,6621,0,1,0.0,1,1,0,1
13,5,22695,0,1,0.0,1,1,3,1
11,2,5188,1,1,0.0,1,1,2,1
6,2,19509,0,1,0.0,1,1,3,1
13,1,7079,2,1,0.0,1,1,1,1
13,1,20136,0,1,0.0,1,1,0,1
16,1,24910,0,1,0.0,1,1,1,1
13,1,12351,0,1,0.0,1,1,3,1
13,6,12254,2,1,0.0,1,1,1,1
15,6,650,0,1,0.0,1,1,0,1
14,4,11628,0,1,0.0,1,1,0,1
10,4,11259,0,1,0.0,1,0,1,0
20,3,15728,3,1,0.0,1,1,0,1
11,1,1842,0,1,0.0,1,1,0,1
12,6,7113,0,1,0.0,1,1,4,1
16,6,25116,0,1,0.0,1,1,3,1
14,4,0,0,1,5.0,1,0,3,1
12,1,7141,2,1,0.0,1,1,0,1
12,0,4976,2,1,0.0,1,1,1,1
14,3,17901,0,1,0.0,1,1,0,1
12,4,720,0,1,0.0,1,1,2,0
8,0,8920,2,1,1.0,1,1,2,1
9,6,6883,0,1,0.0,1,1,4,1
13,5,21390,0,1,0.0,1,1,0,1
13,4,5609,0,1,0.0,1,1,4,1
9,5,2076,0,1,0.0,1,1,3,1
17,6,14112,1,1,0.0,1,1,4,1
16,1,5457,0,1,0.0,1,1,2,1
6,3,6009,0,1,0.0,1,1,3,1
15,6,4768,0,1,0.0,1,0,3,1
11,4,15948,0,1,0.0,1,1,4,1
17,0,10805,0,1,0.0,1,1,1,1
16,4,21535,0,1,0.0,1,1,1,1
14,4,17400,0,1,4.0,1,1,0,1
6,6,4066,0,1,0.0,1,1,1,1
14,3,14720,0,1,0.0,1,0,2,1
8,5,25067,2,1,0.0,1,1,4,1
15,2,20175,2,1,0.0,1,1,0,1
13,4,27612,0,1,0.0,1,1,2,1
12,2,19953,0,1,0.0,1,1,2,1
10,6,19797,0,1,0.0,1,1,2,0
14,4,105,0,1,0.0,1,1,3,1
12,2,24351,1,1,0.0,1,0,4,1
15,5,5049,0,1,0.0,1,1,3,1
9,1,13378,0,1,0.0,1,1,2,0
16,4,5786,0,1,0.0,1,1,1,1
9,4,19471,0,1,0.0,1,1,2,1
15,0,28421,0,1,0.0,1,1,4,0
15,0,11134,0,1,0.0,1,0,1,1
15,3,27236,0,1,0.0,1,1,3,1
17,0,21558,0,1,0.0,1,1,3,0
18,4,21048,0,1,0.0,1,1,3,0
7,3,4410,0,1,1.0,1,1,4,0
14,4,3987,0,1,0.0,1,0,3,1
17,6,12105,0,1,0.0,1,1,2,1
7,0,2428,0,1,0.0,1,1,3,1
10,3,11979,2,1,1.0,1,1,1,1
17,1,4581,0,1,0.0,1,1,4,1
14,4,18400,2,1,0.0,1,1,0,1
12,3,0,0,1,5.0,1,0,3,1
13,6,26784,1,1,0.0,1,1,2,1
14,1,1201,0,1,0.0,1,1,1,1
17,0,17601,0,1,1.0,1,1,1,1
9,6,14641,0,1,0.0,1,1,2,0
13,0,7831,0,1,0.0,1,1,4,1
18,6,21853,1,1,0.0,1,1,1,1
17,3,5178,0,1,0.0,1,1,4,1
13,4,7848,0,1,0.0,1,1,0,1
15,1,19260,0,1,0.0,1,1,2,0
13,0,25097,0,1,0.0,1,1,2,0
15,3,23319,0,1,0.0,1,1,2,1
12,5,4666,0,1,0.0,1,1,4,1
18,1,11401,0,1,0.0,1,1,3,1
15,4,13594,0,1,0.0,1,1,2,0
9,4,17957,0,1,0.0,1,1,3,0
8,1,26283,0,1,0.0,1,1,4,1
13,3,3520,0,1,0.0,1,1,3,1
11,5,18683,0,1,0.0,1,0,3,1
13,0,14809,0,1,0.0,1,1,3,0
8,5,13835,0,1,0.0,1,1,4,1
15,3,2978,0,1,0.0,1,1,0,1
14,1,27759,0,1,0.0,1,1,1,1
15,0,6306,3,1,0.0,1,1,0,1
6,6,7152,0,1,0.0,1,1,0,1
17,0,20009,0,1,0.0,1,1,4,1
9,6,2580,3,1,0.0,1,1,3,1
12,5,28706,0,1,0.0,1,1,3,1
12,3,19986,0,1,0.0,1,1,0,1
13,1,20519,2,1,0.0,1,1,3,1
10,6,22677,0,1,0.0,1,1,1,1
9,0,2535,0,1,0.0,1,1,2,1
15,3,27660,0,1,0.0,1,1,0,1
12,4,16662,0,1,0.0,1,1,3,0
18,3,22417,0,1,0.0,1,1,3,0
12,5,20078,0,1,0.0,1,1,3,1
16,0,27797,0,1,0.0,1,1,3,1
10,3,5359,0,1,0.0,0,0,3,0
11,6,9493,0,1,0.0,1,1,3,1
13,5,22022,0,1,0.0,1,1,1,1
9,5,23439,0,1,0.0,1,1,3,1
15,3,0,0,1,2.0,1,0,3,1
9,4,19479,1,1,0.0,1,1,2,1
14,3,22185,0,1,0.0,1,1,1,0
7,4,20546,0,1,0.0,1,1,0,1
17,4,19683,2,1,1.0,1,1,3,1
14,0,21009,0,1,0.0,1,1,4,1
15,3,4536,0,1,0.0,1,1,0,1
15,0,16304,2,1,0.0,1,0,4,1
17,0,24594,0,1,1.0,1,1,4,1
12,1,22576,0,1,1.0,1,1,2,1
16,2,19208,0,1,0.0,1,1,4,1
13,5,6083,3,1,0.0,1,1,2,1
10,6,17152,2,1,0.0,1,1,0,1
11,4,28246,0,1,0.0,1,1,4,1
12,3,20652,0,1,0.0,1,1,2,1
15,4,25724,0,1,0.0,0,0,4,0
10,1,12425,0,1,0.0,1,1,3,1
12,3,7140,0,1,0.0,1,0,0,0
17,1,2935,0,1,0.0,1,1,1,1
10,1,17073,1,1,0.0,1,1,1,1
17,5,24322,0,1,0.0,1,0,1,1
10,4,4215,0,1,1.0,1,0,3,1
14,5,9034,0,1,0.0,1,1,2,1
10,5,18953,0,1,0.0,1,1,3,1
12,0,28150,0,1,0.0,1,1,0,1
11,5,12276,0,1,0.0,1,0,3,0
11,2,23682,3,1,0.0,1,0,2,1
17,6,15372,0,1,0.0,1,1,3,1
7,3,28793,2,1,0.0,1,1,4,1
11,6,23165,0,1,0.0,1,0,4,1
12,6,5289,1,1,0.0,1,1,0,1
10,4,24063,0,1,1.0,1,1,4,1
15,4,0,0,1,5.0,1,0,3,1
12,6,18588,0,1,0.0,1,1,1,0
8,3,6632,0,1,0.0,1,1,2,1
12,4,5032,0,1,0.0,1,1,3,0
8,6,8511,0,1,1.0,1,0,3,1
10,1,15529,3,1,0.0,1,0,4,1
13,3,26596,0,1,1.0,1,1,2,1
11,5,9570,0,1,0.0,1,1,2,0
8,2,20112,0,1,0.0,1,1,4,1
8,3,772,0,1,0.0,1,1,0,1
15,5,6629,0,1,0.0,1,1,4,0
16,4,25329,0,1,1.0,1,1,3,1
12,0,6054,0,1,0.0,1,1,3,0
15,5,9715,0,1,1.0,1,1,3,1
15,2,542,0,1,0.0,1,1,3,1
14,1,22385,1,1,0.0,1,1,2,1
13,2,24329,0,1,0.0,1,1,0,1
18,4,17409,0,1,0.0,1,1,4,0
13,6,18221,0,1,0.0,1,1,3,1
12,1,5900,2,1,0.0,1,1,3,1
12,0,5231,0,1,0.0,1,1,4,0
9,4,7276,1,1,0.0,1,1,3,1
12,4,10678,0,1,0.0,1,0,0,1
15,3,17664,0,1,0.0,0,1,3,0
14,2,1045,1,1,0.0,1,1,4,1
17,2,26905,0,1,0.0,1,1,3,1
10,3,20649,0,1,0.0,1,1,4,1
18,5,20947,0,1,0.0,1,1,2,0
10,5,16471,0,1,0.0,1,0,4,1
15,3,27213,0,1,1.0,1,1,4,1
14,5,5080,0,1,0.0,1,1,1,1
9,3,12729,0,1,0.0,1,1,2,1
13,5,21428,3,1,0.0,1,1,3,1
12,0,18077,0,1,0.0,1,0,4,0
16,0,16993,0,1,0.0,1,1,4,1
18,4,21919,2,1,0.0,1,1,4,1
10,2,23280,0,1,0.0,1,1,1,1
11,1,10663,0,1,0.0,1,1,3,1
13,5,1624,0,1,0.0,1,0,1,0
11,2,13270,0,1,0.0,1,1,1,1
13,3,26820,0,1,0.0,1,1,1,1
14,2,12885,0,1,0.0,1,0,3,1
12,6,10503,0,1,0.0,1,1,4,1
10,4,17013,0,1,0.0,1,1,0,0
13,3,25027,0,1,0.0,1,1,0,1
10,2,881,0,1,1.0,1,1,4,1
12,3,0,0,1,5.0,1,0,3,1
19,3,7018,0,1,0.0,1,1,2,0
14,0,26640,0,1,0.0,1,1,3,0
15,5,15010,1,1,1.0,1,1,3,1
14,0,10042,0,1,0.0,1,1,3,1
7,6,7738,0,1,0.0,1,1,2,1
15,0,5040,0,1,0.0,1,0,2,0
9,4,25717,0,1,0.0,1,1,3,1
12,5,4389,0,1,0.0,1,1,2,1
10,5,10669,3,1,0.0,1,1,1,1
18,1,3038,0,1,1.0,1,1,1,1
14,1,16396,3,1,0.0,1,1,2,1
15,3,14035,0,1,0.0,1,1,0,1
12,4,11868,2,1,0.0,1,1,0,1
10,6,17546,0,1,0.0,1,1,2,1
11,5,3248,0,1,0.0,1,0,3,1
17,3,19460,1,1,0.0,1,1,4,1
14,0,21964,2,1,0.0,1,1,1,1
18,0,18672,0,1,0.0,1,1,2,0
12,1,19326,2,1,0.0,1,1,4,1
17,6,4497,0,1,0.0,1,1,0,1
14,6,23838,0,1,0.0,1,1,2,0
10,5,19469,1,1,0.0,1,1,1,1
15,6,25255,0,1,0.0,1,0,0,1
13,3,9965,0,1,0.0,1,1,3,0
13,1,8832,0,1,0.0,1,1,4,0
10,1,22218,0,1,0.0,1,1,0,1
10,2,2062,2,1,0.0,1,0,1,1
16,3,12668,3,1,0.0,1,1,2,1
13,3,1544,0,1,0.0,1,1,3,1
13,0,11678,0,1,0.0,1,1,2,1
11,3,1704,0,1,0.0,1,1,0,1
20,3,12322,1,1,0.0,1,1,2,1
11,2,4495,0,1,0.0,1,1,4,1
17,3,26236,0,1,0.0,1,1,4,1
12,3,2002,0,1,0.0,1,1,2,1
13,4,21042,0,1,0.0,1,1,1,1
15,2,17521,3,1,0.0,1,1,2,1
15,2,27124,0,1,1.0,1,1,2,1
10,6,24069,0,1,0.0,1,1,1,1
13,0,23589,2,1,0.0,1,0,3,1
7,3,0,0,1,5.0,1,0,3,1
17,3,155,0,1,0.0,1,1,4,1
15,2,20241,0,1,0.0,1,1,1,1
12,5,23809,0,1,0.0,1,1,0,1
12,4,23356,0,1,0.0,1,1,3,1
9,3,2224,0,1,0.0,1,0,3,1
7,4,4469,0,1,0.0,1,1,2,1
16,3,27826,0,1,0.0,1,1,3,1
11,4,1717,0,1,0.0,1,1,2,1
10,3,14723,0,1,0.0,1,1,0,1
17,2,7465,0,1,0.0,1,1,2,1
12,1,23438,2,1,0.0,1,1,3,1
15,3,10443,1,1,0.0,1,1,4,1
13,5,28417,0,1,0.0,1,1,4,1
16,2,20147,0,1,0.0,1,1,2,1
11,3,28224,0,1,0.0,1,1,3,1
12,2,1426,0,1,0.0,1,1,3,1
13,4,24217,0,1,1.0,1,1,4,1
16,1,7108,2,1,0.0,1,1,2,1
17,0,12053,0,1,0.0,1,1,1,1
15,4,17484,0,1,0.0,1,1,3,1
13,2,27453,0,1,0.0,1,1,0,1
12,0,13645,0,1,0.0,1,1,2,1
12,0,11861,0,1,0.0,1,1,0,1
13,2,14473,0,1,0.0,1,1,2,1
6,5,4913,0,1,0.0,1,0,3,1
7,6,10007,0,1,0.0,1,1,3,1
15,3,27174,0,1,1.0,1,1,0,1
13,2,260,0,1,0.0,1,1,3,1
8,3,562,0,1,0.0,1,1,0,1
16,5,14528,0,1,0.0,1,1,0,1
10,4,24825,0,1,0.0,1,1,3,1
17,1,8085,0,1,0.0,1,1,3,1
13,6,3125,0,1,0.0,1,1,4,1
11,1,13431,1,1,0.0,1,1,2,1
14,5,13407,1,1,0.0,1,1,3,1
10,0,28422,0,1,0.0,1,1,3,0
10,5,3957,0,1,0.0,1,1,3,1
11,4,15005,0,1,1.0,1,0,0,0
18,2,26119,0,1,0.0,1,1,4,1
16,4,24070,1,1,0.0,1,1,3,1
18,2,20921,0,1,1.0,1,0,3,0
9,5,0,0,1,5.0,1,0,3,1
10,4,26545,2,1,0.0,1,1,1,1
9,6,17823,0,1,0.0,1,1,3,1
13,3,3837,0,1,0.0,1,1,1,1
8,3,12580,0,1,0.0,1,1,1,1
14,1,26558,0,1,0.0,1,1,1,1
9,3,1376,0,1,0.0,1,1,0,1
9,1,12030,1,1,0.0,1,1,4,1
15,3,17055,3,1,0.0,1,1,1,1
12,4,28651,0,1,0.0,1,1,0,1
20,6,11828,0,1,0.0,1,1,2,1
7,2,17459,0,1,0.0,1,0,1,1
9,4,10913,2,1,0.0,1,1,4,1
12,2,10098,0,1,0.0,1,1,4,1
10,1,27977,0,1,0.0,1,1,2,0
8,6,23351,0,1,0.0,1,1,4,1
11,3,12709,3,1,0.0,1,1,2,1
12,2,7916,0,1,0.0,1,1,0,1
16,5,20433,0,1,0.0,1,1,1,1
8,0,9593,3,1,0.0,1,1,1,1
13,6,1676,0,1,0.0,1,1,0,1
14,5,3595,0,1,0.0,1,0,4,1
12,0,23520,0,1,0.0,1,0,1,1
12,6,24178,0,1,0.0,1,1,2,1
17,0,15411,2,1,0.0,1,1,1,1
11,5,22456,0,1,1.0,1,1,4,1
7,2,23078,3,1,0.0,1,0,4,1
11,2,9263,1,1,0.0,1,1,2,1
10,3,6157,2,1,0.0,1,1,3,1
8,4,15256,0,1,0.0,1,1,0,0
14,4,9718,0,1,3.0,1,1,1,1
10,4,24110,2,1,0.0,1,1,0,1
12,3,28205,3,1,0.0,1,1,3,1
8,0,7781,0,1,0.0,1,1,4,1
10,2,25309,0,1,0.0,1,1,2,1
10,6,7883,0,1,0.0,1,1,4,0
8,4,12039,0,1,0.0,1,1,2,1
12,0,9190,2,1,0.0,1,1,0,1
12,0,16560,2,1,0.0,1,1,3,1
16,0,4167,1,1,0.0,1,1,4,1
12,0,26308,0,1,0.0,1,1,3,0
12,3,2552,0,1,0.0,1,1,3,1
15,0,20502,0,1,0.0,1,1,4,1
13,4,11017,0,1,0.0,1,1,2,1
8,6,16980,0,1,0.0,1,1,1,1
11,3,27904,0,1,0.0,1,1,1,1
14,5,20544,0,1,1.0,1,1,3,1
13,6,22486,0,1,1.0,1,1,2,0
13,2,23311,0,1,0.0,1,1,2,1
13,6,28256,0,1,0.0,1,1,1,1
15,1,18261,0,1,0.0,1,0,0,1
13,4,11258,0,1,0.0,1,1,2,1
8,2,23957,3,1,0.0,1,0,1,1
14,3,14282,1,1,0.0,1,1,2,1
12,3,4688,0,1,0.0,1,1,3,1
10,3,10867,2,1,0.0,1,0,4,1
10,1,22041,0,1,0.0,1,1,1,1
9,3,7606,0,1,0.0,1,0,3,1
11,3,24015,1,1,0.0,1,1,3,1
11,4,8638,0,1,3.0,1,1,3,1
13,3,18542,0,1,0.0,1,1,3,1
7,4,4119,1,1,3.0,1,1,4,1
14,1,7039,0,1,0.0,1,1,4,1
15,0,4379,0,1,0.0,1,1,2,1
9,5,7930,0,1,0.0,1,1,0,0
8,3,17353,0,1,0.0,1,0,0,1
16,6,1408,0,1,1.0,1,1,1,1
15,0,5925,1,1,0.0,1,1,0,1
15,6,28387,0,1,0.0,1,1,0,0
13,5,25902,0,1,1.0,1,1,4,1
12,6,13101,1,1,0.0,1,1,2,1
11,0,28725,0,1,0.0,1,1,0,1
11,3,3625,2,1,0.0,1,1,0,1
16,3,5867,0,1,0.0,1,1,2,1
12,6,5792,0,1,0.0,1,1,4,1
10,6,10656,0,1,0.0,1,1,3,1
13,3,26819,0,1,0.0,1,1,3,1
13,3,1739,0,1,0.0,1,1,1,0
11,4,10866,1,1,0.0,1,1,3,1
18,5,25844,0,1,0.0,1,1,4,0
7,2,239,0,1,0.0,1,0,1,1
6,1,5186,0,1,0.0,1,0,0,1
12,5,28306,2,1,0.0,1,1,3,1
11,6,12995,0,1,0.0,1,1,1,1
17,2,23395,0,1,0.0,1,1,4,1
18,2,24961,1,1,0.0,1,1,1,1
12,1,27977,0,1,0.0,0,1,3,1
16,1,11050,2,1,0.0,1,1,0,1
16,3,19875,0,1,1.0,1,1,3,1
6,3,13893,0,1,0.0,1,1,3,1
15,4,15990,0,1,0.0,1,1,4,1
8,1,23988,0,1,0.0,1,1,4,1
16,3,5843,1,1,0.0,1,1,3,1
16,1,2806,0,1,1.0,1,1,3,1
15,0,10926,0,1,0.0,1,1,4,0
12,6,7777,0,1,0.0,1,1,0,1
16,0,5934,0,1,0.0,1,1,1,1
14,1,24933,0,1,1.0,1,1,4,1
15,1,6890,0,1,0.0,1,1,0,1
9,5,15065,2,1,0.0,1,1,3,1
9,4,15360,0,1,0.0,1,1,3,1
15,6,6329,0,1,0.0,1,1,4,1
15,2,12281,1,1,0.0,1,0,0,1
10,3,21193,0,1,0.0,1,1,4,0
11,6,12062,0,1,0.0,1,1,2,1
9,3,3767,0,1,0.0,1,1,3,1
18,5,19098,0,1,0.0,1,1,1,1
14,4,20972,0,1,0.0,1,1,0,0
16,4,6485,0,1,1.0,1,1,2,1
20,2,14350,0,1,0.0,1,1,3,1
15,1,18488,0,1,0.0,1,0,2,1
9,2,5634,0,1,0.0,1,1,4,1
14,3,10576,0,1,0.0,1,1,3,1
11,3,5764,0,1,0.0,1,1,3,0
15,6,12610,0,1,0.0,1,0,3,1
15,2,12938,0,1,0.0,1,1,2,1
6,1,8873,0,1,1.0,1,1,4,1
10,3,14445,0,1,0.0,1,1,2,1
11,2,20723,0,1,1.0,1,1,2,0
14,5,24775,0,1,0.0,1,1,1,1
12,3,22676,1,1,0.0,1,1,3,1
13,4,27928,0,1,1.0,1,1,2,0
12,2,4578,1,1,0.0,1,1,3,1
15,0,3599,1,1,1.0,1,1,3,1
17,1,11033,0,1,0.0,1,0,0,1
11,5,2549,0,1,0.0,1,1,4,1
17,4,22626,0,1,0.0,1,1,1,1
12,0,6502,0,1,1.0,1,1,0,1
15,2,10767,1,1,0.0,1,1,1,1
16,0,25915,0,1,0.0,1,1,2,1
8,1,23992,0,1,0.0,1,1,4,1
13,0,20016,1,1,0.0,1,1,0,1
14,3,22013,0,1,1.0,1,1,3,1
9,6,26454,0,1,0.0,1,1,3,1
10,2,7840,0,1,0.0,1,0,4,1
13,4,28677,0,1,0.0,1,1,0,1
19,5,12477,0,1,0.0,1,1,2,1
9,6,1160,0,1,0.0,1,1,3,1
16,2,26636,0,1,0.0,1,1,3,0
7,5,0,0,1,5.0,1,0,3,1
13,3,25761,0,1,1.0,1,1,4,0
10,4,24648,0,1,0.0,1,1,1,0
14,6,3560,0,1,0.0,1,1,2,1
13,3,21737,0,1,0.0,0,0,3,1
17,5,28309,1,1,0.0,1,1,3,1
17,5,25586,1,1,0.0,1,1,3,1
11,0,1089,0,1,0.0,1,1,0,1
12,4,12623,0,1,0.0,1,1,1,0
12,3,24682,0,1,0.0,1,1,4,1
14,2,10153,0,1,0.0,1,1,0,0
15,3,22693,0,1,0.0,1,1,3,1
13,4,19439,0,1,0.0,1,0,3,1
12,2,5741,0,1,0.0,1,1,1,1
12,3,0,0,1,5.0,1,0,3,1
11,5,1614,2,1,0.0,1,1,4,1
19,2,5239,0,1,0.0,1,1,3,1
9,1,4075,0,1,0.0,1,0,2,0
11,6,19129,0,1,0.0,1,1,3,1
10,3,13776,0,1,0.0,1,1,0,1
11,3,18895,0,1,0.0,0,0,3,1
11,4,9898,1,1,1.0,1,1,1,1
18,5,2786,0,1,0.0,0,1,3,1
15,0,17768,3,1,0.0,1,1,2,1
10,4,25034,0,1,0.0,1,1,0,1
12,6,18295,0,1,0.0,1,1,4,1
10,0,3474,3,1,0.0,1,1,2,1
12,2,5243,0,1,0.0,1,1,0,1
14,0,20218,0,1,0.0,1,1,4,1
14,3,27034,0,1,0.0,1,1,4,1
10,4,6380,0,1,0.0,1,1,2,1
11,0,24778,0,1,0.0,1,1,1,0
17,6,10397,0,1,1.0,1,1,2,1
13,4,15709,0,1,0.0,1,1,4,1
16,3,17215,2,1,1.0,1,1,3,1
9,5,5955,3,1,0.0,1,1,3,1
6,4,11379,0,1,0.0,1,1,2,1
12,5,11439,0,1,0.0,1,1,2,0
11,6,3793,2,1,0.0,1,1,0,1
16,4,25717,1,1,0.0,1,0,3,1
16,4,22228,0,1,0.0,1,1,3,1
9,2,21311,1,1,0.0,1,1,4,1
10,6,9283,0,1,0.0,1,1,0,1
8,0,1293,0,1,0.0,1,1,0,0
7,5,25656,0,1,0.0,1,1,2,1
9,4,17119,0,1,0.0,1,1,4,1
16,5,6868,0,1,1.0,1,0,2,1
9,1,11647,0,1,0.0,1,1,1,1
14,4,11115,0,1,0.0,1,1,2,1
9,0,3083,0,1,0.0,1,1,1,1
18,6,17217,0,1,0.0,1,1,1,1
11,1,17568,0,1,0.0,1,1,4,0
10,0,25322,0,1,1.0,1,1,2,1
19,4,4935,0,1,0.0,1,1,4,1
10,6,21948,1,1,0.0,1,1,3,1
8,1,23408,2,1,0.0,1,1,0,1
7,0,24888,0,1,0.0,1,1,2,0
10,6,10631,0,1,0.0,1,1,1,1
15,3,27894,2,1,0.0,0,0,2,1
14,1,19769,0,1,0.0,1,1,4,1
10,3,15180,1,1,0.0,1,1,4,1
14,4,9574,0,1,0.0,1,1,2,0
12,3,3956,0,1,0.0,1,1,0,1
11,1,7995,1,1,0.0,1,1,0,1
16,5,310,0,1,0.0,1,1,3,1
11,3,13070,1,1,0.0,1,1,3,1
13,2,10102,3,1,0.0,1,1,1,1
12,5,1846,0,1,0.0,1,1,4,1
14,4,23729,2,1,1.0,1,1,3,1
6,6,18943,0,1,0.0,1,1,4,0
14,4,15391,0,1,0.0,1,1,1,1
19,6,5118,0,1,0.0,1,1,4,1
15,5,20026,1,1,0.0,1,1,1,1
12,4,3100,1,1,0.0,1,1,0,1
12,4,28048,2,1,0.0,1,1,1,1
13,4,3966,2,1,0.0,1,0,1,1
17,3,22585,0,1,0.0,1,0,0,1
8,0,386,0,1,0.0,1,1,1,0
13,5,15767,0,1,0.0,1,0,0,1
9,1,20258,0,1,0.0,1,1,0,1
15,0,14046,2,1,0.0,1,1,4,1
11,3,24626,1,1,0.0,1,1,1,1
14,2,22878,0,1,0.0,1,0,3,1
13,1,22263,0,1,0.0,1,0,2,1
16,1,15848,0,1,0.0,1,1,2,1
11,3,7428,0,1,0.0,1,0,1,1
13,2,11846,3,1,0.0,1,1,4,1
8,6,22659,1,1,0.0,1,1,2,1
15,2,9376,0,1,0.0,1,0,2,1
13,0,16944,0,1,0.0,1,0,3,1
13,0,19454,2,1,0.0,1,1,0,1
14,5,4651,2,1,0.0,1,1,2,1
9,6,23598,0,1,0.0,1,1,4,1
7,4,25770,0,1,0.0,1,1,2,1
18,0,15178,0,1,0.0,1,1,4,1
7,2,13204,0,1,0.0,1,1,1,1
16,3,6587,0,1,0.0,1,1,4,1
13,0,5961,0,1,0.0,1,0,4,0
15,4,3290,2,1,0.0,1,1,0,1
11,0,10385,0,1,0.0,1,1,0,1
11,2,18505,1,1,0.0,1,1,1,1
17,0,22672,0,1,0.0,1,1,4,0
12,3,27156,1,1,0.0,1,1,3,1
16,2,10699,0,1,0.0,1,1,2,1
7,0,478,0,1,1.0,1,1,3,1
15,4,28259,3,1,0.0,1,1,0,1
11,6,746,0,1,0.0,1,1,4,1
9,2,20180,0,1,0.0,1,1,3,1
10,3,20727,0,1,0.0,1,1,3,1
9,3,20795,3,1,0.0,1,0,4,1
13,6,19034,2,1,0.0,1,1,3,1
16,0,5222,0,1,0.0,1,0,1,0
13,2,2614,0,1,0.0,1,1,2,1
15,1,7580,0,1,0.0,1,1,4,1
6,2,9588,0,1,0.0,1,1,2,1
10,4,19797,0,1,0.0,1,1,4,1
18,5,12050,0,1,0.0,1,1,3,0
17,2,10904,0,1,0.0,1,0,3,1
14,4,5418,1,1,0.0,1,0,4,1
19,3,6114,0,1,0.0,1,1,3,1
7,4,24975,0,1,0.0,1,1,0,1
12,1,3234,0,1,0.0,1,1,1,1
9,5,14373,0,1,0.0,1,1,4,1
12,0,14052,1,1,0.0,1,1,3,1
16,0,14104,0,1,1.0,1,1,1,1
13,2,25218,0,1,0.0,1,0,4,1
11,6,23441,1,1,0.0,1,1,1,1
15,3,1927,1,1,0.0,1,1,4,1
13,6,12672,1,1,0.0,1,1,4,1
11,6,25570,0,1,0.0,1,1,2,1
15,0,8817,1,1,0.0,1,1,4,1
11,2,17067,0,1,0.0,1,1,1,1
12,6,12373,0,1,0.0,1,1,2,1
14,0,9172,0,1,0.0,1,1,2,1
7,3,10878,0,1,0.0,1,0,1,1
16,3,6029,3,1,0.0,1,1,3,1
15,0,19084,0,1,0.0,1,1,3,1
10,2,12101,0,1,0.0,1,1,4,1
18,4,8081,0,1,0.0,1,1,4,1
15,6,4650,0,1,0.0,1,1,2,0
15,6,5537,0,1,0.0,0,1,3,1
15,0,23598,0,1,0.0,1,1,2,0
14,4,8438,1,1,0.0,1,1,2,1
16,5,13332,2,1,0.0,1,1,0,1
11,2,1349,0,1,0.0,1,1,0,1
11,5,3983,0,1,0.0,1,1,0,1
8,4,1316,0,1,0.0,1,1,3,1
16,2,10997,1,1,0.0,1,1,1,1
12,2,16083,0,1,0.0,1,0,0,0
16,1,16542,0,1,0.0,1,1,3,1
11,0,13705,0,1,0.0,1,1,2,1
15,4,13475,0,1,0.0,1,1,4,1
10,2,9008,1,1,0.0,1,1,4,1
7,1,13675,0,1,0.0,1,1,3,1
7,6,25853,0,1,0.0,1,1,2,1
16,3,25814,1,1,0.0,1,1,1,1
13,6,6903,0,1,1.0,1,1,1,1
11,6,1070,2,1,0.0,1,0,1,1
13,4,20144,0,1,0.0,1,1,2,0
12,4,26312,1,1,0.0,1,1,4,1
10,0,26449,0,1,0.0,1,1,2,1
10,6,2051,2,1,0.0,1,1,1,1
12,6,16157,1,1,0.0,1,1,3,1
9,3,5746,0,1,0.0,1,1,4,0
11,0,13460,0,1,0.0,1,1,1,1
9,2,27419,3,1,0.0,1,1,1,1
8,4,10706,0,1,0.0,1,1,4,1
15,3,2243,2,1,1.0,1,1,4,1
7,4,158,0,1,0.0,1,1,2,0
6,0,2428,0,1,0.0,1,1,4,1
16,4,6874,2,1,0.0,1,1,3,1
14,0,27647,0,1,1.0,1,1,2,1
12,1,13004,0,1,0.0,1,1,3,0
13,2,10661,0,1,0.0,1,1,2,1
13,1,8298,0,1,0.0,1,1,3,1
17,2,16355,0,1,0.0,1,1,3,0
17,4,7996,0,1,1.0,1,1,3,0
13,4,2086,2,1,0.0,1,0,2,1
13,2,1339,3,1,1.0,1,1,0,1
13,3,9676,0,1,0.0,1,1,4,1
15,6,25705,2,1,0.0,1,0,1,1
11,4,21335,2,1,0.0,1,1,2,1
8,0,24997,0,1,0.0,1,1,2,1
8,3,23953,0,1,1.0,1,1,4,0
11,5,13456,0,1,0.0,1,1,2,1
12,0,5153,0,1,1.0,1,1,4,1
9,2,9349,2,1,0.0,1,1,3,1
15,0,4061,2,1,0.0,1,1,4,1
14,5,2033,0,1,0.0,1,1,2,0
13,0,19178,0,1,0.0,1,1,1,1
14,4,988,0,1,0.0,1,0,4,0
9,5,27463,0,1,0.0,1,1,4,1
9,2,2757,0,1,0.0,1,1,3,0
16,1,21076,0,1,0.0,1,1,2,1
10,0,12240,0,1,0.0,1,1,4,0
11,3,1361,1,1,0.0,1,1,4,1
16,4,18526,1,1,0.0,1,1,2,1
15,6,18382,1,1,0.0,1,1,1,1
16,5,4297,0,1,0.0,1,1,1,1
14,4,27699,0,1,1.0,1,1,1,1
14,5,16968,0,1,0.0,1,1,4,1
13,0,27518,3,1,0.0,1,1,0,1
14,1,3192,0,1,0.0,1,1,2,1
10,4,0,0,1,5.0,1,0,3,1
7,5,13751,0,1,1.0,1,1,4,1
9,0,2931,2,1,0.0,1,1,0,1
7,3,0,0,1,5.0,1,0,3,1
18,3,28633,0,1,0.0,1,1,2,1
9,6,24644,0,1,1.0,1,1,0,1
14,2,25538,0,1,0.0,1,1,4,1
17,2,27561,0,1,0.0,1,1,3,1
9,3,26187,0,1,1.0,1,0,0,0
17,2,23515,0,1,0.0,1,1,2,0
7,1,27552,0,1,0.0,1,1,4,0
15,2,2621,0,1,0.0,1,1,3,1
7,6,4423,0,1,0.0,1,1,3,1
8,6,2366,1,1,0.0,1,1,0,1
19,4,13815,0,1,0.0,1,1,3,1
15,3,1198,0,1,1.0,1,1,2,1
11,5,2879,1,1,0.0,1,0,1,1
12,6,27601,0,1,0.0,1,1,0,0
11,0,1844,0,1,0.0,1,0,4,0
14,2,11226,2,1,0.0,1,1,2,1
10,2,4905,0,1,0.0,1,1,0,1
7,5,0,0,1,5.0,1,0,3,1
16,1,16756,0,1,0.0,1,0,0,1
11,0,6055,2,1,0.0,1,1,3,1
17,3,8447,0,1,0.0,1,1,1,0
8,6,7167,0,1,0.0,1,1,2,0
13,0,1681,0,1,0.0,1,1,1,1
18,0,19077,0,1,0.0,1,1,4,1
18,6,23136,0,1,0.0,1,0,2,1
11,6,7876,0,1,0.0,1,1,1,0
15,4,1232,1,1,0.0,1,1,1,1
11,0,9756,0,1,0.0,1,1,0,1
14,6,16420,0,1,0.0,1,1,4,0
10,6,21147,0,1,0.0,1,1,4,1
19,3,8921,0,1,0.0,1,0,4,1
10,2,22822,1,1,0.0,1,1,1,1
13,0,18076,0,1,1.0,1,1,0,0
10,5,1344,0,1,0.0,1,1,3,1
16,4,16973,3,1,0.0,1,1,0,1
18,5,17100,1,1,0.0,1,1,1,1
18,4,26061,0,1,0.0,1,1,4,1
16,2,23716,2,1,0.0,1,1,2,1
17,6,18347,3,1,0.0,1,1,4,1
16,4,9175,0,1,0.0,1,1,0,1
7,3,9832,2,1,0.0,1,1,0,1
13,4,6607,0,1,0.0,1,1,2,1
10,3,12985,0,1,0.0,1,1,3,1
9,2,10043,0,1,1.0,1,1,4,1
16,1,23958,1,1,0.0,1,0,1,1
10,0,6443,0,1,0.0,1,1,3,1
16,2,2479,0,1,0.0,1,1,3,1
17,3,17797,1,1,0.0,1,1,3,1
16,3,24313,0,1,0.0,1,0,1,1
17,6,2720,2,1,0.0,1,1,1,1
14,0,3630,2,1,0.0,1,0,4,1
14,5,26402,0,1,0.0,1,1,2,1
9,4,17218,0,1,0.0,1,1,2,1
10,2,22074,3,1,0.0,1,1,1,1
11,0,24679,0,1,0.0,1,1,2,1
9,6,23247,0,1,0.0,1,1,1,1
13,6,6221,0,1,0.0,1,1,4,1
9,6,7776,0,1,0.0,1,1,4,1
17,1,8313,0,1,0.0,1,1,4,1
15,6,14033,0,1,0.0,1,1,3,1
13,0,1691,0,1,0.0,1,1,3,1
9,6,15769,0,1,0.0,1,1,0,1
13,2,269,0,1,0.0,1,0,2,1
11,4,16217,0,1,0.0,1,1,0,1
17,2,26265,0,1,0.0,1,1,2,1
11,6,11308,0,1,0.0,1,0,1,1
10,4,4146,0,1,0.0,1,1,1,1
13,6,24381,1,1,0.0,1,1,1,1
15,2,27847,0,1,1.0,1,1,4,1
13,0,17294,0,1,0.0,1,1,3,1
16,0,12577,1,1,0.0,1,1,3,1
18,1,17983,0,1,0.0,1,1,4,0
15,5,20243,0,1,0.0,1,1,3,0
11,0,23872,2,1,0.0,1,1,1,1
16,1,20730,0,1,1.0,1,1,3,1
14,4,24806,0,1,1.0,1,1,0,1
10,6,18637,0,1,1.0,1,1,1,1
10,3,7773,2,1,0.0,0,1,3,1
7,0,17545,0,1,0.0,1,1,1,1
13,4,25580,0,1,0.0,1,1,2,0
12,1,14861,1,1,0.0,1,1,4,1
12,6,8557,1,1,0.0,1,1,0,1
14,2,24323,0,1,0.0,1,1,4,1
14,1,16929,0,1,0.0,1,1,3,1
14,2,21154,3,1,0.0,1,1,1,1
14,3,14750,0,1,0.0,1,1,3,0
10,6,4788,0,1,0.0,1,1,0,1
14,4,4007,1,1,0.0,1,1,1,1
10,3,22270,0,1,0.0,1,1,3,1
14,3,10044,2,1,0.0,1,1,1,1
10,4,3239,0,1,0.0,1,1,4,1
16,1,1439,0,1,0.0,1,1,0,1
13,3,15668,0,1,0.0,1,1,3,1
13,0,5228,0,1,0.0,1,1,4,1
16,6,17117,0,1,0.0,1,1,1,1
10,3,7102,0,1,0.0,0,0,2,1
9,3,5855,0,1,0.0,1,1,3,1
18,6,4750,0,1,0.0,1,1,3,1
17,6,1138,0,1,0.0,1,1,3,0
10,2,26016,1,1,0.0,1,1,2,1
9,6,21136,0,1,1.0,1,1,0,1
13,2,17907,0,1,0.0,1,1,4,1
10,2,25761,0,1,0.0,1,1,3,1
15,4,18445,0,1,0.0,1,1,3,1
12,1,26264,0,1,1.0,1,1,2,1
18,1,279,1,1,0.0,1,1,1,1
14,0,26102,0,1,0.0,1,1,0,1
12,6,104,0,1,0.0,1,1,0,1
16,1,18262,0,1,0.0,1,0,3,1
13,5,10181,0,1,0.0,1,1,2,1
13,4,4750,0,1,0.0,1,1,1,1
13,1,14550,0,1,0.0,1,1,2,0
6,5,13193,0,1,0.0,1,1,3,1
8,5,12177,0,1,0.0,1,1,4,1
15,2,17477,0,1,0.0,1,1,4,0
13,2,2267,0,1,0.0,1,1,4,1
7,2,28258,0,1,0.0,1,1,3,1
12,1,1647,0,1,0.0,1,1,3,1
9,2,27520,3,1,0.0,1,1,1,1
9,0,3659,0,1,1.0,1,1,4,1
12,3,9900,0,1,0.0,1,1,3,1
13,5,8457,0,1,0.0,1,1,4,1
6,6,18584,0,1,0.0,1,1,3,0
11,1,8929,0,1,0.0,1,1,1,1
17,4,25829,0,1,0.0,1,1,3,1
12,3,8222,1,1,1.0,1,1,1,1
11,2,8529,1,1,0.0,1,1,1,1
11,0,21149,0,1,0.0,1,1,3,1
10,0,24917,0,1,0.0,1,1,1,0
12,1,238,0,1,0.0,1,1,1,1
11,1,22728,1,1,1.0,1,1,2,1
8,0,15115,0,1,0.0,1,1,4,1
16,5,18803,0,1,0.0,1,0,3,1
15,6,21171,0,1,0.0,1,1,0,1
11,3,24650,0,1,0.0,1,0,3,1
16,1,28389,0,1,0.0,1,1,0,1
15,3,12011,0,1,1.0,1,1,1,1
16,5,12761,0,1,0.0,1,1,3,1
15,4,0,0,1,5.0,1,0,3,1
17,5,10444,0,1,0.0,1,1,1,1
10,5,12471,0,1,0.0,1,1,0,1
11,3,24633,0,1,0.0,1,1,1,1
15,2,27347,0,1,0.0,1,1,4,1
6,6,11138,3,1,0.0,1,0,4,1
11,0,2265,1,1,0.0,1,1,0,1
12,5,607,0,1,0.0,1,1,1,1
10,4,16736,0,1,1.0,1,1,3,1
15,2,7089,2,1,0.0,1,1,3,1
15,3,26643,0,1,0.0,0,0,2,1
8,0,16053,0,1,0.0,1,0,2,1
7,3,11755,1,1,0.0,1,1,2,1
14,5,27683,0,1,0.0,1,1,3,1
11,3,7732,2,1,1.0,1,1,4,1
10,3,4975,0,1,0.0,0,0,1,1
9,1,653,0,1,0.0,1,0,2,0
17,1,25139,3,1,0.0,1,1,1,1
15,2,4925,1,1,0.0,1,1,2,1
14,2,15085,0,1,0.0,1,1,2,0
16,0,26617,3,1,0.0,1,1,3,1
12,2,3604,0,1,0.0,1,0,0,1
18,4,13848,0,1,0.0,1,1,0,1
19,0,25291,0,1,0.0,1,1,2,1
14,2,27694,0,1,0.0,1,0,0,1
20,3,9148,0,1,0.0,1,1,3,1
10,4,4879,3,1,1.0,1,1,0,1
15,4,0,0,1,5.0,1,0,3,0
14,0,28473,1,1,0.0,1,1,3,1
10,3,12676,0,1,0.0,1,1,4,1
12,2,22517,0,1,0.0,1,1,2,1
16,3,9530,1,1,0.0,1,0,2,1
10,0,24116,0,1,0.0,1,1,0,0
16,1,16088,0,1,0.0,1,1,2,0
8,0,18401,0,1,0.0,1,1,0,1
11,4,9529,0,1,0.0,1,1,4,1
16,4,6112,0,1,0.0,1,1,1,1
10,6,28571,0,1,0.0,1,1,2,1
15,3,17636,0,1,0.0,1,1,3,0
13,3,11256,0,1,0.0,1,1,1,1
7,3,6832,0,1,1.0,1,1,4,1
10,3,27490,0,1,0.0,1,1,0,0
6,4,17000,0,1,0.0,1,1,3,1
15,6,11092,2,1,0.0,1,1,3,1
13,4,8247,0,1,0.0,1,1,0,1
20,4,1225,0,1,0.0,1,1,2,1
13,1,2990,0,1,0.0,1,1,3,0
13,1,16386,0,1,0.0,1,1,4,1
11,3,11414,0,1,0.0,1,1,4,1
10,1,13386,3,1,0.0,1,1,1,1
12,0,7592,0,1,0.0,1,1,0,0
10,4,27088,0,1,0.0,1,1,3,1
7,5,10225,0,1,1.0,1,1,3,1
10,4,2025,0,1,0.0,1,1,4,1
6,2,15465,0,1,0.0,1,1,0,1
10,3,23626,2,1,0.0,0,0,2,1
14,2,13110,0,1,0.0,1,0,0,0
10,2,21490,0,1,0.0,1,1,3,1
11,1,2862,0,1,0.0,1,1,3,1
8,4,9471,0,1,0.0,1,1,1,1
11,3,24238,0,1,0.0,1,1,3,1
12,5,7804,2,1,1.0,1,1,3,1
15,2,12431,0,1,0.0,1,1,1,1
13,5,9145,0,1,0.0,1,1,3,1
8,3,17444,1,1,0.0,1,1,0,1
15,3,9431,0,1,0.0,1,1,4,1
12,3,9190,0,1,0.0,1,1,3,1
16,2,16037,1,1,0.0,1,1,0,1
8,1,16044,0,1,0.0,1,0,4,1
16,5,25864,0,1,0.0,1,0,2,0
7,1,26495,0,1,0.0,1,1,3,1
15,1,3933,2,1,0.0,1,1,3,1
10,1,26639,0,1,0.0,1,1,0,1
12,0,22055,0,1,0.0,1,1,1,0
16,3,9401,0,1,0.0,1,0,2,1
11,2,16191,0,1,0.0,1,1,4,0
16,6,15858,0,1,0.0,1,1,0,0
16,3,14350,2,1,0.0,1,1,3,1
9,2,6970,2,1,0.0,1,1,3,1
16,5,7315,0,1,0.0,1,1,3,0
13,3,14334,0,1,0.0,1,1,1,1
14,2,24032,1,1,0.0,1,1,3,1
13,0,18706,1,1,0.0,1,1,1,1
9,1,9455,2,1,0.0,1,1,1,1
10,4,24899,0,1,0.0,1,1,3,1
12,3,4540,0,1,0.0,1,1,2,1
15,3,0,0,1,3.0,1,0,3,1
10,1,4066,0,1,0.0,1,1,3,1
13,4,20763,1,1,0.0,1,1,0,1
12,6,18149,0,1,0.0,1,1,3,1
13,4,22237,0,1,0.0,1,1,2,0
14,2,2475,0,1,0.0,1,1,3,1
17,5,11570,0,1,0.0,1,1,1,0
13,3,22694,0,1,0.0,1,1,3,1
15,1,1404,0,1,0.0,1,1,0,1
12,3,16899,0,1,0.0,1,1,1,0
12,6,9424,0,1,0.0,1,1,4,1
12,5,16486,0,1,0.0,1,1,3,1
10,6,18205,2,1,0.0,1,1,1,1
13,3,20215,0,1,1.0,1,1,2,0
20,6,9642,3,1,0.0,1,1,3,1
6,0,24946,0,1,0.0,1,1,2,1
7,1,7523,0,1,0.0,1,1,1,0
13,0,24492,0,1,0.0,1,1,1,0
13,4,74,0,1,0.0,1,1,4,1
17,1,4042,0,1,0.0,1,1,3,1
10,4,9854,3,1,1.0,1,1,3,1
18,0,11147,0,1,0.0,1,1,4,0
9,6,4129,0,1,0.0,1,1,2,1
13,5,6780,0,1,0.0,1,1,0,1
13,6,2862,0,1,0.0,1,1,4,0
13,6,23341,0,1,0.0,1,1,2,0
11,2,16313,0,1,0.0,1,1,1,0
11,0,15679,0,1,0.0,1,0,1,1
13,1,6389,0,1,0.0,1,1,0,1
8,2,17633,1,1,0.0,1,1,4,1
11,6,191,0,1,0.0,1,1,2,1
10,6,5380,0,1,0.0,1,1,0,1
10,6,6033,0,1,0.0,1,1,0,1
12,1,22570,0,1,1.0,1,1,4,1
11,5,7212,0,1,0.0,1,1,1,0
10,4,8971,0,1,0.0,1,1,2,1
11,5,8947,0,1,0.0,1,1,3,1
15,1,13845,0,1,0.0,1,1,4,1
18,0,4688,0,1,1.0,1,1,2,1
18,3,19782,2,1,0.0,1,1,1,1
12,3,28452,1,1,1.0,1,1,3,1
14,0,22691,0,1,0.0,1,1,2,1
9,1,24502,0,1,0.0,1,1,0,1
13,5,11991,0,1,0.0,1,0,4,0
11,3,564,0,1,0.0,1,1,4,1
10,2,782,0,1,0.0,1,1,4,1
18,5,10614,0,1,0.0,1,1,3,1
8,4,8886,0,1,0.0,1,1,2,0
9,4,22115,0,1,0.0,1,1,1,1
11,5,6754,0,1,0.0,1,1,4,1
7,5,25600,0,1,0.0,1,1,4,1
17,6,5702,2,1,0.0,1,1,3,1
14,2,24205,0,1,0.0,1,1,0,1
16,0,2493,0,1,0.0,1,1,4,0
17,2,24851,0,1,0.0,1,1,2,1
6,5,11587,0,1,0.0,1,1,0,1
9,4,3465,2,1,0.0,1,1,2,1
12,6,904,0,1,0.0,1,1,1,0
12,2,16962,0,1,0.0,1,1,0,1
9,6,17022,0,1,0.0,1,1,3,0
8,0,24708,1,1,0.0,1,1,1,1
6,3,12531,0,1,0.0,0,0,0,1
12,5,1332,0,1,0.0,1,1,2,1
9,4,12184,2,1,0.0,1,0,1,1
14,2,6813,1,1,0.0,1,1,3,1
11,4,12979,2,1,0.0,1,1,0,1
17,6,8371,2,1,0.0,1,1,1,1
14,1,17285,0,1,0.0,1,1,2,0
16,1,19766,2,1,0.0,1,1,4,1
8,6,27688,0,1,0.0,1,1,1,1
13,0,5784,0,1,0.0,1,1,1,1
10,4,2985,2,1,0.0,1,1,3,1
11,1,5145,0,1,0.0,1,1,4,1
16,0,6112,0,1,0.0,1,1,2,1
15,6,11572,0,1,0.0,1,1,3,1
13,4,7857,1,1,1.0,1,0,2,1
12,2,23377,0,1,0.0,1,0,4,1
20,6,2121,1,1,0.0,1,1,1,1
8,2,17713,3,1,0.0,1,1,1,1
13,1,13466,0,1,0.0,1,1,2,1
15,0,6726,0,1,0.0,0,1,4,1
13,1,11935,0,1,0.0,1,1,2,1
13,0,10609,0,1,1.0,1,1,3,1
17,3,15950,0,1,0.0,1,1,4,1
14,2,5776,0,1,0.0,1,1,0,1
18,4,14566,3,1,0.0,1,1,1,1
8,1,25745,0,1,0.0,1,1,3,1
18,2,5877,0,1,0.0,1,1,1,1
16,2,20420,0,1,0.0,1,1,3,0
14,6,12177,0,1,0.0,1,1,3,1
11,0,23818,0,1,0.0,1,1,4,0
15,6,23421,0,1,0.0,1,1,3,1
7,1,16662,0,1,0.0,1,1,4,1
13,1,11516,2,1,0.0,1,0,0,1
11,2,2396,2,1,0.0,1,1,3,1
17,2,19958,0,1,0.0,1,1,3,1
12,3,20019,0,1,0.0,1,1,3,1
11,6,8901,3,1,0.0,1,1,2,1
18,3,24686,0,1,0.0,1,0,3,1
13,0,16382,2,1,0.0,1,0,2,1
14,2,9571,0,1,1.0,1,1,1,1
9,3,12919,3,1,0.0,1,1,2,1
12,0,8475,0,1,0.0,1,1,0,1
7,5,15023,0,1,0.0,1,1,2,1
7,1,23490,0,1,0.0,1,1,0,1
11,3,9298,0,1,0.0,1,0,2,1
16,6,22435,3,1,0.0,1,1,3,1
17,0,2087,1,1,0.0,1,1,0,1
13,1,6397,0,1,0.0,1,1,1,1
10,1,23718,1,1,0.0,1,1,4,1
14,0,23282,0,1,0.0,1,1,3,1
12,5,13487,0,1,0.0,1,1,2,1
16,1,24620,0,1,0.0,1,1,1,1
13,2,17373,0,1,0.0,1,1,2,1
9,1,9698,0,1,0.0,1,1,3,1
16,1,21860,1,1,0.0,1,1,3,1
14,6,13113,2,1,0.0,1,1,0,1
8,2,9537,0,1,0.0,1,1,1,1
7,4,9165,0,1,0.0,1,1,2,1
6,4,11867,1,1,0.0,1,1,4,1
12,0,19095,0,1,0.0,1,0,4,1
13,0,11152,0,1,0.0,1,1,2,0
13,4,1577,0,1,0.0,1,1,3,1
11,4,75,0,1,0.0,1,1,4,1
13,2,6791,0,1,0.0,1,0,2,1
10,4,15595,0,1,0.0,1,1,1,0
16,2,3451,0,1,0.0,1,1,4,1
13,5,2636,0,1,0.0,1,1,4,1
14,3,25934,0,1,0.0,1,1,4,1
17,3,11203,0,1,0.0,1,1,1,0
11,4,2848,0,1,0.0,1,1,1,1
13,1,15294,0,1,0.0,1,1,4,1
12,6,17879,2,1,0.0,1,1,4,1
15,3,2409,1,1,0.0,1,1,0,1
14,2,28164,1,1,0.0,1,1,4,1
7,4,15150,1,1,0.0,1,1,0,1
9,4,8296,0,1,1.0,1,1,3,0
14,5,17841,0,1,0.0,1,1,1,1
14,2,28735,0,1,0.0,1,1,2,1
11,4,15337,2,1,0.0,1,1,3,1
10,5,23818,0,1,0.0,1,1,2,1
11,6,18226,3,1,0.0,1,1,3,1
19,4,1842,0,1,1.0,1,1,3,0
16,1,24394,0,1,0.0,1,1,1,1
14,4,8635,0,1,1.0,1,1,0,1
12,5,23301,0,1,0.0,1,1,2,0
17,0,19171,0,1,0.0,1,0,4,1
9,6,27757,0,1,0.0,1,1,2,1
13,0,24425,2,1,0.0,1,1,1,1
10,0,23219,0,1,0.0,1,1,0,1
12,5,28189,0,1,0.0,1,1,4,0
15,1,8255,0,1,0.0,1,1,1,1
11,4,23601,0,1,1.0,1,1,2,0
11,5,3809,0,1,0.0,1,1,3,1
14,2,26385,0,1,0.0,1,1,1,1
13,3,17553,0,1,0.0,1,1,0,1
15,6,9227,0,1,0.0,1,1,3,1
13,4,25567,0,1,0.0,1,1,3,1
10,3,2257,0,1,0.0,1,1,2,1
6,1,10477,1,1,1.0,1,1,3,1
17,0,12473,0,1,0.0,1,1,4,1
10,0,7952,0,1,0.0,1,1,4,1
15,2,6779,0,1,0.0,1,1,1,1
13,5,19578,1,1,0.0,1,1,4,1
20,2,9765,1,1,1.0,1,1,0,1
15,4,18770,0,1,0.0,1,1,3,1
17,1,1790,0,1,0.0,1,1,2,1
11,0,3320,0,1,0.0,1,1,3,1
11,0,10335,0,1,0.0,1,1,0,1
13,1,17306,0,1,1.0,1,1,2,1
16,4,13008,0,1,0.0,1,1,1,1
12,3,8745,0,1,0.0,1,1,1,1
9,3,28622,3,1,0.0,1,1,2,1
10,4,0,0,1,5.0,1,0,3,1
14,0,6556,0,1,0.0,1,1,1,0
13,4,13926,1,1,0.0,1,1,1,1
7,6,3001,0,1,0.0,1,1,3,1
14,3,27273,0,1,0.0,1,1,3,1
11,2,14897,1,1,0.0,1,1,4,1
11,5,15118,0,1,0.0,1,1,2,1
14,3,6893,0,1,0.0,1,1,1,0
9,3,8814,0,1,0.0,1,1,1,1
13,4,7114,3,1,0.0,1,0,1,1
18,1,23511,0,1,0.0,1,0,4,0
14,3,19313,0,1,0.0,1,1,3,1
14,3,1447,0,1,0.0,1,1,1,1
11,2,13391,0,1,0.0,1,1,3,1
15,3,26084,0,1,0.0,1,0,3,1
17,6,4920,0,1,0.0,1,1,3,1
15,1,16634,0,1,0.0,1,1,1,1
11,4,3217,2,1,0.0,1,1,3,1
9,0,9045,1,1,0.0,1,1,3,1
18,6,7520,1,1,0.0,1,1,0,1
8,6,19107,0,1,0.0,1,1,0,0
11,5,2930,0,1,1.0,1,1,3,1
16,6,18056,0,1,0.0,1,1,1,1
13,6,11677,0,1,0.0,1,1,3,1
10,6,25564,0,1,0.0,1,1,2,1
15,3,14586,1,1,0.0,1,1,4,1
10,5,15794,0,1,0.0,0,1,0,1
8,2,8466,0,1,0.0,1,1,2,1
13,3,9774,0,1,0.0,1,1,1,1
16,3,22556,0,1,0.0,1,1,4,0
9,4,8961,0,1,0.0,1,1,4,1
14,6,17567,0,1,0.0,1,1,3,1
8,3,19277,0,1,0.0,1,1,2,1
16,0,7533,0,1,0.0,1,1,4,0
16,3,6680,0,1,0.0,1,1,3,1
14,5,340,2,1,0.0,1,1,3,1
11,5,12509,0,1,0.0,1,0,1,0
14,0,26320,0,1,1.0,1,1,3,0
20,2,601,0,1,0.0,1,1,3,1
11,4,22224,0,1,0.0,1,1,4,1
18,4,20237,0,1,0.0,1,0,2,0
14,5,23020,0,1,0.0,1,1,3,1
19,2,16369,0,1,0.0,1,1,2,1
13,1,2752,0,1,0.0,1,1,3,1
15,4,28565,3,1,1.0,1,1,2,1
12,4,14092,0,1,0.0,0,1,1,0
9,4,14214,0,1,0.0,1,1,0,1
12,2,7107,0,1,0.0,1,1,2,1
20,4,15980,0,1,0.0,1,1,1,1
17,2,8485,0,1,0.0,1,1,2,0
17,4,11677,0,1,0.0,1,1,2,1
19,4,12296,2,1,0.0,1,1,1,1
10,2,10408,0,1,0.0,1,1,2,1
12,6,17674,0,1,0.0,1,1,2,1
15,5,20414,0,1,0.0,1,1,4,1
10,1,5416,0,1,0.0,1,0,3,1
17,2,4652,3,1,1.0,1,1,1,1
16,4,15231,0,1,0.0,1,1,4,1
12,2,21158,0,1,0.0,1,0,2,1
11,0,25474,0,1,0.0,1,1,1,1
12,1,5566,0,1,0.0,1,1,0,1
7,3,19716,0,1,0.0,1,1,2,0
10,5,2214,0,1,0.0,1,1,2,1
7,4,19825,0,1,0.0,1,1,1,1
6,5,24558,1,1,0.0,1,1,0,1
7,6,27225,1,1,0.0,1,1,4,1
16,1,10417,1,1,0.0,1,1,3,1
11,5,28158,2,1,0.0,1,1,1,1
7,0,13420,1,1,0.0,1,1,2,1
16,3,3272,0,1,0.0,1,1,2,1
12,6,16362,0,1,0.0,1,1,0,0
19,4,13916,0,1,0.0,1,1,3,1
10,3,6860,0,1,0.0,1,0,4,1
17,5,19663,2,1,0.0,1,0,3,1
11,1,28028,0,1,1.0,1,0,1,1
16,5,12772,0,1,0.0,1,1,1,0
11,3,498,0,1,0.0,1,1,0,1
9,4,19148,0,1,1.0,1,1,3,1
17,5,20249,0,1,0.0,1,1,1,1
11,2,12473,0,1,0.0,1,1,4,1
11,4,27911,0,1,0.0,1,1,1,1
11,6,12697,0,1,0.0,1,1,0,1
9,6,21290,0,1,1.0,1,1,0,1
18,6,24682,0,1,0.0,1,1,4,1
6,6,21230,0,1,0.0,1,1,2,1
10,3,24848,0,1,0.0,1,1,2,1
15,6,6885,0,1,1.0,1,1,3,1
11,4,25746,0,1,0.0,1,1,1,1
11,0,14467,1,1,0.0,1,1,0,1
13,4,26220,0,1,0.0,1,1,3,1
12,2,19133,0,1,0.0,1,1,3,1
14,3,5026,0,1,0.0,1,1,2,1
9,3,25849,0,1,0.0,1,1,0,1
14,6,650,2,1,0.0,1,1,3,1
11,0,1033,0,1,2.0,1,1,1,0
18,6,19095,0,1,0.0,1,1,3,1
13,0,1744,0,1,0.0,1,1,4,0
17,6,19631,0,1,0.0,1,1,3,1
11,2,22969,0,1,0.0,1,1,1,1
15,4,23807,0,1,0.0,1,0,0,0
14,3,11748,2,1,0.0,1,1,3,1
10,6,4538,0,1,0.0,1,0,1,1
16,0,23426,1,1,0.0,1,1,1,1
12,2,27894,0,1,0.0,1,1,0,1
11,6,19151,0,1,0.0,1,1,0,1
15,1,25051,2,1,0.0,1,1,2,1
14,4,11540,3,1,0.0,1,1,0,1
16,4,20140,0,1,0.0,1,0,1,1
15,3,1867,0,1,0.0,1,1,1,1
13,1,20731,0,1,0.0,1,1,1,0
16,5,8675,0,1,0.0,1,1,1,1
12,5,28285,1,1,1.0,1,0,3,1
15,1,4574,1,1,0.0,1,0,3,1
9,4,25840,0,1,0.0,1,1,1,1
19,4,6586,0,1,0.0,1,1,2,1
10,0,2539,0,1,0.0,1,1,0,1
12,3,17310,0,1,0.0,1,1,4,1
8,1,8990,0,1,0.0,1,1,2,0
11,5,18305,0,1,0.0,1,1,2,0
7,6,20862,0,1,0.0,1,1,2,1
9,1,24206,2,1,0.0,1,1,0,1
8,0,28011,1,1,0.0,1,1,3,1
18,4,8861,0,1,0.0,1,1,1,1
10,4,1937,0,1,0.0,1,1,0,0
13,4,15778,0,1,0.0,1,1,2,1
12,6,15609,0,1,0.0,1,1,3,1
17,0,25709,0,1,0.0,1,1,2,1
14,2,21829,0,1,0.0,1,1,0,1
10,4,21018,0,1,0.0,1,1,0,0
12,3,12936,0,1,0.0,1,0,4,1
11,4,3155,0,1,0.0,1,1,1,0
9,4,11103,0,1,0.0,1,1,1,1
13,4,23084,0,1,0.0,1,1,3,1
18,3,2686,0,1,1.0,1,1,4,1
9,4,17931,0,1,0.0,1,1,4,1
12,3,10667,1,1,0.0,1,0,0,1
12,1,10562,0,1,2.0,1,1,3,0
7,2,1404,1,1,0.0,1,1,0,1
13,6,9331,0,1,0.0,1,1,0,1
11,3,5557,3,1,0.0,1,1,3,1
10,2,19429,0,1,0.0,1,1,1,0
10,5,15771,0,1,0.0,1,1,3,1
12,6,23071,2,1,0.0,1,1,4,1
9,1,20199,0,1,0.0,1,1,4,1
13,2,15277,0,1,0.0,1,1,0,1
14,0,17913,0,1,0.0,1,1,4,1
15,3,14986,0,1,0.0,1,1,4,0
7,3,0,0,1,5.0,1,0,3,1
11,0,16002,0,1,0.0,1,1,4,0
14,1,25743,0,1,0.0,1,1,1,0
18,3,8169,0,1,0.0,1,1,4,0
18,0,10728,0,1,0.0,1,1,1,1
13,6,3699,0,1,0.0,1,1,4,1
9,0,16241,0,1,0.0,1,1,4,1
9,5,13668,0,1,0.0,1,1,0,1
11,3,24471,0,1,0.0,1,1,2,1
9,2,22935,0,1,1.0,1,1,3,1
15,5,21322,0,1,0.0,1,1,0,1
12,3,16091,0,1,0.0,1,1,3,1
11,5,19707,0,1,0.0,1,1,2,0
11,2,4532,0,1,0.0,1,1,2,1
16,0,14723,0,1,0.0,1,0,2,1
14,3,285,0,1,0.0,1,1,3,1
8,2,6286,0,1,0.0,1,1,3,1
17,2,1152,0,1,0.0,1,1,3,1
11,2,4391,0,1,1.0,1,1,3,1
8,4,0,0,1,5.0,1,0,3,1
19,6,17157,0,1,0.0,1,0,2,1
17,5,16703,0,1,0.0,1,1,2,0
11,2,26799,0,1,0.0,1,1,3,0
15,4,5188,0,1,0.0,1,1,4,0
12,3,0,0,1,5.0,1,0,3,1
16,3,23972,2,1,1.0,0,1,1,1
7,5,3952,0,1,0.0,1,1,4,1
11,4,13250,0,1,0.0,0,1,1,1
16,2,6660,0,1,0.0,1,1,2,1
11,2,14638,0,1,0.0,1,1,3,1
14,5,12587,1,1,0.0,1,1,3,1
14,6,11797,0,1,0.0,1,1,4,1
14,5,24049,0,1,0.0,1,1,4,1
14,2,26722,1,1,0.0,1,1,3,1
16,3,4091,0,1,0.0,1,1,1,1
11,2,9046,1,1,0.0,1,1,0,1
11,1,17825,0,1,0.0,1,1,0,0
7,6,2898,0,1,0.0,1,1,4,1
19,4,10983,0,1,1.0,1,1,1,1
16,4,9996,1,1,0.0,1,1,0,1
13,3,25562,0,1,0.0,1,1,1,1
18,2,14093,0,1,0.0,1,1,3,0
16,6,24880,0,1,0.0,1,1,1,1
15,2,13280,0,1,0.0,1,1,0,1
11,3,9801,0,1,0.0,1,1,4,1
11,0,20910,0,1,0.0,1,1,4,1
14,4,14441,0,1,0.0,1,1,3,0
10,4,27065,0,1,0.0,1,1,3,0
15,6,14756,0,1,0.0,1,1,3,1
14,0,22293,0,1,0.0,1,1,3,1
15,5,9334,0,1,0.0,1,1,0,1
13,1,6020,0,1,0.0,1,1,1,1
16,0,14309,0,1,0.0,1,1,1,1
19,6,7958,0,1,0.0,1,1,3,1
11,4,24814,0,1,0.0,1,1,1,1
6,5,18343,1,1,1.0,1,1,4,1
11,3,14536,0,1,0.0,1,1,4,0
16,2,23517,0,1,0.0,1,1,1,1
16,3,26483,2,1,0.0,1,1,1,1
12,0,25895,0,1,0.0,1,1,1,0
13,2,12410,1,1,0.0,1,1,1,1
10,4,11330,0,1,0.0,1,1,4,1
13,1,12265,0,1,0.0,1,1,2,1
8,2,9648,2,1,0.0,1,1,1,1
12,5,12089,0,1,0.0,1,1,3,0
13,6,19731,0,1,0.0,1,1,3,1
17,5,11183,3,1,0.0,1,1,0,1
14,4,18604,2,1,0.0,1,1,3,1
11,3,3111,0,1,0.0,1,1,0,1
14,4,1811,0,1,0.0,1,1,1,1
13,6,20538,1,1,0.0,1,1,0,1
15,2,13969,1,1,0.0,1,1,0,1
11,0,14191,0,1,0.0,1,1,4,1
11,3,675,0,1,0.0,1,1,1,1
9,4,10598,0,1,0.0,1,1,0,1
9,4,8445,0,1,0.0,1,1,4,1
11,4,1012,2,1,0.0,1,1,3,1
12,1,4477,0,1,0.0,1,1,0,1
10,0,24673,0,1,0.0,1,1,3,0
14,2,22789,0,1,0.0,1,0,4,1
8,4,8052,2,1,0.0,1,1,1,1
15,0,23205,2,1,0.0,1,1,3,1
11,1,25423,0,1,0.0,1,1,3,1
16,5,18141,2,1,1.0,1,1,2,1
11,3,14666,0,1,1.0,1,1,3,0
14,3,15057,0,1,0.0,1,1,1,1
12,6,20513,0,1,0.0,1,1,0,1
10,6,17599,2,1,0.0,1,1,0,1
12,3,748,0,1,0.0,1,1,1,0
9,0,2559,1,1,0.0,1,1,0,1
13,1,20499,0,1,0.0,1,1,0,0
9,0,21525,0,1,0.0,1,1,2,1
15,6,24709,0,1,0.0,1,1,3,1
17,0,12869,2,1,0.0,1,1,0,1
14,0,17237,0,1,0.0,1,1,2,1
11,3,13222,1,1,0.0,1,1,3,1
8,5,26056,2,1,0.0,1,1,3,1
11,4,28088,3,1,0.0,1,1,4,1
10,6,13405,0,1,0.0,1,1,3,1
6,0,16730,0,1,0.0,1,1,1,1
8,1,10719,1,1,0.0,1,1,0,1
11,4,12444,0,1,0.0,1,1,2,1
15,0,7480,0,1,0.0,1,1,3,1
16,0,9603,0,1,0.0,1,1,2,0
11,5,22241,0,1,3.0,1,1,4,1
13,0,6981,0,1,1.0,1,1,3,1
15,2,8732,2,1,0.0,1,1,3,1
13,3,23178,0,1,0.0,1,1,2,0
10,0,2331,0,1,0.0,1,1,1,1
16,4,24013,0,1,0.0,1,1,0,1
11,0,296,2,1,0.0,1,1,2,1
8,3,28455,0,1,0.0,1,1,3,1
12,5,706,0,1,0.0,1,0,3,1
17,5,15538,0,1,0.0,1,1,2,1
17,6,12260,0,1,0.0,1,0,1,1
8,4,18248,1,1,0.0,1,1,4,1
12,6,1747,0,1,0.0,1,1,3,1
16,0,2598,0,1,0.0,1,1,2,1
9,1,12380,0,1,0.0,1,1,4,1
10,3,25940,0,1,0.0,0,0,0,1
12,4,11414,0,1,0.0,1,1,3,1
10,5,8624,0,1,0.0,1,1,2,1
14,0,2861,0,1,0.0,1,1,0,1
15,4,10337,0,1,0.0,1,1,3,1
10,6,1387,1,1,0.0,1,1,2,1
15,6,5192,0,1,0.0,1,1,2,1
12,6,8038,0,1,0.0,1,1,2,1
10,1,23220,0,1,0.0,1,1,1,1
9,6,7024,1,1,0.0,1,1,1,1
16,3,1938,0,1,0.0,1,1,0,1
7,2,15155,0,1,0.0,1,0,3,0
11,6,5896,0,1,0.0,1,1,0,1
14,4,5225,0,1,0.0,1,0,3,0
12,3,0,0,1,5.0,1,0,3,1
12,5,28246,0,1,0.0,1,1,4,1
12,4,2891,0,1,0.0,1,1,4,1
14,2,28725,0,1,1.0,1,1,0,0
10,4,26645,3,1,0.0,1,1,1,1
17,6,722,0,1,0.0,1,1,3,1
11,5,22994,0,1,1.0,1,0,1,1
15,6,14488,0,1,0.0,1,1,3,1
7,6,23619,0,1,0.0,1,1,1,1
14,6,605,0,1,0.0,1,1,0,0
18,2,10224,0,1,0.0,1,1,4,1
14,2,18697,1,1,0.0,1,1,0,1
14,4,2759,0,1,0.0,1,0,2,0
9,3,19115,0,1,0.0,1,1,1,0
14,3,17247,0,1,0.0,1,0,3,1
17,1,18588,0,1,0.0,1,1,2,1
18,1,9681,0,1,0.0,1,1,0,1
14,6,27259,0,1,0.0,1,1,3,1
10,5,25744,0,1,0.0,1,1,4,1
10,4,18695,1,1,0.0,1,1,2,1
13,2,28741,0,1,0.0,1,1,1,0
17,4,23430,0,1,0.0,1,0,3,0
10,3,18820,2,1,0.0,1,1,1,1
14,3,7309,2,1,0.0,1,1,4,1
11,1,21858,2,1,0.0,1,0,1,1
14,3,0,0,1,4.0,1,0,3,1
14,3,17466,3,1,0.0,1,1,4,1
12,3,26719,0,1,0.0,1,1,4,1
13,4,7096,0,1,0.0,1,1,3,1
8,5,20935,0,1,0.0,1,1,0,0
10,3,17975,0,1,0.0,0,0,0,1
15,2,5247,0,1,0.0,1,1,4,1
9,5,23207,0,1,0.0,1,1,0,1
15,0,12426,2,1,0.0,1,1,2,1
13,4,23081,0,1,0.0,1,1,3,1
15,3,8885,1,1,0.0,1,1,2,1
12,5,7055,0,1,0.0,1,1,2,1
13,3,19289,1,1,0.0,1,1,3,1
11,1,17689,3,1,0.0,1,1,2,1
11,0,9645,0,1,0.0,1,1,3,1
8,2,12659,0,1,0.0,1,1,2,1
13,3,5076,0,1,0.0,1,1,1,1
12,4,749,3,1,1.0,1,1,4,1
14,6,16056,0,1,0.0,1,1,1,1
19,6,14980,0,1,0.0,1,1,0,1
7,6,27937,0,1,0.0,1,1,3,0
18,1,6718,0,1,0.0,1,1,2,1
15,3,15290,0,1,0.0,1,0,3,0
16,6,25602,0,1,0.0,1,1,1,1
16,3,10424,1,1,0.0,1,1,0,1
7,4,0,0,1,5.0,1,0,3,1
16,3,23662,0,1,0.0,1,1,1,1
14,2,15288,0,1,0.0,1,1,0,1
11,1,24206,1,1,0.0,1,1,1,1
16,4,4824,2,1,0.0,1,1,4,1
17,3,5130,0,1,0.0,1,1,2,1
9,6,26212,1,1,0.0,1,1,1,1
15,1,6102,0,1,0.0,1,0,4,1
11,0,19633,0,1,0.0,1,1,3,1
10,6,19280,0,1,1.0,1,0,4,1
14,1,5403,1,1,0.0,1,1,1,1
9,3,8843,0,1,0.0,1,1,0,1
14,4,17151,3,1,0.0,1,1,0,1
8,1,5565,0,1,0.0,1,1,1,1
13,0,23289,0,1,0.0,1,1,3,1
17,1,13127,0,1,0.0,1,1,3,1
16,5,10205,1,1,0.0,1,1,1,1
10,6,9632,0,1,0.0,1,1,4,0
11,6,19656,0,1,0.0,1,0,2,0
13,3,4167,1,1,0.0,1,1,2,1
20,2,12261,0,1,0.0,1,1,1,1
15,1,23127,0,1,0.0,1,1,2,0
16,4,27597,2,1,0.0,1,1,2,1
13,4,3375,0,1,0.0,0,0,4,1
9,4,9614,3,1,0.0,1,1,2,1
8,0,9730,0,1,0.0,1,1,0,0
14,3,28430,0,1,1.0,1,1,3,0
12,6,27253,0,1,0.0,1,1,1,0
13,2,14850,0,1,0.0,1,1,1,1
15,1,20418,0,1,0.0,1,1,2,1
11,5,4307,0,1,0.0,1,1,4,1
17,1,17078,0,1,0.0,1,1,3,1
13,3,1025,2,1,0.0,1,1,1,1
16,3,3712,0,1,0.0,1,1,0,1
13,3,28508,0,1,0.0,1,1,4,0
11,5,14278,2,1,0.0,1,1,4,1
10,1,8886,0,1,1.0,1,1,4,1
10,1,605,0,1,0.0,1,1,3,0
18,4,28638,0,1,0.0,1,1,3,1
8,4,5094,0,1,0.0,1,0,2,1
14,0,26219,0,1,0.0,1,1,1,1
12,1,5185,0,1,0.0,1,1,3,1
11,2,13004,1,1,0.0,1,1,3,1
18,2,27788,0,1,0.0,1,1,3,1
9,5,549,0,1,0.0,1,1,4,1
11,1,3457,0,1,0.0,1,1,1,0
18,3,18267,0,1,0.0,1,1,3,1
10,1,18988,0,1,1.0,1,1,4,1
15,5,9543,0,1,2.0,1,1,1,0
9,2,27661,0,1,0.0,1,0,4,0
15,2,17294,0,1,0.0,1,1,0,1
11,2,28672,0,1,0.0,1,1,0,1
15,2,668,0,1,0.0,1,1,3,1
6,6,25996,0,1,0.0,1,1,1,0
17,3,25458,0,1,0.0,1,1,4,0
14,5,12396,0,1,1.0,1,1,4,1
13,3,17797,0,1,0.0,1,1,2,0
13,1,12922,3,1,0.0,1,1,3,1
11,1,21167,0,1,0.0,1,1,4,0
11,2,15873,2,1,0.0,1,1,4,1
14,6,2367,0,1,0.0,1,1,0,1
18,6,23570,1,1,1.0,1,1,3,1
10,1,13211,1,1,0.0,1,1,0,1
13,4,6116,0,1,0.0,1,1,0,1
6,5,21013,0,1,0.0,1,0,3,1
7,5,15789,0,1,0.0,1,1,0,1
12,3,450,0,1,1.0,1,1,3,1
14,4,11141,0,1,0.0,0,1,3,0
8,0,5560,1,1,0.0,1,1,1,1
18,6,27466,1,1,0.0,1,1,4,1
15,0,6509,0,1,0.0,1,1,4,1
12,0,16687,0,1,0.0,1,1,0,1
11,2,19368,0,1,0.0,1,0,4,1
13,0,18282,0,1,0.0,1,1,4,1
14,3,7072,0,1,0.0,1,1,0,0
17,0,6424,0,1,0.0,1,1,2,1
13,3,0,0,1,5.0,1,0,3,0
7,1,26865,0,1,0.0,1,1,4,1
17,3,26921,0,1,1.0,1,1,2,1
15,4,11261,0,1,0.0,1,1,2,0
8,3,16600,0,1,0.0,1,1,3,1
8,4,24025,0,1,0.0,1,1,4,1
14,5,25555,0,1,0.0,1,1,0,1
15,6,12818,3,1,0.0,1,1,3,1
15,5,7303,0,1,0.0,1,1,3,1
9,2,20499,0,1,0.0,1,1,3,1
10,3,19468,1,1,0.0,1,1,2,1
7,0,18556,0,1,1.0,1,1,4,1
15,3,15909,0,1,0.0,1,1,4,1
13,4,13641,0,1,0.0,1,1,2,1
16,1,21991,0,1,0.0,1,1,0,1
18,0,20332,0,1,0.0,1,1,3,0
10,5,24126,0,1,0.0,1,1,4,1
17,5,27794,0,1,0.0,1,1,1,0
16,1,21484,0,1,0.0,1,1,4,0
18,1,6036,2,1,1.0,1,1,0,1
11,6,28125,0,1,0.0,1,1,4,1
15,4,18467,1,1,0.0,1,1,2,1
9,4,28784,0,1,0.0,1,1,4,1
8,6,922,0,1,0.0,1,1,2,1
17,3,15728,0,1,0.0,1,1,4,0
16,5,25642,0,1,0.0,1,1,3,1
18,0,802,0,1,1.0,1,1,1,1
12,5,25148,0,1,0.0,1,1,0,0
14,3,19986,0,1,0.0,1,1,1,1
15,2,16805,0,1,1.0,1,1,2,1
13,4,6391,1,1,0.0,1,1,3,1
16,6,13301,0,1,0.0,1,1,1,0
13,3,2926,2,1,0.0,1,1,3,1
13,4,4889,0,1,0.0,1,0,2,1
13,2,24848,2,1,0.0,1,1,3,1
12,3,7849,0,1,0.0,1,1,3,0
16,2,26046,0,1,0.0,1,1,3,1
15,1,26788,0,1,0.0,1,1,0,1
9,5,3511,0,1,0.0,1,1,4,0
10,3,16199,0,1,0.0,1,1,0,1
14,3,21181,0,1,0.0,1,1,2,1
11,3,28641,0,1,0.0,1,1,3,1
11,0,1621,0,1,0.0,1,1,1,0
10,6,9608,2,1,0.0,1,1,3,1
12,4,20238,1,1,0.0,1,1,3,1
13,3,26892,0,1,0.0,1,1,1,1
15,0,8775,0,1,0.0,0,1,3,1
19,6,27686,2,1,0.0,1,1,4,1
17,2,13904,0,1,0.0,1,1,0,1
9,3,7488,0,1,0.0,1,1,2,1
17,2,3671,0,1,0.0,1,1,1,0
12,2,16157,0,1,0.0,1,1,3,1
14,6,18130,1,1,0.0,1,0,3,1
18,6,27987,1,1,0.0,1,1,4,1
12,6,24853,0,1,0.0,1,1,1,1
14,6,6055,0,1,0.0,1,1,1,1
9,4,12646,0,1,0.0,0,1,1,0
11,5,27459,0,1,0.0,1,1,1,1
16,2,24337,0,1,1.0,1,1,4,1
10,6,20283,0,1,0.0,1,1,4,1
10,4,13537,1,1,1.0,1,1,4,1
13,3,0,0,1,5.0,1,0,3,0
14,4,8516,0,1,0.0,1,1,0,0
14,2,18173,0,1,0.0,1,1,1,0
9,2,21930,0,1,1.0,1,1,0,0
7,1,9698,0,1,1.0,1,0,4,0
13,1,8073,0,1,0.0,1,1,1,1
10,2,12284,0,1,0.0,1,1,1,1
15,4,18297,0,1,2.0,1,1,1,1
6,6,11258,2,1,0.0,1,1,4,1
10,3,8978,0,1,0.0,1,1,4,0
11,2,10721,2,1,1.0,1,1,4,1
10,5,1589,1,1,1.0,1,1,1,1
15,5,6876,1,1,0.0,1,1,3,1
15,0,4937,0,1,0.0,1,1,0,0
14,3,4998,0,1,0.0,1,0,3,1
7,0,22920,0,1,0.0,1,1,4,1
16,1,26969,2,1,0.0,1,1,4,1
8,4,24028,3,1,0.0,1,1,3,1
13,2,24140,0,1,0.0,1,1,0,0
18,4,7264,2,1,2.0,1,1,1,1
17,6,12635,1,1,0.0,1,1,4,1
6,0,25663,0,1,0.0,1,1,1,1
14,2,23607,0,1,0.0,1,1,2,1
12,5,9122,0,1,0.0,1,1,2,0
17,3,7214,0,1,1.0,1,1,3,1
16,0,5597,2,1,0.0,1,1,0,1
13,4,14138,0,1,0.0,1,0,4,1
9,6,27477,0,1,0.0,1,0,3,1
13,3,16476,0,1,1.0,1,1,1,0
9,6,12182,0,1,0.0,1,1,3,1
14,4,24892,0,1,0.0,1,1,2,1
14,0,21669,0,1,0.0,1,1,1,1
11,5,26619,0,1,0.0,1,1,2,1
14,3,22630,0,1,0.0,1,1,2,0
17,2,10152,0,1,0.0,1,1,3,1
9,0,12775,1,1,0.0,1,1,4,1
12,4,748,0,1,0.0,1,1,3,1
10,5,14049,0,1,0.0,1,1,3,1
18,0,26232,0,1,0.0,1,1,4,1
13,4,5558,0,1,0.0,1,1,1,0
12,6,1757,0,1,0.0,1,1,0,0
13,1,24140,0,1,0.0,1,1,3,1
11,0,26889,0,1,0.0,1,1,1,0
16,4,13770,2,1,0.0,1,1,2,1
10,1,5267,0,1,0.0,1,1,0,1
13,6,5944,0,1,0.0,1,1,2,1
11,1,20580,3,1,0.0,1,1,3,1
16,5,24629,0,1,0.0,1,1,1,1
18,4,9882,0,1,0.0,1,1,3,1
15,1,17999,3,1,1.0,1,1,4,1
19,6,10245,0,1,0.0,1,1,0,1
14,2,28156,0,1,0.0,1,1,2,0
13,1,18949,0,1,0.0,1,0,2,1
11,0,8716,0,1,0.0,1,1,4,1
19,4,15867,0,1,0.0,1,1,1,1
14,1,11473,1,1,0.0,1,1,0,1
12,0,4810,0,1,0.0,1,1,1,1
7,4,16176,0,1,0.0,1,1,0,1
9,4,16528,0,1,0.0,1,1,1,1
10,1,20535,2,1,0.0,1,1,0,1
14,0,19377,0,1,0.0,1,1,2,1
14,4,8827,0,1,0.0,1,0,4,1
11,5,10269,0,1,0.0,1,1,3,1
13,5,17164,0,1,0.0,1,1,1,1
18,3,5340,0,1,0.0,1,0,1,1
17,0,25451,2,1,0.0,1,1,2,1
12,4,5108,0,1,0.0,1,0,2,1
6,3,20862,0,1,0.0,1,1,0,1
12,1,17922,0,1,0.0,1,0,1,1
17,5,18905,0,1,0.0,1,1,3,1
15,3,17421,2,1,0.0,1,1,0,1
12,5,18303,0,1,0.0,1,1,3,1
13,3,668,1,1,0.0,1,0,3,1
8,2,15798,0,1,0.0,1,1,2,1
14,3,7370,0,1,0.0,1,1,2,0
9,5,5152,0,1,0.0,1,1,2,0
7,5,1190,0,1,0.0,1,1,2,1
11,3,1909,0,1,0.0,1,1,4,1
12,5,7430,0,1,0.0,1,1,1,1
8,4,4934,0,1,0.0,1,1,0,1
13,0,94,3,1,0.0,1,1,1,1
16,2,26254,0,1,0.0,1,1,1,0
15,3,22181,0,1,0.0,1,1,3,1
16,1,6752,1,1,0.0,1,1,4,1
12,2,24345,0,1,0.0,1,1,3,1
15,6,3979,2,1,0.0,1,1,4,1
8,5,26020,0,1,0.0,1,1,3,1
15,2,25811,0,1,0.0,1,1,3,1
14,5,15103,1,1,0.0,1,1,1,1
11,3,11732,2,1,0.0,0,0,2,1
7,4,17937,0,1,0.0,1,1,0,1
15,4,863,0,1,0.0,1,1,4,1
16,5,25090,0,1,0.0,1,1,0,1
12,3,8669,0,1,0.0,1,1,3,1
9,6,21208,0,1,0.0,1,1,0,0
15,0,20664,1,1,0.0,1,1,1,1
18,0,21423,2,1,0.0,1,1,1,1
12,0,17164,0,1,0.0,1,1,1,1
13,5,19536,0,1,0.0,1,1,2,0
13,2,7639,0,1,0.0,1,1,2,0
17,1,21970,0,1,0.0,1,1,2,1
11,4,25787,0,1,0.0,1,1,2,0
15,3,11860,0,1,0.0,0,0,4,1
10,6,5909,2,1,0.0,1,1,4,1
13,6,28226,0,1,0.0,1,1,4,1
12,4,20118,0,1,1.0,1,0,3,0
12,4,12413,0,1,0.0,1,1,2,1
11,3,14651,0,1,0.0,0,1,3,1
15,4,8836,0,1,0.0,1,1,0,1
15,4,747,0,1,0.0,1,1,2,1
19,2,27721,0,1,0.0,1,1,0,0
14,2,28097,0,1,0.0,1,1,4,0
9,2,5487,0,1,0.0,1,1,3,1
12,5,15438,0,1,0.0,0,1,2,1
7,5,19233,1,1,0.0,1,1,0,1
10,2,17296,0,1,0.0,1,1,2,1
13,6,10648,0,1,0.0,1,1,4,1
9,1,25219,0,1,0.0,1,1,3,1
14,5,18921,0,1,0.0,1,1,3,1
12,6,13859,0,1,0.0,1,1,0,1
14,5,7315,2,1,0.0,1,1,3,1
12,0,10496,2,1,0.0,1,0,4,1
9,5,17972,0,1,0.0,1,1,2,1
17,6,6594,3,1,0.0,1,1,4,1
13,6,5477,0,1,0.0,1,1,0,1
12,4,13478,0,1,0.0,1,1,4,1
13,0,19088,2,1,0.0,1,1,2,1
17,6,5866,0,1,0.0,1,1,3,0
12,5,22548,2,1,0.0,1,1,3,1
16,2,5860,0,1,1.0,1,1,4,1
16,4,0,0,1,5.0,1,0,3,0
19,5,21610,0,1,0.0,1,1,4,1
9,0,23486,0,1,0.0,1,1,2,1
16,2,453,0,1,1.0,1,1,3,0
14,0,10636,0,1,0.0,1,1,0,1
12,3,6442,0,1,0.0,1,1,3,0
18,6,5381,0,1,0.0,1,0,1,1
17,1,26326,2,1,0.0,1,0,1,1
9,3,4945,0,1,0.0,1,1,4,1
13,0,1451,1,1,1.0,1,1,3,1
12,6,24289,0,1,0.0,1,1,0,1
15,4,27879,0,1,0.0,1,1,2,0
16,5,7384,0,1,0.0,1,0,2,1
12,4,9576,0,1,0.0,1,1,3,1
13,3,16782,0,1,0.0,1,1,1,1
10,4,22122,2,1,0.0,1,1,1,1
18,0,4480,0,1,0.0,1,1,4,1
13,0,6393,0,1,0.0,1,1,3,1
15,2,14902,0,1,1.0,1,1,3,0
13,4,19074,0,1,0.0,1,0,1,1
13,1,26550,3,1,0.0,1,0,3,1
8,1,16325,0,1,0.0,1,0,2,1
13,1,3774,0,1,0.0,1,1,3,0
10,1,6139,0,1,1.0,1,1,1,1
9,3,8392,0,1,0.0,1,1,4,1
14,3,19868,0,1,0.0,0,0,0,1
11,4,19370,0,1,0.0,1,1,3,1
14,1,12277,0,1,0.0,1,1,4,1
6,0,17800,0,1,0.0,1,1,4,1
7,4,21627,0,1,0.0,1,1,3,1
19,1,17130,1,1,1.0,1,1,1,1
11,0,24803,0,1,1.0,1,1,4,1
10,4,17431,0,1,0.0,1,1,3,1
14,2,8699,0,1,0.0,1,1,4,1
14,2,5717,0,1,0.0,1,1,1,1
17,0,1843,0,1,0.0,1,1,3,0
10,4,6737,0,1,0.0,1,1,2,1
13,2,16726,1,1,0.0,1,1,2,1
10,1,10661,0,1,0.0,1,1,3,1
15,2,24980,0,1,0.0,1,1,3,0
12,4,13138,0,1,0.0,1,1,3,0
10,5,26182,1,1,0.0,1,1,3,1
12,2,25615,0,1,0.0,1,1,3,1
8,0,23500,2,1,0.0,1,1,0,1
18,3,13860,0,1,0.0,1,1,1,0
15,0,1750,0,1,0.0,1,1,2,1
9,5,23717,0,1,1.0,1,1,4,1
11,6,1824,0,1,0.0,1,1,3,0
11,4,16918,0,1,1.0,1,0,4,1
10,3,4469,1,1,0.0,1,1,1,1
13,4,11694,0,1,1.0,0,1,4,0
18,0,310,1,1,0.0,1,1,3,1
15,6,25241,0,1,0.0,1,1,3,0
12,0,6067,0,1,0.0,1,0,3,1
9,0,1574,3,1,0.0,1,1,1,1
12,0,21787,0,1,0.0,1,1,4,1
10,3,0,0,1,5.0,1,0,3,1
14,4,2324,0,1,0.0,1,1,0,1
10,3,2933,0,1,0.0,1,1,0,1
17,4,6188,0,1,0.0,1,1,3,1
14,3,0,0,1,5.0,1,0,3,1
8,5,11641,0,1,0.0,1,1,1,0
9,5,18030,0,1,0.0,1,1,3,1
19,0,21848,1,1,0.0,1,1,2,1
8,1,28089,0,1,0.0,1,1,4,1
9,3,26409,0,1,0.0,0,0,0,1
16,5,6484,0,1,0.0,1,1,4,1
7,4,615,1,1,0.0,1,1,1,1
13,0,21932,3,1,0.0,1,1,3,1
10,5,23228,0,1,0.0,1,1,0,1
14,1,27709,3,1,0.0,1,1,0,1
8,6,28148,0,1,0.0,1,1,0,0
10,3,20506,0,1,0.0,0,0,3,1
15,4,23889,0,1,0.0,1,1,2,1
8,0,17753,0,1,0.0,1,1,4,1
11,1,24689,0,1,0.0,1,0,4,0
14,3,26042,0,1,0.0,1,0,0,1
19,2,13524,0,1,0.0,1,1,3,1
8,2,16328,0,1,0.0,1,1,1,0
10,6,9974,2,1,0.0,1,1,0,1
11,3,4489,0,1,0.0,0,0,4,0
18,0,12732,0,1,0.0,1,1,4,1
13,0,18965,0,1,0.0,1,1,0,1
11,3,7832,0,1,0.0,1,1,4,0
6,0,26495,0,1,0.0,1,1,0,1
16,1,8912,0,1,0.0,1,0,4,1
14,5,10049,0,1,0.0,1,0,0,1
15,1,8592,0,1,0.0,1,1,3,1
10,1,10007,0,1,0.0,1,1,0,1
8,6,2334,0,1,0.0,1,1,1,0
6,5,16634,0,1,0.0,1,1,3,1
13,5,27535,0,1,0.0,1,1,1,1
10,5,2605,2,1,0.0,1,1,2,1
11,2,24722,2,1,0.0,1,1,1,1
14,6,5414,0,1,1.0,1,1,3,1
15,3,23824,1,1,0.0,1,1,3,1
12,1,6659,0,1,0.0,1,1,0,1
17,0,8711,0,1,0.0,1,1,1,1
16,3,16415,3,1,0.0,1,1,2,1
12,4,25454,1,1,0.0,0,1,2,1
11,0,3429,0,1,0.0,1,1,1,1
16,4,18853,0,1,0.0,1,1,3,1
18,6,13266,0,1,0.0,1,1,2,0
17,6,19067,0,1,0.0,0,1,4,1
11,5,7518,0,1,0.0,1,1,4,1
7,3,15851,0,1,0.0,1,1,3,1
13,3,9596,0,1,0.0,0,0,4,1
10,0,8657,0,1,0.0,1,1,4,1
7,3,21296,0,1,0.0,1,1,1,1
10,3,17780,1,1,0.0,1,1,2,1
18,2,16066,1,1,0.0,1,1,1,1
18,0,7954,0,1,0.0,1,1,3,0
18,0,22608,1,1,0.0,1,1,3,1
13,4,18541,0,1,0.0,1,0,0,1
9,0,2673,3,1,0.0,1,1,4,1
19,6,23796,0,1,0.0,1,1,1,1
13,4,21476,0,1,0.0,1,1,4,1
11,3,8916,0,1,1.0,1,1,2,1
18,4,26458,0,1,0.0,1,1,4,1
7,3,21899,1,1,1.0,1,1,4,1
11,5,28469,0,1,0.0,1,1,3,1
11,5,13014,1,1,0.0,1,1,3,1
12,0,2413,0,1,0.0,1,1,0,1
11,0,27846,2,1,0.0,1,1,2,1
14,0,23646,3,1,0.0,1,1,4,1
11,5,26785,0,1,0.0,1,1,1,0
10,4,629,2,1,0.0,1,1,1,1
17,1,26800,0,1,1.0,1,1,4,1
9,4,26518,0,1,1.0,1,1,4,0
7,1,16102,0,1,0.0,1,1,4,1
11,5,26432,0,1,0.0,1,1,0,1
10,4,908,0,1,0.0,1,1,0,1
9,4,21640,0,1,0.0,1,1,2,0
13,6,19900,0,1,0.0,1,1,3,1
18,0,16833,0,1,0.0,1,1,3,1
16,4,6765,0,1,0.0,1,1,0,0
15,1,20886,0,1,0.0,1,1,3,0
13,4,28659,0,1,0.0,1,1,2,1
14,3,0,0,1,5.0,1,0,3,1
12,3,25905,0,1,0.0,1,1,4,1
16,4,2329,0,1,0.0,1,1,1,1
18,1,6882,0,1,0.0,1,1,4,0
17,5,14848,2,1,0.0,1,1,2,1
16,5,17182,0,1,0.0,1,0,4,0
12,1,14911,1,1,1.0,1,0,4,1
8,2,16216,1,1,0.0,1,1,0,1
6,2,19100,1,1,0.0,1,1,3,1
7,6,6645,0,1,0.0,1,1,0,1
10,4,18036,0,1,0.0,1,1,0,1
14,4,23157,0,1,0.0,1,1,3,1
11,6,8534,0,1,0.0,1,1,1,0
17,0,13491,0,1,0.0,1,1,3,1
12,0,17212,0,1,0.0,1,1,2,1
13,5,22868,0,1,0.0,1,1,2,1
12,5,20275,0,1,0.0,1,1,1,1
12,5,26454,0,1,0.0,1,1,3,1
18,5,26599,0,1,0.0,1,1,4,1
12,4,12526,0,1,0.0,1,1,4,1
11,6,369,0,1,0.0,1,1,0,0
13,2,5671,0,1,0.0,1,1,3,1
12,3,28662,2,1,0.0,1,0,0,1
7,3,28572,0,1,0.0,1,1,2,0
19,1,22905,0,1,0.0,1,1,2,1
15,1,25425,0,1,0.0,1,1,1,1
15,5,26058,2,1,1.0,1,1,1,1
11,6,16706,1,1,0.0,1,1,0,1
9,3,975,0,1,0.0,1,1,0,1
14,3,9889,0,1,0.0,1,1,0,0
10,1,3236,0,1,0.0,1,1,2,1
15,3,26617,3,1,0.0,1,0,4,1
8,0,28447,2,1,0.0,1,1,3,1
11,3,26578,0,1,0.0,1,1,3,1
15,2,9556,0,1,0.0,1,1,2,1
13,2,968,0,1,0.0,1,1,3,1
14,0,10643,0,1,0.0,1,1,2,1
10,6,481,0,1,0.0,1,1,3,1
14,4,23906,0,1,0.0,0,0,2,1
13,4,2434,0,1,1.0,1,1,2,0
13,6,11959,0,1,0.0,1,1,0,1
10,0,2715,1,1,0.0,1,1,3,1
19,2,11080,0,1,0.0,1,1,3,1
14,0,12842,3,1,0.0,1,1,2,1
11,4,7715,0,1,0.0,1,1,1,1
9,2,27072,0,1,0.0,1,1,0,1
11,2,6472,2,1,0.0,1,1,1,1
10,6,1408,0,1,0.0,1,1,3,1
12,3,26202,0,1,3.0,1,1,4,1
10,1,25926,0,1,0.0,1,1,2,1
16,6,9789,0,1,0.0,1,1,1,0
13,6,14052,0,1,0.0,1,1,4,1
12,1,26917,0,1,0.0,1,1,4,0
17,6,27234,0,1,0.0,1,1,2,1
11,5,5483,1,1,0.0,1,1,0,1
17,1,22495,0,1,0.0,1,1,3,1
11,6,13495,0,1,0.0,1,1,2,1
12,4,3594,1,1,0.0,1,1,2,1
13,4,20907,0,1,0.0,1,1,4,1
14,0,1384,1,1,0.0,1,1,1,1
16,4,1789,0,1,0.0,1,1,0,1
19,4,1589,0,1,0.0,1,0,3,1
13,3,27842,0,1,0.0,1,1,0,1
15,0,26821,0,1,0.0,1,1,4,1
15,1,9723,0,1,0.0,1,1,1,1
11,4,21523,1,1,0.0,1,1,0,1
12,6,15905,0,1,0.0,1,1,4,1
14,0,7012,2,1,0.0,1,1,3,1
15,2,17245,0,1,0.0,1,1,2,0
8,4,0,0,1,5.0,1,0,3,1
14,1,26629,0,1,0.0,1,1,3,1
13,5,15461,0,1,0.0,1,1,1,0
16,5,12577,1,1,0.0,1,1,2,1
18,6,23872,0,1,0.0,1,1,2,0
17,1,5150,3,1,0.0,1,1,3,1
14,0,2229,1,1,0.0,1,1,0,1
8,0,6351,0,1,0.0,1,1,4,1
10,2,21755,0,1,0.0,1,1,4,1
9,1,24973,3,1,0.0,0,1,4,1
8,1,1756,0,1,0.0,1,1,0,1
6,1,4120,0,1,0.0,1,1,0,1
9,6,9945,0,1,0.0,1,1,3,1
13,3,15318,0,1,1.0,1,1,3,1
15,4,17389,0,1,2.0,1,1,1,1
8,4,12913,1,1,1.0,1,1,3,1
16,1,2990,0,1,1.0,1,1,3,1
13,1,8101,1,1,0.0,1,1,1,1
13,1,10831,0,1,0.0,1,1,2,1
12,5,1029,0,1,0.0,1,1,1,1
13,0,13317,1,1,0.0,1,1,3,1
19,2,18871,1,1,0.0,1,1,3,1
14,3,168,2,1,0.0,1,1,0,1
11,4,22863,1,1,0.0,1,1,4,1
13,4,24097,0,1,0.0,1,1,4,1
8,6,1126,0,1,0.0,1,1,4,1
13,1,11210,0,1,0.0,1,1,4,0
16,6,14903,0,1,0.0,1,1,1,1
11,0,4360,0,1,0.0,1,1,3,0
15,5,11689,0,1,0.0,1,0,1,1
17,0,25910,0,1,0.0,1,1,0,1
8,2,13539,0,1,0.0,1,1,0,1
18,6,6898,2,1,1.0,1,1,0,1
11,4,23851,0,1,0.0,1,1,0,1
10,4,6282,0,1,0.0,1,1,4,0
17,6,1973,0,1,1.0,1,1,4,1
8,4,22538,0,1,0.0,1,1,3,1
11,3,6480,1,1,0.0,1,1,2,1
14,1,1354,0,1,0.0,1,1,1,0
12,3,22949,1,1,0.0,1,1,3,1
15,4,26308,0,1,0.0,1,0,1,1
13,0,5281,0,1,0.0,1,1,1,1
16,6,16683,0,1,0.0,1,1,2,0
11,3,24105,1,1,0.0,1,1,1,1
9,0,10464,0,1,0.0,1,1,4,1
11,1,9839,0,1,0.0,1,1,1,1
14,4,0,0,1,3.0,1,0,3,1
14,4,329,0,1,0.0,1,0,3,1
13,6,5637,0,1,0.0,1,1,1,1
10,2,15322,0,1,0.0,1,1,3,1
8,0,28410,0,1,0.0,0,0,1,0
14,1,22097,0,1,0.0,1,1,4,1
11,6,27712,0,1,0.0,1,1,2,1
16,6,19036,1,1,0.0,1,1,4,1
14,1,8733,2,1,0.0,1,1,1,1
11,1,18039,0,1,0.0,1,0,4,1
12,5,21801,0,1,0.0,1,1,3,1
17,5,1760,0,1,0.0,1,1,3,1
15,0,1051,0,1,0.0,1,1,4,1
17,4,9330,0,1,0.0,1,1,3,1
17,4,27854,0,1,0.0,1,1,1,0
9,4,516,0,1,0.0,1,1,1,1
8,2,10755,3,1,0.0,1,0,4,1
9,3,16392,0,1,0.0,1,0,0,1
17,5,13982,1,1,1.0,1,1,3,1
13,0,707,0,1,0.0,1,1,1,0
18,4,9904,0,1,0.0,1,1,4,1
11,3,9661,2,1,0.0,1,0,1,1
10,3,2559,1,1,0.0,1,1,2,1
10,4,12142,0,1,0.0,1,1,4,0
9,5,14507,0,1,0.0,1,1,0,0
11,6,17215,0,1,0.0,1,1,2,1
10,0,13427,0,1,0.0,1,1,1,1
13,2,6276,2,1,0.0,1,1,1,1
14,5,28689,0,1,0.0,1,1,3,1
20,1,9546,0,1,0.0,1,1,2,0
10,5,15949,0,1,0.0,1,1,2,1
17,0,20146,1,1,0.0,0,1,1,1
16,1,26770,3,1,0.0,1,0,1,1
15,6,14352,0,1,0.0,1,1,4,1
12,3,9344,0,1,0.0,1,1,3,1
9,4,9028,0,1,0.0,1,1,4,0
13,3,11071,0,1,0.0,1,1,2,1
15,2,6582,0,1,1.0,1,1,2,1
10,0,17479,0,1,0.0,1,1,2,1
17,1,8281,1,1,0.0,1,1,3,1
8,3,8416,0,1,1.0,1,1,0,1
8,6,12334,0,1,1.0,1,1,4,0
13,3,11432,2,1,0.0,1,1,3,1
14,6,10675,0,1,0.0,1,1,4,1
14,5,2807,0,1,0.0,1,1,1,1
13,5,7095,0,1,0.0,1,1,0,1
14,6,19996,0,1,0.0,1,1,4,0
13,4,16915,0,1,0.0,1,1,1,1
10,6,13023,2,1,0.0,1,1,2,1
11,1,819,0,1,1.0,1,1,1,1
13,1,16691,2,1,0.0,1,1,1,1
10,4,15592,0,1,0.0,1,1,4,1
13,2,28045,2,1,0.0,1,1,4,1
8,4,16385,1,1,0.0,1,1,1,1
14,1,17306,0,1,0.0,1,1,4,0
12,3,13302,0,1,0.0,1,1,3,1
11,4,11013,0,1,0.0,1,1,1,1
15,3,13566,1,1,0.0,0,0,0,1
15,4,26417,0,1,0.0,1,1,0,1
18,6,7896,0,1,0.0,1,1,2,1
6,0,27793,0,1,0.0,1,1,2,1
8,5,21782,0,1,0.0,0,1,4,0
18,4,17633,0,1,0.0,1,1,2,0
12,3,12352,0,1,0.0,0,0,3,1
11,3,9986,1,1,0.0,1,1,2,1
15,1,9374,0,1,0.0,1,0,4,1
11,5,27226,0,1,0.0,1,1,2,1
20,2,19458,0,1,0.0,1,1,4,1
15,5,26810,0,1,0.0,1,1,1,1
13,0,17193,0,1,1.0,1,1,4,1
11,3,26172,1,1,0.0,1,1,0,1
15,0,28064,0,1,0.0,1,1,0,0
10,2,16971,0,1,0.0,1,1,3,0
16,4,27606,0,1,0.0,1,1,2,1
10,0,7422,0,1,0.0,1,1,0,1
12,0,5730,0,1,0.0,1,1,3,1
17,2,9520,0,1,0.0,1,1,4,0
11,0,15167,0,1,0.0,1,1,4,1
13,0,11479,0,1,0.0,1,1,2,1
8,0,11087,0,1,0.0,1,1,4,1
14,5,314,0,1,1.0,1,1,0,1
13,1,2142,1,1,0.0,0,1,4,1
14,0,21538,2,1,0.0,1,1,3,1
15,0,723,0,1,1.0,1,1,0,1
10,5,8660,0,1,0.0,1,0,0,1
13,4,27559,0,1,0.0,1,1,1,1
8,5,4448,1,1,0.0,1,1,0,1
12,3,16060,3,1,0.0,1,1,4,1
14,6,13269,0,1,1.0,1,1,1,0
13,0,5384,0,1,1.0,0,1,1,1
9,4,1903,0,1,0.0,1,1,2,1
18,4,1347,0,1,0.0,1,1,1,1
15,0,15327,0,1,0.0,1,1,2,1
9,5,11685,0,1,0.0,1,1,3,1
11,2,8830,0,1,0.0,1,1,4,1
14,6,161,3,1,0.0,1,0,1,1
6,2,15492,0,1,0.0,1,1,1,1
14,3,7343,2,1,0.0,1,1,4,1
16,0,24862,2,1,0.0,1,1,1,1
12,3,4115,3,1,0.0,1,1,3,1
12,1,21413,0,1,0.0,1,1,0,1
11,6,23786,2,1,0.0,1,1,0,1
16,0,78,0,1,1.0,1,0,3,1
15,0,5990,0,1,0.0,1,1,0,0
11,3,25057,0,1,0.0,1,1,1,1
15,6,16022,1,1,0.0,1,1,1,1
16,4,13555,0,1,0.0,1,1,4,1
20,4,21226,0,1,0.0,1,1,1,1
13,5,11157,0,1,0.0,1,1,2,1
10,3,0,0,1,5.0,1,0,3,1
13,4,16034,0,1,0.0,1,1,2,1
11,1,14947,2,1,0.0,1,1,1,1
15,3,4971,0,1,0.0,1,1,3,1
10,4,27819,0,1,1.0,1,1,4,1
10,5,26363,1,1,0.0,1,1,3,1
13,4,0,0,1,5.0,1,0,3,1
16,6,9040,0,1,1.0,1,1,3,0
18,4,18367,3,1,0.0,1,1,3,1
17,1,11388,2,1,0.0,1,1,1,1
16,1,20031,2,1,0.0,1,1,2,1
9,6,15211,0,1,0.0,1,0,3,1
10,6,10257,0,1,0.0,1,1,3,1
13,6,28170,1,1,0.0,1,1,0,1
12,2,20690,0,1,0.0,1,1,2,1
10,2,20012,1,1,2.0,1,1,3,1
11,2,14577,0,1,0.0,1,0,4,1
11,3,4379,0,1,0.0,0,0,0,1
15,4,186,1,1,0.0,1,1,0,1
15,5,6723,0,1,0.0,1,0,0,0
7,5,3338,1,1,0.0,1,1,0,1
14,0,8862,0,1,0.0,1,1,2,1
11,2,17604,2,1,0.0,1,1,0,1
6,3,27428,3,1,0.0,1,0,1,1
12,6,12139,0,1,0.0,1,1,3,1
13,1,14932,0,1,0.0,1,1,2,1
18,3,15740,0,1,0.0,0,1,2,0
15,4,0,0,1,5.0,1,0,3,1
9,3,7161,0,1,0.0,1,1,3,1
10,6,15704,2,1,0.0,1,1,1,1
9,2,23103,2,1,0.0,1,1,4,1
15,2,28560,0,1,0.0,1,1,0,0
9,3,6463,0,1,0.0,0,0,0,1
8,1,16121,0,1,0.0,1,1,2,1
17,5,13143,2,1,1.0,1,1,3,1
15,4,0,0,1,5.0,1,0,3,1
11,4,18456,0,1,0.0,1,1,1,1
7,2,6650,0,1,0.0,1,0,1,1
13,2,12694,0,1,0.0,1,1,1,0
18,4,18937,0,1,0.0,1,1,2,1
17,4,14859,0,1,0.0,1,1,0,0
15,0,26346,0,1,0.0,1,1,3,0
13,1,14974,0,1,0.0,1,1,1,1
9,0,12878,0,1,1.0,1,1,2,1
16,0,15444,1,1,1.0,1,1,2,1
10,5,23016,0,1,0.0,1,0,2,1
8,6,11724,0,1,0.0,1,1,2,0
17,4,24034,0,1,0.0,0,1,1,1
14,5,25457,2,1,0.0,1,1,3,1
17,2,9976,1,1,0.0,1,1,3,1
11,1,28168,0,1,0.0,1,1,0,1
9,2,28178,0,1,0.0,1,1,0,1
18,6,28553,0,1,0.0,1,1,3,0
11,1,8733,0,1,0.0,1,1,4,1
15,4,27989,0,1,0.0,1,1,3,0
14,4,10066,0,1,0.0,1,1,2,0
10,0,12898,0,1,0.0,1,1,4,1
13,1,21117,0,1,1.0,1,1,2,1
8,5,13665,0,1,0.0,1,1,4,1
11,4,2132,0,1,0.0,0,1,3,1
16,4,3468,3,1,0.0,1,1,2,1
8,3,25345,0,1,0.0,1,1,2,1
13,2,22201,2,1,0.0,1,0,2,1
8,5,115,0,1,0.0,1,1,4,1
6,3,0,0,1,5.0,1,0,3,1
13,0,4753,0,1,0.0,1,1,1,1
12,3,16506,0,1,0.0,0,0,4,1
10,2,24269,1,1,0.0,1,1,4,1
11,4,6483,3,1,0.0,1,1,2,1
12,3,15721,0,1,0.0,1,1,2,1
8,4,0,0,1,5.0,1,0,3,1
15,3,23466,1,1,0.0,1,0,3,1
14,5,11159,0,1,0.0,1,1,2,0
13,6,2016,0,1,0.0,1,1,0,1
14,5,7126,1,1,0.0,1,1,2,1
10,2,17062,0,1,0.0,1,1,4,0
16,5,5800,0,1,0.0,1,0,0,1
15,5,4077,1,1,0.0,1,1,3,1
13,5,12472,0,1,0.0,1,1,3,0
18,1,1406,0,1,0.0,1,1,0,1
16,5,20811,0,1,0.0,1,1,3,1
15,2,24973,2,1,0.0,1,0,3,1
8,0,4940,0,1,1.0,1,0,3,1
7,5,0,0,1,3.0,1,0,3,1
15,6,22829,0,1,1.0,1,1,3,1
17,3,15191,1,1,0.0,1,1,2,1
15,1,21279,0,1,0.0,1,1,3,1
13,3,18441,1,1,0.0,1,1,1,1
13,3,0,0,1,5.0,1,0,3,1
13,3,23961,0,1,0.0,1,1,1,1
15,5,134,2,1,0.0,1,1,4,1
13,2,23151,0,1,0.0,1,1,0,1
9,5,649,0,1,0.0,1,1,1,1
12,5,11479,0,1,0.0,1,1,3,0
14,0,5406,0,1,0.0,1,1,1,1
9,2,27952,3,1,0.0,1,1,2,1
14,3,8499,3,1,0.0,1,1,4,1
14,4,8710,0,1,0.0,1,1,3,1
16,0,23371,0,1,0.0,1,1,1,1
14,0,2779,0,1,0.0,1,1,1,1
17,2,5900,0,1,0.0,1,1,0,1
14,0,27532,0,1,1.0,1,1,3,1
12,4,14989,3,1,0.0,1,1,2,1
20,3,6174,2,1,0.0,1,1,1,1
15,0,15094,1,1,0.0,1,1,3,1
18,4,20159,0,1,0.0,0,0,0,0
12,2,25591,0,1,0.0,1,1,3,1
10,1,19377,0,1,0.0,1,1,3,1
11,5,7139,0,1,0.0,1,1,4,1
9,5,15169,2,1,0.0,1,1,1,1
15,0,17256,1,1,1.0,1,1,3,1
9,3,24613,0,1,0.0,1,1,2,1
15,4,28734,0,1,0.0,1,1,2,0
16,4,12554,0,1,0.0,1,1,2,1
11,5,16747,0,1,0.0,1,1,2,1
9,5,16867,0,1,0.0,1,1,2,1
17,5,16598,0,1,0.0,1,1,2,0
11,1,28326,0,1,0.0,1,1,2,1
8,6,25833,0,1,0.0,1,1,2,0
12,6,901,2,1,0.0,1,1,1,1
8,0,22917,0,1,0.0,1,1,2,1
11,6,6894,0,1,1.0,1,1,1,1
13,6,26064,0,1,0.0,1,1,1,1
14,5,1374,0,1,0.0,1,1,4,1
14,3,25120,0,1,0.0,1,1,0,0
19,6,28706,0,1,0.0,1,1,4,1
13,1,21021,0,1,0.0,1,1,2,1
12,4,23639,0,1,0.0,1,1,4,0
17,4,2183,2,1,0.0,1,1,1,1
13,4,10589,0,1,0.0,1,1,3,1
8,1,7994,3,1,0.0,1,1,4,1
15,3,24393,0,1,0.0,1,1,0,1
9,0,19498,0,1,0.0,1,1,1,1
16,4,19523,0,1,0.0,1,1,0,1
14,0,20363,0,1,0.0,1,1,3,0
17,1,7855,0,1,0.0,1,1,1,1
13,6,21468,0,1,0.0,1,1,0,0
9,3,12032,0,1,0.0,0,0,4,1
10,3,22676,0,1,0.0,1,1,3,1
8,0,6745,0,1,0.0,1,0,2,1
7,3,0,0,1,5.0,1,0,3,1
8,2,726,3,1,0.0,1,0,0,1
19,0,13963,1,1,0.0,1,1,1,1
17,4,506,0,1,0.0,1,1,2,1
10,5,21249,0,1,0.0,1,0,1,1
11,5,27235,0,1,0.0,1,1,4,1
20,6,7256,2,1,0.0,1,1,3,1
9,6,7730,0,1,0.0,1,1,3,1
13,0,19712,0,1,0.0,1,1,3,1
18,4,5565,0,1,0.0,1,1,4,1
15,3,23178,0,1,0.0,1,1,1,1
10,3,11978,0,1,0.0,1,1,3,1
8,6,21854,0,1,0.0,1,1,3,1
8,3,0,0,1,5.0,1,0,3,1
16,2,22452,0,1,0.0,1,1,0,1
13,0,13738,0,1,0.0,1,1,1,1
8,0,23252,2,1,1.0,1,1,4,1
11,3,6825,0,1,0.0,1,0,4,1
9,3,10479,0,1,1.0,1,1,4,1
8,1,7491,0,1,0.0,1,0,3,1
9,5,11576,2,1,0.0,1,1,3,1
12,5,10036,0,1,0.0,1,1,1,1
16,1,12783,0,1,0.0,1,1,1,1
16,2,19176,0,1,0.0,1,1,3,1
16,5,12722,0,1,0.0,1,1,1,1
14,1,14439,1,1,0.0,1,1,3,1
11,3,24527,0,1,0.0,1,1,0,1
11,4,12280,0,1,0.0,0,1,2,0
12,6,3331,0,1,0.0,1,1,0,1
13,2,9772,0,1,0.0,1,1,4,0
13,6,420,0,1,1.0,1,1,3,1
14,1,8273,0,1,0.0,1,1,0,1
15,1,2753,0,1,0.0,1,1,0,1
8,1,21913,0,1,0.0,1,1,0,0
17,0,2394,0,1,1.0,1,1,1,1
16,6,24691,1,1,1.0,1,1,3,1
15,6,3255,0,1,0.0,1,1,2,1
16,4,3325,0,1,0.0,1,1,1,1
12,0,28720,0,1,1.0,1,1,1,0
11,1,13503,0,1,0.0,1,1,0,1
12,6,24225,0,1,0.0,1,1,3,1
12,0,23255,0,1,0.0,1,1,1,1
17,1,15790,0,1,0.0,1,1,2,1
11,1,20050,0,1,0.0,1,0,4,1
13,5,4077,0,1,0.0,1,0,1,1
12,4,26406,2,1,0.0,1,1,0,1
10,5,25583,3,1,0.0,1,1,3,1
18,4,27393,0,1,0.0,1,1,3,1
14,1,11743,0,1,0.0,1,1,2,1
13,2,14159,0,1,0.0,1,1,3,0
12,2,11793,0,1,1.0,1,0,3,1
9,3,3350,0,1,0.0,1,1,0,1
13,2,18198,0,1,0.0,1,1,0,1
12,4,2265,0,1,0.0,1,1,1,1
15,4,3911,0,1,1.0,1,1,4,0
9,4,14282,0,1,0.0,1,1,1,0
15,4,12803,0,1,0.0,1,1,2,1
12,3,2608,0,1,0.0,1,1,1,1
9,3,3204,0,1,0.0,1,0,3,0
13,1,16008,2,1,1.0,1,1,1,1
15,0,23636,0,1,0.0,1,1,0,1
10,5,7984,0,1,0.0,1,1,3,1
7,5,14778,0,1,0.0,1,1,2,1
6,2,7444,1,1,0.0,1,1,4,1
7,4,3785,0,1,0.0,0,0,2,0
16,3,2405,0,1,0.0,1,1,0,1
14,3,3066,2,1,0.0,1,1,3,1
12,0,12238,1,1,0.0,1,1,4,1
8,1,11678,0,1,0.0,1,1,2,1
10,6,10336,0,1,0.0,1,1,0,1
16,0,18095,0,1,0.0,1,1,1,1
9,4,21721,0,1,0.0,1,1,2,1
13,2,20108,0,1,0.0,1,1,2,1
18,5,2752,3,1,0.0,1,1,0,1
14,6,11767,0,1,0.0,1,1,0,1
12,4,20394,0,1,0.0,1,1,4,1
14,5,6105,0,1,0.0,1,1,2,1
16,4,9389,2,1,0.0,1,1,3,1
14,2,21983,0,1,0.0,1,1,3,1
10,6,21175,0,1,0.0,1,1,3,1
10,3,21264,0,1,1.0,1,1,1,1
10,2,17509,0,1,0.0,1,1,0,1
7,4,16740,0,1,0.0,1,1,2,1
12,4,5821,1,1,0.0,1,1,2,1
11,3,22241,0,1,0.0,1,1,1,0
9,0,9107,0,1,0.0,1,1,3,1
10,0,893,0,1,0.0,1,1,3,1
14,1,28711,0,1,0.0,1,1,1,1
11,4,18945,2,1,0.0,1,1,0,1
12,0,11201,0,1,1.0,1,0,4,1
10,5,8733,0,1,0.0,1,1,0,1
13,4,25750,0,1,0.0,1,1,4,1
10,3,3396,0,1,0.0,1,1,4,1
19,1,8027,0,1,0.0,1,1,3,0
14,5,8570,0,1,0.0,1,1,1,1
13,1,8898,0,1,0.0,1,1,4,1
13,2,4618,2,1,0.0,1,1,1,1
11,4,23760,1,1,0.0,1,1,3,1
14,6,10834,0,1,0.0,1,0,1,1
17,3,24588,0,1,1.0,1,1,3,0
15,1,18523,3,1,0.0,1,1,3,1
12,1,10935,0,1,0.0,1,1,1,1
9,0,18218,1,1,0.0,1,0,1,1
7,2,21773,0,1,0.0,1,1,0,1
17,4,5192,1,1,0.0,1,1,3,1
14,2,28518,0,1,0.0,1,0,4,0
11,2,3285,0,1,0.0,1,1,4,0
11,2,24788,0,1,0.0,1,1,1,1
10,3,0,0,1,5.0,1,0,3,1
14,0,19076,0,1,0.0,1,1,1,1
13,5,14365,0,1,0.0,1,1,1,1
11,4,579,0,1,0.0,1,1,4,1
11,0,5559,1,1,0.0,1,1,3,1
13,6,75,1,1,0.0,1,1,4,1
14,5,3370,0,1,0.0,1,0,4,1
11,5,14778,0,1,0.0,1,1,1,1
13,6,5312,0,1,0.0,1,1,0,1
10,4,12233,0,1,0.0,1,1,3,1
14,6,20444,0,1,0.0,1,1,1,1
14,4,18838,0,1,0.0,1,1,0,1
18,3,14503,0,1,0.0,1,0,2,1
8,5,1203,0,1,0.0,1,1,2,1
6,6,3382,0,1,0.0,1,1,4,1
16,2,5615,2,1,0.0,1,1,1,1
13,2,7119,3,1,0.0,1,1,0,1
9,2,8814,0,1,0.0,1,1,1,1
10,6,9116,1,1,0.0,1,1,0,1
8,3,0,0,1,5.0,1,0,3,1
12,1,24361,0,1,0.0,1,1,3,1
20,2,8790,0,1,0.0,1,1,3,1
17,2,4157,0,1,0.0,1,1,4,1
12,0,17641,0,1,0.0,1,1,4,0
8,3,10923,2,1,0.0,1,1,1,1
12,4,26899,3,1,0.0,1,1,4,1
16,3,3509,0,1,0.0,1,1,1,1
8,4,21816,3,1,0.0,1,1,1,1
15,3,20322,0,1,0.0,0,0,3,1
16,4,27670,2,1,0.0,1,1,4,1
11,1,26755,1,1,0.0,1,1,4,1
10,2,28281,0,1,0.0,1,1,3,1
11,0,25810,0,1,0.0,1,1,3,1
13,6,14437,0,1,0.0,1,1,1,1
16,3,11265,0,1,0.0,1,1,2,0
9,4,9759,0,1,0.0,0,1,3,1
17,3,1834,0,1,0.0,1,1,0,1
12,6,28564,0,1,0.0,1,1,1,1
11,4,19125,0,1,0.0,1,1,1,1
11,6,27498,0,1,0.0,1,1,4,1
9,5,0,0,1,5.0,1,0,3,1
6,5,13072,0,1,0.0,1,0,1,1
15,2,23614,0,1,0.0,1,1,2,1
14,4,7405,0,1,0.0,1,1,4,1
11,3,1673,0,1,0.0,1,1,4,1
8,0,81,1,1,0.0,1,1,3,1
10,0,25141,0,1,0.0,1,1,3,1
15,0,23868,0,1,0.0,1,1,1,1
9,0,2299,0,1,0.0,1,1,4,1
19,3,19960,0,1,3.0,1,1,0,1
16,2,1165,0,1,1.0,1,1,2,1
13,4,5083,0,1,0.0,1,0,2,0
13,5,9216,0,1,0.0,1,1,0,0
14,4,19900,0,1,0.0,1,1,4,1
10,6,24252,0,1,0.0,1,1,0,0
14,4,3850,0,1,0.0,1,1,1,1
12,3,24340,2,1,0.0,1,0,3,1
11,6,26747,2,1,1.0,1,1,1,1
15,3,13287,0,1,0.0,1,1,4,0
7,0,5929,0,1,1.0,1,1,0,1
12,5,28007,3,1,0.0,1,1,1,1
12,2,20868,0,1,0.0,1,1,4,0
20,4,24530,0,1,1.0,1,1,3,0
7,6,21971,0,1,0.0,1,1,0,1
12,6,24901,3,1,0.0,1,1,0,1
10,6,14182,0,1,1.0,1,1,3,1
11,2,4231,0,1,0.0,1,1,2,0
13,5,2056,0,1,0.0,1,1,1,1
15,6,26097,0,1,0.0,1,1,1,1
12,4,27920,2,1,0.0,1,1,2,1
17,2,23624,0,1,0.0,1,1,0,1
11,0,21076,0,1,0.0,1,1,4,1
17,2,9055,0,1,0.0,1,1,1,1
17,0,10349,1,1,0.0,1,1,2,1
11,2,21239,0,1,0.0,1,1,0,1
14,6,19398,0,1,0.0,1,1,2,1
15,4,24491,0,1,0.0,1,1,3,0
16,1,220,3,1,0.0,1,1,1,1
12,5,27022,0,1,1.0,1,1,0,1
14,5,14715,1,1,0.0,1,1,4,1
14,4,22945,2,1,0.0,1,1,3,1
8,3,13155,0,1,0.0,0,0,1,1
10,3,20014,0,1,0.0,1,1,2,1
7,0,19845,0,1,0.0,1,1,2,1
14,4,6726,0,1,1.0,1,1,3,1
17,4,14417,0,1,0.0,1,1,2,0
13,4,9529,0,1,0.0,1,0,0,0
12,5,28460,3,1,0.0,1,1,0,1
15,1,8271,3,1,0.0,1,0,0,1
15,0,12441,2,1,0.0,1,1,2,1
10,5,1311,0,1,0.0,1,1,1,0
14,3,16030,1,1,0.0,1,1,0,1
10,6,28198,0,1,0.0,1,1,3,1
13,4,1298,2,1,0.0,1,1,1,1
12,6,7707,1,1,0.0,1,1,0,1
10,6,9153,2,1,0.0,1,1,1,1
9,6,4880,1,1,0.0,1,1,3,1
15,4,0,0,1,5.0,1,0,3,1
12,2,5333,0,1,0.0,1,1,4,1
6,5,26367,0,1,0.0,1,1,1,1
9,0,17795,0,1,0.0,1,1,3,1
12,2,8137,0,1,0.0,1,1,2,0
13,4,16058,2,1,0.0,1,1,2,1
12,6,8606,0,1,0.0,1,1,4,1
9,5,6395,2,1,1.0,1,0,3,1
13,2,13807,0,1,0.0,1,1,1,1
16,0,18949,0,1,0.0,1,1,3,1
17,0,27733,0,1,0.0,1,1,0,1
11,4,27811,0,1,0.0,0,0,0,1
12,6,26426,0,1,0.0,1,1,4,1
8,6,13086,0,1,0.0,1,1,0,1
18,1,17044,0,1,0.0,1,1,0,1
7,3,25991,0,1,0.0,1,1,4,0
11,6,24211,0,1,0.0,1,1,2,1
18,0,10203,0,1,1.0,1,1,1,1
19,4,19614,0,1,0.0,0,1,2,0
14,0,19889,0,1,0.0,1,1,2,0
14,0,4068,0,1,0.0,1,0,4,1
13,4,9802,0,1,0.0,1,1,0,1
17,0,8802,0,1,0.0,1,1,2,1
13,5,26071,0,1,0.0,1,1,1,1
13,0,19434,0,1,1.0,1,0,0,1
15,0,3940,2,1,0.0,1,1,1,1
14,4,26098,0,1,0.0,1,1,4,1
14,3,24647,0,1,1.0,1,1,0,1
8,0,28352,2,1,0.0,1,1,1,1
6,3,2256,0,1,0.0,1,1,0,1
15,4,1015,0,1,0.0,1,1,1,1
14,2,23129,0,1,0.0,1,1,1,0
14,3,25783,0,1,0.0,1,1,0,0
12,6,24631,2,1,0.0,0,1,2,1
13,1,6466,0,1,0.0,1,1,2,1
14,1,11160,0,1,0.0,1,1,3,1
9,1,26508,1,1,0.0,1,1,3,1
13,2,24330,2,1,0.0,1,1,1,1
6,1,6361,1,1,0.0,1,1,0,1
8,4,11572,0,1,0.0,1,1,2,1
10,2,27053,0,1,0.0,1,1,3,1
8,6,17319,0,1,0.0,1,1,4,1
17,2,2997,2,1,0.0,1,1,1,1
12,2,6595,0,1,0.0,1,0,2,1
9,3,7703,2,1,0.0,1,1,3,1
8,6,23535,0,1,0.0,1,0,0,1
15,3,4989,0,1,0.0,1,1,4,1
14,6,12755,0,1,1.0,1,1,4,1
13,2,14596,0,1,0.0,1,1,2,1
8,0,14683,0,1,0.0,1,1,2,0
10,5,1328,0,1,0.0,1,1,4,1
14,1,19478,0,1,0.0,1,1,2,1
15,3,17072,0,1,0.0,0,0,4,1
14,1,21601,0,1,0.0,1,1,2,0
14,1,23126,0,1,0.0,1,1,1,0
18,4,3490,2,1,0.0,1,1,3,1
11,5,11835,0,1,0.0,1,1,4,1
10,4,8047,0,1,0.0,1,0,3,0
14,2,24612,0,1,0.0,1,1,2,1
16,1,17103,1,1,0.0,1,1,1,1
9,4,22128,1,1,0.0,1,1,2,1
11,5,5174,0,1,0.0,1,0,3,0
18,6,12740,0,1,0.0,1,0,0,0
8,3,5573,3,1,0.0,1,1,4,1
18,1,1256,0,1,0.0,1,1,1,1
12,2,20391,0,1,0.0,1,0,0,1
12,5,1104,0,1,0.0,1,1,3,1
13,6,11005,2,1,0.0,1,1,3,1
11,5,842,0,1,0.0,1,1,2,1
11,2,21114,0,1,0.0,1,0,3,1
17,3,21948,0,1,0.0,1,1,3,1
7,6,2282,0,1,0.0,1,1,0,1
11,6,15649,0,1,0.0,1,1,4,0
11,3,8986,0,1,0.0,1,1,4,1
10,5,11304,0,1,0.0,1,1,4,1
15,3,2640,0,1,0.0,1,0,2,1
9,5,5798,3,1,0.0,1,1,1,1
18,2,27438,1,1,0.0,1,1,3,1
8,6,17072,2,1,0.0,1,1,2,1
10,4,8653,0,1,0.0,1,1,0,1
8,2,6869,0,1,0.0,1,1,4,0
8,0,28727,0,1,0.0,1,0,4,1
11,0,4051,0,1,0.0,1,1,0,1
13,4,4255,0,1,0.0,1,1,1,1
11,3,1609,0,1,0.0,0,0,2,0
13,4,2894,0,1,0.0,1,1,3,1
15,4,9626,2,1,0.0,1,1,1,1
12,3,23035,0,1,0.0,1,1,4,1
8,0,24012,2,1,0.0,1,1,1,1
17,5,14316,2,1,0.0,1,1,3,1
9,5,26226,0,1,0.0,1,0,0,1
11,5,5996,0,1,0.0,1,1,3,1
12,1,10883,0,1,0.0,1,1,2,1
14,0,9631,2,1,0.0,1,1,3,1
16,6,28076,0,1,0.0,1,1,1,1
7,4,6297,3,1,0.0,1,1,4,1
11,6,6446,0,1,0.0,1,1,4,1
15,4,884,0,1,0.0,1,1,4,1
13,2,4651,0,1,0.0,1,1,2,1
7,0,4120,0,1,0.0,1,1,1,1
17,0,22591,0,1,0.0,1,1,3,1
10,2,27888,0,1,0.0,1,0,3,1
11,5,16924,0,1,0.0,1,0,2,1
7,4,11303,2,1,0.0,1,1,2,1
14,4,3824,3,1,0.0,1,1,3,1
11,4,24205,0,1,0.0,1,1,3,1
9,3,24986,0,1,0.0,0,0,2,0
10,4,1303,0,1,0.0,1,0,4,1
12,3,2873,0,1,0.0,1,1,3,0
11,4,4867,0,1,0.0,0,0,1,1
9,4,14487,0,1,0.0,0,1,4,1
8,0,10899,0,1,0.0,1,1,1,0
12,4,6768,0,1,0.0,1,1,1,1
15,4,9654,0,1,0.0,1,1,4,0
13,3,4996,0,1,0.0,1,1,3,1
15,6,17315,0,1,0.0,1,1,3,0
17,3,2464,0,1,0.0,1,1,2,1
17,2,15243,0,1,0.0,1,1,2,0
14,2,1182,0,1,0.0,1,1,3,1
11,0,21847,1,1,0.0,1,1,3,1
11,3,19905,0,1,0.0,0,0,2,0
11,3,16080,0,1,0.0,1,1,0,1
10,5,12984,1,1,0.0,1,0,0,1
15,1,7948,0,1,0.0,1,1,1,1
14,4,23096,2,1,0.0,1,1,1,1
18,1,1496,2,1,0.0,1,1,3,1
16,5,27327,0,1,0.0,1,1,0,0
9,6,14145,0,1,0.0,1,1,2,1
17,6,15915,0,1,0.0,1,1,1,1
14,6,26531,0,1,0.0,1,1,3,1
17,4,5427,0,1,0.0,1,1,3,1
18,5,572,1,1,0.0,1,1,3,1
9,5,25150,0,1,0.0,1,1,2,1
13,3,27996,3,1,0.0,1,1,3,1
14,1,14791,0,1,0.0,1,1,2,1
10,5,23587,0,1,0.0,1,1,4,1
10,5,6094,0,1,0.0,1,0,2,1
14,2,14831,0,1,0.0,1,1,0,1
8,0,19591,0,1,0.0,1,1,0,1
9,1,27004,2,1,0.0,1,1,2,1
12,0,4931,0,1,0.0,1,1,4,1
15,5,16101,0,1,0.0,1,1,4,1
11,5,24519,0,1,0.0,1,1,4,0
14,4,108,0,1,0.0,1,1,4,1
7,3,24001,0,1,0.0,1,1,3,1
17,5,17104,0,1,0.0,1,1,2,0
13,3,2114,0,1,0.0,1,1,4,0
12,4,2178,1,1,0.0,1,1,3,1
11,6,10109,0,1,0.0,1,0,0,1
11,1,18560,3,1,0.0,1,1,0,1
16,0,4993,0,1,0.0,1,1,2,0
14,5,28282,0,1,0.0,1,1,1,1
11,4,20664,1,1,0.0,1,1,2,1
12,1,27900,0,1,0.0,1,1,4,1
11,4,6078,2,1,0.0,1,1,0,1
16,4,20992,0,1,0.0,1,1,3,1
15,2,27652,2,1,0.0,1,1,3,1
8,6,18115,2,1,0.0,1,1,3,1
10,0,17986,0,1,0.0,1,1,3,1
14,4,10068,0,1,0.0,1,1,3,0
16,5,4949,2,1,0.0,1,1,3,1
13,0,22507,1,1,0.0,1,1,4,1
13,4,9463,0,1,0.0,1,1,3,1
12,6,24622,1,1,0.0,1,1,4,1
15,1,7345,0,1,1.0,1,1,3,1
15,2,13682,0,1,0.0,1,1,4,0
9,0,1552,1,1,0.0,1,1,3,1
12,3,9774,0,1,0.0,1,1,0,0
10,1,23539,0,1,0.0,1,1,0,0
17,6,5448,0,1,0.0,1,1,4,1
10,3,195,0,1,1.0,1,0,3,1
14,0,4006,0,1,0.0,1,1,1,1
9,4,10068,0,1,0.0,1,1,4,1
11,5,23573,2,1,0.0,1,1,2,1
15,4,0,0,1,5.0,1,0,3,0
7,6,9683,0,1,0.0,1,0,3,1
10,5,3923,0,1,0.0,1,1,4,1
8,6,13779,0,1,0.0,1,1,0,1
12,4,2298,0,1,0.0,1,1,4,1
14,0,17884,0,1,0.0,1,1,0,1
16,4,10997,0,1,0.0,1,1,3,1
13,5,3473,0,1,0.0,1,1,4,1
11,5,10652,3,1,0.0,1,0,3,1
9,1,24400,0,1,0.0,1,1,4,1
11,1,10837,0,1,0.0,1,1,0,1
8,3,22951,0,1,0.0,1,0,0,1
9,6,558,0,1,0.0,1,1,3,1
7,2,585,0,1,0.0,1,1,4,1
7,4,0,0,1,5.0,1,0,3,1
11,1,27462,0,1,0.0,1,1,4,1
8,2,4802,0,1,0.0,1,1,1,0
11,1,11186,0,1,1.0,1,1,3,1
13,4,7706,0,1,0.0,1,1,0,1
16,2,3196,0,1,0.0,1,1,1,1
10,5,12282,0,1,0.0,1,0,4,1
9,6,13556,0,1,0.0,1,1,2,1
17,4,24066,0,1,1.0,1,1,3,1
14,5,13924,3,1,0.0,1,1,1,1
16,1,28583,0,1,0.0,1,1,1,1
16,0,11258,0,1,0.0,1,1,4,0
15,0,18212,0,1,0.0,1,1,2,1
14,3,11495,2,1,0.0,1,1,4,1
12,1,20921,0,1,1.0,1,1,3,1
16,2,25652,0,1,0.0,1,1,0,1
12,1,25127,0,1,0.0,1,1,1,1
12,6,24380,1,1,0.0,1,1,4,1
12,5,26808,3,1,0.0,1,0,1,1
12,0,19499,0,1,0.0,1,1,1,1
8,3,7411,0,1,0.0,1,0,3,1
19,5,18843,0,1,0.0,1,1,1,1
9,5,21521,1,1,0.0,1,1,0,1
10,6,3890,0,1,0.0,1,1,4,0
16,2,3939,0,1,0.0,1,1,2,0
13,3,2181,1,1,1.0,1,1,4,1
16,4,28575,0,1,0.0,1,1,3,1
14,6,12646,2,1,0.0,1,1,0,1
12,2,24046,0,1,0.0,1,1,2,1
17,1,6611,0,1,0.0,1,1,4,1
18,0,12542,2,1,0.0,1,1,4,1
18,3,20024,0,1,0.0,1,1,1,1
15,4,26963,1,1,1.0,1,1,1,1
17,0,10809,0,1,0.0,1,0,0,1
12,5,7495,0,1,0.0,1,1,4,1
15,6,28229,2,1,0.0,1,1,1,1
18,4,8844,0,1,0.0,1,1,3,1
9,4,25760,0,1,0.0,1,1,3,1
11,0,9225,0,1,0.0,1,1,3,1
13,3,16764,2,1,0.0,1,1,4,1
12,3,5202,0,1,0.0,1,1,4,1
14,3,7047,0,1,1.0,1,1,0,1
12,6,17835,0,1,0.0,1,0,1,1
7,0,28506,0,1,0.0,1,1,3,1
11,2,14689,0,1,0.0,1,1,2,1
9,0,3620,0,1,0.0,1,0,0,1
14,2,5898,0,1,0.0,1,1,4,1
15,1,5004,0,1,0.0,1,1,1,0
18,3,14409,1,1,0.0,1,1,3,1
9,3,2775,0,1,0.0,1,1,4,1
12,4,28327,0,1,0.0,1,1,4,1
7,0,5400,0,1,0.0,1,1,0,0
18,4,17948,0,1,0.0,0,1,0,1
17,5,17242,0,1,0.0,1,1,4,1
15,5,18348,0,1,0.0,1,1,2,1
7,6,398,0,1,1.0,1,1,2,1
6,3,9506,2,1,0.0,1,0,4,1
9,3,9128,0,1,0.0,1,1,0,1
9,4,23721,0,1,0.0,1,0,3,0
16,5,17596,1,1,0.0,1,1,3,1
15,4,19131,0,1,0.0,1,1,0,1
15,5,15400,1,1,0.0,1,1,1,1
16,4,4598,0,1,0.0,1,1,2,1
7,3,11514,2,1,0.0,1,1,3,1
12,5,9247,0,1,0.0,1,1,2,1
16,1,15477,2,1,0.0,1,1,0,1
11,5,11391,0,1,0.0,1,1,3,1
9,6,2028,0,1,0.0,1,0,4,1
7,4,3728,2,1,0.0,1,1,4,1
8,4,28349,0,1,0.0,1,1,4,1
18,5,17823,2,1,0.0,1,1,1,1
16,1,6798,3,1,1.0,1,1,3,1
8,4,0,0,1,5.0,1,0,3,1
17,3,2479,2,1,0.0,1,1,3,1
14,0,6473,0,1,0.0,1,1,4,0
13,3,19075,0,1,1.0,1,1,1,1
12,4,3074,0,1,0.0,1,1,4,1
14,4,2270,0,1,0.0,1,1,3,1
7,0,5983,0,1,0.0,1,1,0,1
13,4,809,0,1,0.0,1,1,4,0
12,2,22603,1,1,0.0,1,1,4,1
12,5,2722,3,1,0.0,1,1,1,1
16,1,20604,0,1,0.0,1,1,3,1
18,5,10798,0,1,0.0,1,1,3,0
14,4,0,0,1,5.0,1,0,3,1
7,4,19482,0,1,0.0,1,1,0,1
16,0,27951,0,1,0.0,1,1,3,1
14,4,16298,1,1,0.0,1,1,4,1
10,6,24210,1,1,0.0,0,1,4,1
8,5,15662,1,1,0.0,1,1,2,1
14,0,12611,0,1,0.0,1,0,3,0
13,5,7427,0,1,0.0,1,1,0,1
10,1,4633,0,1,0.0,1,1,1,1
19,6,20199,0,1,0.0,1,1,2,1
12,1,8621,0,1,0.0,1,1,4,1
12,4,21133,2,1,0.0,1,1,4,1
17,4,5626,3,1,0.0,0,1,0,1
15,2,18812,0,1,0.0,1,1,2,1
14,4,340,3,1,0.0,1,1,3,1
11,5,23273,0,1,0.0,1,1,1,1
12,4,16555,2,1,0.0,1,1,4,1
11,0,11932,0,1,0.0,1,1,2,1
12,5,17275,0,1,0.0,1,1,3,1
14,2,11710,0,1,0.0,1,1,2,0
14,0,28183,0,1,0.0,1,1,4,0
12,6,5537,0,1,0.0,1,1,4,1
11,5,7729,0,1,0.0,1,1,4,1
20,5,6106,0,1,0.0,1,1,3,1
11,3,1957,0,1,0.0,1,1,2,1
11,4,3881,0,1,0.0,1,1,2,1
16,0,19253,0,1,1.0,1,0,3,1
18,0,8819,0,1,0.0,1,1,2,0
8,0,27231,0,1,0.0,1,1,3,1
12,0,21729,0,1,0.0,1,0,4,1
14,1,28532,0,1,0.0,1,1,3,1
16,4,7868,0,1,0.0,1,1,1,1
15,1,18451,0,1,0.0,1,1,2,0
12,2,10108,0,1,0.0,1,1,4,1
13,0,27125,0,1,0.0,1,1,1,1
9,1,3214,0,1,1.0,1,1,4,1
17,4,2804,0,1,0.0,0,0,2,1
14,6,23848,0,1,1.0,1,1,2,1
13,5,21738,0,1,1.0,1,1,4,1
13,0,3974,0,1,0.0,1,0,3,1
12,4,10417,0,1,0.0,1,1,2,1
10,1,22800,0,1,0.0,1,1,2,1
14,5,18149,0,1,0.0,1,1,0,1
10,2,18746,0,1,0.0,1,1,3,1
9,5,26953,0,1,1.0,1,1,0,1
11,3,22776,0,1,0.0,1,1,3,1
10,5,22847,0,1,0.0,1,1,3,1
12,3,7541,0,1,0.0,0,0,2,1
14,5,8589,0,1,0.0,1,1,1,1
18,3,23316,0,1,0.0,1,1,4,1
14,0,14973,0,1,0.0,1,1,3,0
12,4,18053,3,1,0.0,1,1,2,1
11,3,22411,0,1,1.0,1,0,0,1
11,1,10850,0,1,0.0,1,1,2,1
9,1,22997,0,1,0.0,1,1,2,1
17,4,19662,0,1,0.0,1,0,3,1
13,4,15605,3,1,0.0,1,0,0,1
7,0,15262,0,1,0.0,1,1,1,0
18,4,19055,0,1,1.0,1,1,3,1
13,4,6844,2,1,0.0,1,1,4,1
11,5,8676,0,1,0.0,1,1,1,0
16,0,23519,0,1,0.0,1,1,2,1
16,4,19685,0,1,0.0,1,1,2,0
9,5,1859,0,1,0.0,1,1,0,1
10,1,20137,0,1,1.0,1,1,2,0
14,2,13626,0,1,0.0,1,0,2,1
12,3,4861,2,1,0.0,1,1,4,1
10,4,6191,0,1,0.0,1,1,1,1
6,2,127,0,1,0.0,1,1,4,1
14,2,13468,0,1,0.0,1,1,1,1
10,1,20850,2,1,0.0,1,1,3,1
10,2,10662,0,1,0.0,1,1,2,0
10,3,5616,0,1,0.0,1,1,4,0
14,1,3114,0,1,0.0,0,1,4,1
8,0,20552,0,1,0.0,1,1,0,1
7,1,6526,0,1,0.0,1,1,2,1
17,1,25786,0,1,0.0,1,1,3,1
13,3,4895,0,1,0.0,1,1,2,0
9,1,10225,0,1,0.0,1,1,2,1
13,2,20125,0,1,0.0,1,0,3,1
14,5,12575,0,1,0.0,1,0,3,1
11,2,9777,0,1,0.0,1,1,3,1
6,3,0,0,1,5.0,1,0,3,1
12,6,18416,0,1,0.0,1,0,2,0
14,3,21121,0,1,0.0,1,1,4,1
8,4,21886,0,1,0.0,1,1,2,1
16,5,15998,0,1,0.0,1,1,1,0
6,3,25174,0,1,1.0,1,1,3,1
16,2,14780,2,1,0.0,1,1,1,1
7,0,3502,0,1,0.0,1,1,2,0
7,1,18976,0,1,0.0,1,1,3,1
9,0,17491,0,1,0.0,1,1,0,1
15,4,27209,3,1,0.0,1,1,0,1
16,4,26680,3,1,0.0,0,0,1,1
15,5,4754,0,1,0.0,1,1,0,0
14,2,10163,0,1,0.0,1,1,3,1
11,5,7621,0,1,1.0,1,0,1,0
11,0,23790,0,1,1.0,1,1,1,1
12,5,27739,0,1,0.0,1,1,4,1
6,5,26726,0,1,0.0,1,0,3,1
12,1,14181,0,1,0.0,1,1,0,1
13,6,3791,2,1,0.0,1,1,4,1
12,6,16119,0,1,0.0,1,1,3,1
12,6,1375,1,1,0.0,1,1,1,1
8,3,26582,2,1,0.0,1,0,0,1
19,0,23782,1,1,0.0,1,0,1,1
15,5,23942,0,1,0.0,1,1,4,1
11,6,3195,0,1,0.0,1,1,0,1
12,6,14956,0,1,0.0,1,1,1,0
17,3,22911,0,1,0.0,1,0,2,0
12,0,23533,0,1,1.0,1,1,4,1
7,6,19044,0,1,1.0,1,1,4,1
11,5,19241,0,1,0.0,1,1,3,1
15,1,11360,0,1,0.0,1,1,0,0
9,0,3670,0,1,0.0,1,1,2,0
15,0,335,1,1,0.0,1,1,3,1
7,2,27150,0,1,0.0,1,1,2,1
9,6,5185,0,1,0.0,1,1,1,0
11,5,4389,0,1,1.0,1,1,4,0
15,5,20644,1,1,0.0,1,1,2,1
16,4,7330,0,1,0.0,1,1,0,0
16,5,10985,0,1,0.0,1,1,0,1
11,5,13288,1,1,0.0,1,0,0,1
17,5,23922,0,1,0.0,1,1,0,1
12,4,8027,1,1,0.0,1,1,3,1
13,1,25828,0,1,0.0,1,1,0,1
11,5,10290,3,1,0.0,1,1,2,1
10,4,26382,0,1,1.0,1,1,0,1
7,1,20565,0,1,0.0,1,1,4,0
13,6,2041,0,1,0.0,1,1,0,1
8,2,22591,0,1,0.0,1,1,4,0
12,2,28504,0,1,0.0,1,1,4,1
9,3,25206,0,1,0.0,1,1,0,1
14,1,3060,0,1,0.0,1,1,0,0
11,3,9714,0,1,0.0,1,1,4,1
9,4,1663,0,1,0.0,1,1,1,1
15,5,8529,1,1,0.0,1,1,0,1
12,5,22766,3,1,0.0,1,0,1,1
15,4,22878,0,1,0.0,1,1,0,1
13,4,23333,0,1,0.0,1,1,3,1
12,6,15048,0,1,0.0,1,1,1,1
10,4,24505,0,1,0.0,1,1,2,1
9,2,23100,0,1,0.0,1,1,3,1
19,0,5373,0,1,0.0,1,1,0,1
10,3,25357,0,1,0.0,1,1,4,0
8,3,6415,0,1,0.0,1,1,2,1
7,3,13078,1,1,0.0,1,1,4,1
11,5,7079,0,1,1.0,1,1,1,1
14,1,8006,0,1,0.0,1,1,3,0
12,0,23303,1,1,0.0,1,1,2,1
14,3,0,0,1,5.0,1,0,3,1
9,4,26831,0,1,1.0,1,1,4,1
18,5,3778,0,1,0.0,1,1,3,1
9,4,28180,0,1,0.0,1,1,2,1
6,5,20116,0,1,0.0,1,1,0,1
9,5,23482,0,1,0.0,1,1,2,1
10,0,26177,0,1,0.0,1,1,4,1
11,6,6257,0,1,0.0,1,1,1,1
15,4,0,0,1,5.0,1,0,3,1
9,2,18310,0,1,0.0,1,1,4,0
13,1,9437,2,1,0.0,1,1,1,1
10,4,23179,0,1,0.0,1,1,4,1
16,2,12008,0,1,0.0,1,1,4,1
16,4,28540,0,1,0.0,1,1,4,1
16,4,23576,0,1,0.0,1,1,4,0
7,0,22385,0,1,0.0,1,1,2,1
7,6,17075,0,1,0.0,1,1,3,1
13,3,28089,0,1,0.0,1,1,2,1
11,0,21971,0,1,0.0,1,1,2,0
13,0,26183,0,1,0.0,1,0,1,1
11,4,20298,2,1,0.0,1,1,4,1
10,4,1390,0,1,0.0,1,1,2,1
12,0,20932,1,1,0.0,1,0,2,1
11,3,2884,0,1,0.0,1,1,3,1
15,4,28150,0,1,0.0,1,1,1,1
13,1,12445,1,1,0.0,1,1,0,1
11,0,20954,0,1,0.0,1,1,3,0
13,3,6166,0,1,0.0,1,1,2,1
9,4,3060,0,1,0.0,1,1,3,1
15,0,10957,1,1,0.0,1,1,0,1
12,2,3248,0,1,1.0,1,1,2,1
13,6,17968,0,1,0.0,1,0,1,1
15,0,28663,3,1,0.0,1,1,3,1
9,4,8376,0,1,0.0,1,1,4,1
12,5,25190,0,1,1.0,1,1,4,1
17,2,1610,0,1,0.0,1,1,2,0
11,2,10639,0,1,0.0,1,1,2,1
17,6,4970,0,1,0.0,1,1,3,0
14,1,9285,2,1,0.0,1,1,2,1
14,2,17845,0,1,0.0,1,1,2,1
7,6,23039,0,1,0.0,1,1,2,1
16,5,4119,0,1,0.0,1,1,0,1
17,5,17957,0,1,0.0,1,1,3,1
9,1,16593,0,1,0.0,1,1,4,1
13,1,17882,0,1,0.0,1,1,0,1
10,4,21784,0,1,0.0,1,1,4,1
10,2,14168,0,1,0.0,1,1,1,1
16,4,1558,2,1,0.0,1,1,4,1
12,3,5086,0,1,0.0,1,0,3,1
10,3,21045,0,1,1.0,1,1,0,0
12,2,4609,0,1,0.0,1,1,2,1
10,1,14788,0,1,0.0,1,1,1,0
13,0,21147,0,1,0.0,1,1,2,1
14,0,8077,0,1,0.0,1,1,4,1
12,3,2006,0,1,1.0,1,1,2,1
14,0,26836,2,1,0.0,1,1,0,1
16,4,8247,0,1,1.0,1,1,3,1
11,0,28289,0,1,0.0,1,1,2,0
14,1,13915,0,1,0.0,1,1,1,1
15,0,9035,2,1,0.0,1,1,2,1
13,0,11318,0,1,0.0,1,1,0,1
11,5,3330,1,1,0.0,1,1,0,1
6,1,22725,0,1,0.0,1,1,4,1
12,4,2224,0,1,1.0,1,1,1,1
14,5,15418,0,1,0.0,1,1,3,1
15,1,1179,0,1,0.0,1,1,3,0
14,1,18666,0,1,1.0,1,1,1,1
9,2,6402,3,1,1.0,1,1,3,1
13,0,6779,0,1,0.0,1,1,2,1
15,1,14127,3,1,1.0,1,0,4,1
15,3,19992,0,1,0.0,1,1,3,1
17,1,27030,0,1,0.0,1,1,1,1
8,6,7987,1,1,0.0,1,1,3,1
13,5,9942,0,1,0.0,1,1,4,1
14,3,9726,0,1,0.0,1,1,3,0
13,0,17198,0,1,0.0,1,1,4,1
13,0,15123,0,1,0.0,1,1,2,1
13,4,7732,0,1,0.0,1,1,0,1
12,1,2230,1,1,0.0,1,1,0,1
9,1,13620,0,1,0.0,1,1,3,1
15,2,12923,0,1,0.0,1,1,2,1
12,2,1645,0,1,0.0,1,1,1,1
12,3,0,0,1,5.0,1,0,3,1
14,1,13973,2,1,0.0,1,1,3,1
7,6,2152,0,1,0.0,0,1,3,1
9,3,9232,0,1,0.0,0,0,2,0
7,3,1724,0,1,0.0,1,0,4,1
11,4,4622,0,1,0.0,1,1,4,1
7,2,18049,0,1,1.0,1,1,0,1
14,1,15597,0,1,0.0,1,0,3,1
10,1,17572,2,1,0.0,1,1,3,1
16,1,7572,0,1,1.0,1,1,4,1
15,2,21950,0,1,0.0,1,1,4,1
15,4,17161,0,1,0.0,1,1,3,1
14,0,23203,0,1,0.0,1,1,1,1
17,1,11676,0,1,0.0,1,1,4,1
16,2,27534,0,1,0.0,1,1,4,0
13,0,6232,0,1,0.0,1,1,3,1
16,1,20612,1,1,0.0,1,1,3,1
10,4,0,0,1,5.0,1,0,3,1
14,5,4043,0,1,0.0,1,1,2,1
16,1,18532,0,1,0.0,1,1,0,1
16,6,5084,0,1,0.0,1,1,3,1
14,3,4265,3,1,0.0,1,1,1,1
12,5,16697,0,1,1.0,1,1,3,0
13,0,24003,0,1,0.0,1,1,3,1
13,4,12347,0,1,0.0,1,1,2,1
19,1,4567,0,1,0.0,1,1,3,0
11,2,17212,0,1,0.0,1,1,1,1
10,6,21861,0,1,0.0,1,1,0,1
12,4,21001,2,1,0.0,1,1,1,1
14,1,891,0,1,0.0,1,1,1,0
10,0,1101,0,1,0.0,1,1,4,0
12,0,13805,0,1,0.0,1,1,0,1
8,3,28349,0,1,0.0,1,1,0,1
12,4,11656,0,1,0.0,1,1,3,1
13,5,1628,0,1,0.0,1,1,4,0
15,4,28200,0,1,1.0,1,1,1,0
10,0,2761,0,1,0.0,1,1,0,1
12,4,4783,1,1,0.0,1,1,4,1
14,2,210,3,1,0.0,1,1,3,1
11,2,4056,2,1,0.0,1,1,2,1
13,5,4269,1,1,0.0,1,1,0,1
18,3,9171,1,1,0.0,1,1,3,1
10,4,20088,0,1,0.0,1,1,0,1
9,3,13632,0,1,0.0,1,1,2,1
15,6,25607,0,1,0.0,1,1,2,0
13,5,25286,0,1,0.0,1,1,2,1
12,5,22261,0,1,1.0,1,1,4,1
12,1,10619,1,1,0.0,1,0,4,1
14,4,23052,0,1,0.0,1,1,4,1
12,6,9710,2,1,0.0,1,0,3,1
18,3,22247,0,1,0.0,1,1,0,1
12,5,4415,0,1,0.0,1,1,0,1
19,1,14155,0,1,0.0,1,1,2,1
14,2,19915,0,1,0.0,1,1,1,1
14,6,13953,3,1,0.0,1,1,2,1
10,6,8210,0,1,0.0,1,1,4,0
8,4,310,0,1,0.0,1,1,1,1
13,2,7178,0,1,0.0,1,1,2,0
15,5,2903,0,1,0.0,1,1,0,1
17,3,23001,0,1,0.0,1,1,4,1
14,6,21945,0,1,0.0,1,1,1,1
7,5,22459,0,1,0.0,1,1,2,0
13,5,10858,0,1,0.0,1,1,3,1
6,5,16481,0,1,0.0,1,1,4,1
15,4,13660,0,1,0.0,1,1,3,1
9,6,21242,0,1,0.0,1,1,0,1
10,5,2115,0,1,0.0,1,1,0,1
9,6,8082,0,1,0.0,1,1,4,0
9,2,26619,1,1,0.0,1,1,3,1
16,5,15464,1,1,0.0,1,1,4,1
14,3,9931,0,1,0.0,1,1,4,1
10,3,21688,0,1,0.0,0,0,4,1
10,6,25350,0,1,0.0,1,1,2,1
12,4,10902,0,1,0.0,1,1,2,1
14,0,11568,0,1,0.0,1,1,0,0
9,5,9746,2,1,0.0,1,1,1,1
14,6,21232,0,1,0.0,1,1,2,1
15,0,6146,0,1,0.0,1,1,2,1
14,4,9873,0,1,0.0,1,1,4,1
12,2,5309,0,1,0.0,1,0,3,1
12,4,8783,0,1,0.0,1,1,1,1
7,2,21993,0,1,0.0,1,1,1,1
11,3,24641,2,1,0.0,1,1,0,1
8,5,15525,1,1,0.0,1,1,2,1
10,0,9497,3,1,1.0,1,1,1,1
17,0,6701,0,1,0.0,1,1,4,1
12,1,230,0,1,0.0,1,1,0,1
18,4,14925,0,1,0.0,1,1,1,1
13,2,26107,0,1,0.0,1,0,4,1
14,2,11718,0,1,0.0,1,1,1,1
10,5,15858,3,1,1.0,1,0,0,1
15,2,17629,0,1,0.0,1,1,4,0
14,5,23961,0,1,0.0,1,1,2,0
14,3,14285,0,1,0.0,1,1,0,1
12,3,24330,0,1,0.0,1,1,3,1
11,4,6291,0,1,0.0,1,1,0,1
13,6,258,0,1,0.0,1,1,0,1
18,5,25249,0,1,0.0,1,1,1,0
9,6,27230,2,1,1.0,1,1,4,1
11,0,3644,0,1,0.0,1,1,0,0
16,4,0,0,1,5.0,1,0,3,0
15,6,1365,2,1,0.0,1,1,2,1
12,6,19000,2,1,0.0,1,1,1,1
14,3,19696,0,1,0.0,1,1,1,1
10,0,1325,0,1,0.0,1,1,1,0
11,5,18363,0,1,0.0,1,1,4,1
18,1,12450,0,1,0.0,1,1,2,1
15,6,13685,0,1,1.0,1,1,1,1
16,1,13515,0,1,0.0,1,1,4,1
14,6,1260,3,1,0.0,0,1,4,1
14,6,9845,0,1,0.0,1,1,3,1
15,3,11184,0,1,0.0,1,1,0,1
7,2,23083,0,1,0.0,1,1,4,0
12,0,2582,3,1,0.0,1,1,4,1
15,6,4476,0,1,0.0,1,1,2,0
12,3,5045,0,1,0.0,1,1,2,0
14,4,8892,0,1,1.0,1,1,2,1
7,4,28447,0,1,0.0,1,1,2,1
11,3,14996,0,1,0.0,1,1,3,1
11,2,24733,0,1,0.0,1,1,2,1
19,2,28617,2,1,0.0,1,0,2,1
15,3,9897,0,1,0.0,1,1,0,1
13,5,20563,0,1,0.0,1,1,1,0
14,4,24963,2,1,0.0,1,1,4,1
11,5,22317,0,1,0.0,1,0,0,0
19,5,5975,1,1,0.0,1,1,0,1
12,4,6679,0,1,0.0,0,1,2,0
8,4,23150,0,1,0.0,1,1,2,0
14,2,18593,1,1,1.0,1,1,4,1
19,3,7390,2,1,0.0,1,1,1,1
13,4,23336,0,1,0.0,1,1,3,1
9,4,19783,0,1,0.0,1,0,1,0
7,3,6910,0,1,0.0,1,1,0,1
10,1,6311,1,1,1.0,1,1,4,1
9,4,27640,1,1,0.0,1,1,3,1
15,4,24766,0,1,0.0,1,1,0,1
10,6,20275,0,1,0.0,1,1,0,0
6,5,2232,0,1,0.0,1,1,0,1
16,3,24705,1,1,0.0,0,0,3,1
16,5,12718,0,1,0.0,1,1,4,1
11,5,17086,2,1,0.0,1,0,4,1
20,6,19302,0,1,0.0,1,1,0,1
11,4,20652,0,1,1.0,1,1,2,0
10,2,14591,0,1,0.0,1,0,4,1
13,3,11090,0,1,1.0,1,1,1,1
14,0,11254,0,1,0.0,1,1,0,1
13,5,3633,0,1,0.0,1,1,0,0
8,4,24672,0,1,0.0,1,1,2,1
11,3,7461,0,1,0.0,1,1,1,1
9,3,23591,0,1,0.0,0,0,4,1
6,3,21281,0,1,0.0,1,1,4,0
16,3,7434,0,1,0.0,1,1,1,1
17,2,19364,0,1,0.0,1,1,0,1
11,3,22501,0,1,0.0,0,0,0,0
18,6,4192,2,1,0.0,1,1,3,1
17,3,27781,0,1,0.0,1,1,4,1
15,4,28418,2,1,0.0,1,1,4,1
12,0,22925,0,1,0.0,1,1,4,1
15,6,14426,3,1,0.0,1,1,3,1
8,3,4658,0,1,1.0,1,1,2,1
7,5,7238,1,1,0.0,1,1,4,1
14,4,5030,1,1,0.0,1,1,0,1
18,4,8895,0,1,1.0,1,1,0,1
8,2,22197,0,1,0.0,1,1,0,1
14,5,14543,2,1,0.0,1,1,4,1
9,5,17619,0,1,0.0,1,1,1,1
13,0,26871,0,1,0.0,1,1,3,0
11,1,6195,0,1,0.0,1,1,2,1
9,6,7615,0,1,1.0,1,1,1,1
9,3,11788,0,1,0.0,1,1,3,1
14,4,17522,0,1,0.0,1,1,3,1
9,1,22931,0,1,0.0,1,1,2,1
18,0,22267,0,1,0.0,1,1,3,1
14,3,26017,0,1,0.0,1,1,3,1
12,0,15004,1,1,0.0,1,0,2,1
11,1,12794,2,1,0.0,1,1,2,1
9,5,3088,2,1,0.0,1,1,0,1
14,1,17466,0,1,0.0,1,1,3,1
14,2,733,1,1,0.0,0,1,1,1
16,2,10443,0,1,0.0,1,1,4,0
9,1,20578,0,1,0.0,1,1,2,1
12,0,27569,2,1,0.0,1,1,4,1
12,4,23958,0,1,0.0,1,1,4,1
16,4,6047,0,1,0.0,1,1,3,1
14,0,19946,0,1,0.0,1,1,3,1
13,4,601,0,1,0.0,1,1,3,1
8,4,5122,0,1,0.0,1,1,3,1
15,5,2064,0,1,0.0,1,1,1,1
13,3,22073,0,1,0.0,1,1,3,1
11,1,28712,0,1,0.0,1,1,4,1
10,2,21304,0,1,0.0,1,0,2,0
11,2,5963,0,1,0.0,1,1,0,1
15,6,21676,0,1,0.0,1,1,2,1
13,5,6313,0,1,1.0,1,1,0,1
16,2,19438,0,1,0.0,1,1,2,1
12,5,7662,1,1,0.0,1,0,0,1
15,1,11537,1,1,0.0,1,1,3,1
16,3,13359,0,1,0.0,1,1,3,0
14,0,2875,1,1,0.0,1,1,2,1
12,3,17022,0,1,0.0,1,1,2,1
14,6,8134,2,1,0.0,1,1,2,1
15,3,1781,0,1,1.0,1,1,1,1
16,5,12927,0,1,0.0,1,1,4,1
16,3,5782,3,1,0.0,1,1,2,1
19,4,13992,2,1,0.0,1,1,1,1
8,1,17714,2,1,0.0,1,1,1,1
10,3,10003,0,1,0.0,1,1,1,1
10,5,8188,1,1,2.0,1,1,4,1
6,6,9626,0,1,0.0,1,1,0,1
14,5,23848,0,1,1.0,1,1,0,1
14,4,22092,0,1,0.0,1,0,0,1
11,3,1821,0,1,0.0,1,1,4,1
14,3,7944,0,1,0.0,1,1,4,1
16,4,403,2,1,0.0,1,0,3,1
10,5,10088,0,1,0.0,1,0,3,1
15,6,12803,0,1,0.0,1,1,4,0
16,3,890,0,1,0.0,1,1,2,0
14,3,0,0,1,5.0,1,0,3,1
13,2,18342,0,1,0.0,1,1,0,1
10,5,11634,0,1,0.0,1,1,3,1
9,1,22938,0,1,0.0,1,1,1,1
11,3,1301,0,1,0.0,0,1,0,1
7,4,1780,0,1,0.0,1,1,2,0
19,3,19273,0,1,0.0,1,1,3,1
13,4,14842,0,1,0.0,1,1,4,1
15,1,25407,2,1,0.0,1,1,1,1
17,2,13337,0,1,0.0,1,1,2,1
13,5,28169,0,1,0.0,1,1,3,1
10,4,19270,0,1,0.0,1,1,4,1
13,4,8303,0,1,0.0,1,1,0,0
17,3,20090,0,1,1.0,1,1,3,1
11,5,7846,1,1,0.0,1,1,4,1
12,4,15250,0,1,0.0,1,1,1,0
16,2,19790,0,1,0.0,1,1,1,1
13,3,20530,1,1,0.0,1,1,3,1
11,0,16729,0,1,0.0,1,1,3,1
15,4,1164,0,1,0.0,1,1,2,0
9,2,15366,2,1,0.0,1,1,3,1
9,4,23692,0,1,0.0,1,1,0,0
15,3,18360,0,1,0.0,1,1,4,1
9,6,12717,0,1,0.0,1,1,1,0
16,3,13278,1,1,0.0,1,1,1,1
14,4,13511,0,1,0.0,1,1,0,1
14,4,22162,0,1,0.0,1,1,4,1
11,2,6063,0,1,0.0,1,1,4,1
17,4,12649,0,1,1.0,1,1,3,1
9,6,25074,0,1,0.0,1,1,1,1
17,5,18869,0,1,0.0,1,1,4,1
8,0,24663,1,1,0.0,1,1,0,1
7,1,3760,1,1,0.0,1,1,3,1
10,1,27258,0,1,0.0,1,1,0,1
11,5,26523,0,1,0.0,1,1,0,0
16,0,26585,0,1,0.0,1,1,1,1
16,2,22579,2,1,0.0,1,1,4,1
11,0,28695,1,1,0.0,1,1,3,1
15,5,26976,3,1,0.0,1,1,3,1
11,5,6908,2,1,0.0,1,1,1,1
10,3,22005,3,1,0.0,1,1,2,1
12,5,2751,3,1,0.0,1,1,2,1
15,6,8564,0,1,0.0,1,1,3,1
11,6,18857,1,1,0.0,1,1,1,1
13,3,19608,0,1,0.0,1,1,4,1
11,4,13704,0,1,0.0,1,1,1,1
9,6,20037,3,1,0.0,1,1,2,1
15,0,23998,0,1,0.0,1,0,4,1
16,0,3884,0,1,0.0,1,1,0,1
17,4,20628,0,1,0.0,1,1,1,1
11,2,22013,2,1,0.0,1,1,1,1
16,2,20205,2,1,0.0,1,1,2,1
17,6,26177,0,1,0.0,1,0,1,1
9,4,16605,0,1,0.0,1,1,0,1
11,3,18883,3,1,0.0,1,1,1,1
16,4,18130,3,1,1.0,1,1,4,1
10,2,25387,3,1,0.0,1,1,2,1
8,3,8261,0,1,0.0,1,1,0,1
16,2,1875,0,1,0.0,1,1,2,1
8,6,27423,0,1,0.0,1,1,3,1
12,3,3459,0,1,0.0,1,0,3,0
11,4,16370,0,1,0.0,1,1,2,0
13,1,10481,1,1,0.0,1,1,3,1
13,4,4554,2,1,0.0,1,1,4,1
13,0,8289,0,1,0.0,1,1,3,1
8,6,27801,3,1,0.0,1,1,1,1
13,4,23907,0,1,0.0,1,1,3,1
10,0,20833,0,1,0.0,1,1,4,1
16,6,21718,0,1,0.0,1,1,2,0
8,2,23051,0,1,0.0,1,1,0,1
15,5,11628,1,1,0.0,1,1,3,1
9,4,20522,0,1,0.0,1,1,3,1
15,0,337,0,1,0.0,1,1,3,1
15,5,25652,0,1,0.0,1,1,0,1
15,3,11251,3,1,0.0,1,1,0,1
13,6,19702,0,1,0.0,1,1,1,0
15,2,17903,0,1,0.0,1,1,3,0
15,3,28282,0,1,0.0,1,1,0,0
16,6,27855,2,1,0.0,1,0,2,1
10,2,1533,0,1,0.0,1,1,2,1
12,1,20299,0,1,0.0,1,1,3,1
13,0,14177,0,1,0.0,1,0,3,1
14,6,28002,0,1,0.0,1,1,3,1
12,0,11750,0,1,0.0,1,1,1,1
13,5,19974,0,1,0.0,1,1,3,1
10,3,17112,0,1,0.0,1,1,2,1
11,4,3361,0,1,0.0,1,1,2,0
19,6,11414,0,1,0.0,1,1,3,1
12,0,21921,0,1,0.0,1,1,1,1
7,1,18275,0,1,0.0,1,1,2,1
13,4,25667,0,1,0.0,1,1,4,1
12,0,1974,1,1,0.0,1,1,1,1
10,1,22317,0,1,0.0,1,1,4,0
12,6,2457,0,1,0.0,1,0,3,1
11,4,17592,1,1,0.0,1,1,4,1
9,6,19713,0,1,0.0,1,1,3,1
16,2,15922,0,1,1.0,1,1,3,1
12,0,9450,0,1,0.0,1,0,1,1
10,6,15217,0,1,0.0,1,1,1,0
13,3,9264,0,1,1.0,1,1,1,0
15,3,172,2,1,1.0,1,1,1,1
14,6,9735,0,1,1.0,1,1,4,1
13,1,6807,0,1,0.0,1,1,4,0
15,0,22306,0,1,0.0,1,1,3,1
12,0,6123,0,1,0.0,1,1,1,1
16,3,21371,0,1,0.0,1,1,2,1
12,0,27069,0,1,1.0,0,1,4,1
16,2,7413,3,1,0.0,1,1,1,1
9,0,10709,0,1,0.0,1,1,1,1
14,6,8097,1,1,0.0,1,1,3,1
11,5,26273,0,1,0.0,1,0,0,1
13,4,27514,0,1,0.0,1,1,2,1
6,2,27867,0,1,0.0,1,1,4,1
10,6,13681,0,1,1.0,1,1,4,1
13,5,26422,0,1,0.0,1,1,3,1
13,6,8113,0,1,1.0,1,1,4,1
9,6,21650,2,1,0.0,1,1,0,1
15,6,9796,1,1,1.0,1,1,1,1
12,1,2039,0,1,0.0,1,1,1,0
9,4,27973,0,1,0.0,1,1,3,1
14,5,13109,0,1,0.0,1,1,4,1
16,4,18144,1,1,0.0,1,1,0,1
19,5,24235,2,1,0.0,1,1,0,1
9,2,24920,0,1,0.0,1,1,4,1
11,5,27253,0,1,0.0,1,0,0,1
13,3,21550,0,1,0.0,1,1,1,1
9,3,26538,0,1,0.0,1,1,1,1
11,4,5995,1,1,0.0,1,1,2,1
10,3,9584,0,1,0.0,1,1,4,1
15,0,19765,0,1,0.0,1,1,1,1
11,0,442,0,1,0.0,1,1,3,0
9,3,13076,1,1,0.0,1,1,1,1
9,1,9931,2,1,0.0,1,1,1,1
17,3,11727,0,1,0.0,1,1,1,1
10,4,27283,0,1,0.0,1,0,1,1
6,6,4541,2,1,0.0,1,0,1,1
11,6,12842,3,1,0.0,1,1,3,1
12,0,21540,0,1,0.0,1,1,1,1
11,2,27181,0,1,0.0,1,0,2,1
10,1,14710,0,1,0.0,1,1,0,1
19,0,19149,0,1,0.0,1,1,4,1
17,2,27790,2,1,0.0,1,1,4,1
14,3,0,0,1,5.0,1,0,3,1
10,4,16762,0,1,0.0,1,0,3,1
9,1,9087,0,1,0.0,1,1,3,1
11,1,14781,0,1,1.0,1,1,2,1
12,4,5316,0,1,0.0,1,1,0,1
18,1,27266,0,1,0.0,1,1,1,0
15,2,24928,2,1,0.0,1,1,1,1
17,1,425,0,1,0.0,1,1,3,1
12,6,15406,0,1,0.0,1,0,0,0
14,3,8462,0,1,0.0,1,1,3,1
12,3,1453,0,1,0.0,1,1,1,1
13,0,13488,0,1,0.0,1,1,4,1
13,5,15363,0,1,0.0,1,1,3,1
7,2,26932,0,1,0.0,1,0,2,1
15,4,620,0,1,0.0,1,0,0,1
16,1,24496,0,1,0.0,1,1,1,1
13,2,3927,0,1,0.0,1,1,2,1
12,2,14612,0,1,0.0,1,1,2,0
10,0,15951,0,1,0.0,1,1,1,1
12,0,22778,0,1,0.0,1,1,0,1
10,4,13058,2,1,0.0,1,1,2,1
11,4,20654,0,1,0.0,1,1,0,1
14,3,4852,0,1,0.0,0,0,2,1
10,4,16252,0,1,0.0,1,0,2,1
12,1,13428,1,1,0.0,1,1,4,1
14,3,18675,0,1,0.0,1,1,1,1
14,1,4137,0,1,0.0,1,1,4,1
14,6,7647,3,1,0.0,1,1,0,1
11,0,28195,0,1,0.0,1,1,4,1
9,2,18273,0,1,0.0,1,1,4,0
12,2,19500,0,1,0.0,1,1,1,1
10,1,4221,0,1,1.0,1,1,3,1
15,2,21545,0,1,0.0,1,1,2,1
12,2,26294,0,1,0.0,1,1,3,1
15,0,26716,0,1,1.0,1,1,2,1
13,2,4038,0,1,1.0,1,1,3,1
12,4,9941,0,1,0.0,1,1,2,1
12,2,6912,0,1,0.0,1,1,4,1
11,5,12378,0,1,0.0,1,1,3,1
14,6,6672,0,1,0.0,1,1,2,1
14,5,12460,0,1,0.0,1,1,4,0
13,1,2037,1,1,0.0,1,0,3,1
13,1,14265,2,1,0.0,1,1,0,1
14,0,21420,1,1,0.0,1,1,4,1
14,6,16165,0,1,0.0,1,1,4,0
16,6,6719,0,1,0.0,1,1,3,1
12,6,20017,0,1,0.0,1,1,1,1
11,0,18852,1,1,0.0,1,1,1,1
12,0,10486,0,1,0.0,1,1,2,0
9,5,3763,2,1,0.0,1,1,1,1
17,1,16189,0,1,0.0,1,1,3,1
14,5,28234,0,1,0.0,1,1,4,1
14,4,14252,2,1,0.0,1,1,3,1
9,0,17520,3,1,0.0,1,1,4,1
10,2,13346,0,1,0.0,1,1,1,1
9,0,26501,0,1,0.0,1,1,4,1
9,5,16949,0,1,1.0,1,1,2,0
12,4,11452,1,1,0.0,1,1,3,1
11,6,28455,0,1,0.0,1,1,4,1
11,4,18219,0,1,0.0,1,1,3,0
12,6,8394,0,1,0.0,1,1,4,1
13,1,10228,0,1,0.0,1,1,4,1
19,2,13114,0,1,0.0,1,1,2,1
11,3,12317,0,1,0.0,1,1,3,1
11,0,15512,0,1,1.0,1,1,4,0
19,5,27783,0,1,0.0,1,1,1,1
18,0,1477,2,1,0.0,1,1,3,1
12,1,24631,0,1,0.0,1,1,4,1
12,3,25240,0,1,0.0,1,0,2,1
13,6,23133,0,1,0.0,1,1,0,1
10,5,17660,0,1,0.0,1,1,0,1
9,3,22318,0,1,0.0,0,0,4,1
9,5,20753,0,1,0.0,1,1,3,1
12,1,10711,0,1,0.0,1,1,0,1
13,1,15693,0,1,0.0,1,1,1,1
15,3,12105,0,1,0.0,1,1,2,1
7,5,26418,0,1,0.0,1,1,4,0
6,1,6165,0,1,0.0,1,1,4,0
8,2,8987,0,1,0.0,1,1,1,0
14,6,5539,0,1,0.0,1,1,4,1
14,4,23505,0,1,0.0,1,1,3,0
14,6,15347,0,1,0.0,1,1,4,1
19,3,12547,0,1,0.0,1,0,4,1
18,1,22702,0,1,0.0,1,1,1,1
18,2,9551,0,1,0.0,1,1,2,1
15,2,5551,0,1,0.0,1,1,3,1
13,5,20111,1,1,0.0,1,1,0,1
17,3,15334,0,1,0.0,1,1,0,1
9,1,11907,1,1,0.0,1,1,1,1
15,0,15897,0,1,0.0,1,1,3,1
16,2,26104,1,1,0.0,1,1,4,1
9,4,5517,0,1,1.0,1,1,1,1
7,3,6304,0,1,0.0,1,1,2,1
12,3,0,0,1,4.0,1,0,3,1
6,6,20676,1,1,0.0,1,1,4,1
16,4,1022,3,1,0.0,1,1,1,1
14,4,24255,0,1,0.0,1,1,3,0
9,3,14688,0,1,0.0,0,0,3,1
14,4,18337,1,1,0.0,1,1,1,1
12,4,22954,0,1,0.0,1,0,4,1
17,3,9384,0,1,0.0,1,1,2,1
15,0,212,0,1,0.0,1,0,0,0
18,4,11333,0,1,0.0,1,1,1,1
11,6,10032,2,1,0.0,1,1,1,1
13,3,10233,0,1,0.0,1,1,0,1
11,2,18275,0,1,0.0,1,1,4,1
10,5,20532,0,1,0.0,1,1,3,1
8,4,4178,0,1,0.0,1,1,2,1
14,1,7821,0,1,0.0,1,1,1,1
10,1,2445,2,1,0.0,1,1,4,1
10,2,18787,0,1,0.0,1,1,4,1
12,5,12062,0,1,0.0,1,1,0,1
13,4,7695,0,1,0.0,1,1,1,1
12,3,7133,2,1,0.0,1,1,0,1
12,0,11620,2,1,0.0,1,0,1,1
12,4,700,0,1,0.0,1,1,2,1
18,6,2844,0,1,0.0,1,0,4,0
10,1,153,0,1,0.0,1,0,1,1
8,4,2831,1,1,0.0,1,1,1,1
11,3,4153,2,1,0.0,1,1,1,1
9,0,14924,0,1,0.0,1,1,4,1
14,2,1154,0,1,1.0,1,1,3,1
13,3,23145,0,1,0.0,1,1,2,1
16,5,12244,0,1,0.0,1,1,0,1
11,6,5474,0,1,0.0,1,1,0,1
10,3,0,0,1,5.0,1,0,3,1
13,3,19678,0,1,0.0,1,1,1,1
15,3,22561,0,1,0.0,1,1,3,1
16,3,22145,3,1,0.0,1,1,1,1
14,3,0,0,1,5.0,1,0,3,1
9,4,21388,0,1,0.0,1,0,4,1
11,0,19491,1,1,0.0,1,1,3,1
9,0,8989,2,1,1.0,1,1,4,1
13,2,20031,2,1,0.0,1,1,2,1
16,0,574,1,1,0.0,1,1,3,1
13,3,25241,0,1,0.0,0,0,3,1
9,0,4675,1,1,0.0,1,1,0,1
18,3,13991,0,1,0.0,1,1,1,1
6,2,18787,0,1,0.0,1,1,1,0
14,5,8304,0,1,0.0,1,1,1,1
12,1,12928,3,1,0.0,1,1,1,1
14,2,3766,0,1,0.0,1,1,0,1
11,1,26910,1,1,1.0,1,0,1,1
10,2,4981,0,1,1.0,1,1,1,1
9,4,13037,0,1,0.0,1,1,4,1
11,4,14059,3,1,0.0,1,1,0,1
8,4,13975,0,1,0.0,1,1,0,0
13,2,10070,0,1,0.0,1,1,0,0
12,2,21669,0,1,1.0,1,1,0,1
15,5,5958,0,1,0.0,1,1,1,1
18,2,15858,0,1,0.0,1,1,3,1
16,3,18458,0,1,0.0,1,1,0,1
11,4,3257,1,1,0.0,1,1,1,1
18,3,9472,0,1,0.0,1,1,4,1
10,3,12708,0,1,0.0,1,1,0,1
9,4,27506,0,1,0.0,1,1,3,1
14,1,9719,2,1,0.0,1,1,1,1
16,4,22695,0,1,0.0,1,1,3,1
13,1,21665,0,1,0.0,1,1,4,1
9,5,5589,0,1,0.0,1,0,2,1
15,0,11221,0,1,0.0,1,1,1,1
11,5,17400,0,1,0.0,1,1,1,1
17,4,18715,0,1,0.0,1,1,3,0
6,3,25910,0,1,0.0,1,1,3,1
15,5,21725,2,1,0.0,1,1,3,1
9,3,22679,0,1,1.0,1,1,0,0
6,3,10779,0,1,0.0,1,1,2,0
14,1,15955,0,1,0.0,1,1,2,1
11,5,722,1,1,0.0,1,1,0,1
11,1,20936,1,1,0.0,1,1,2,1
11,6,21615,0,1,0.0,1,1,1,1
13,4,65,2,1,0.0,1,1,1,1
12,0,5121,0,1,0.0,1,0,1,1
10,3,22044,0,1,0.0,1,1,0,1
10,3,16196,0,1,0.0,0,0,2,1
10,5,28110,0,1,1.0,1,1,3,1
11,1,15976,0,1,0.0,1,1,0,0
20,4,2329,0,1,0.0,1,1,2,1
9,1,6119,0,1,0.0,1,1,3,0
13,5,25264,0,1,0.0,1,1,0,1
13,5,26710,0,1,0.0,1,1,0,1
11,6,11003,0,1,0.0,1,1,3,1
14,1,7061,0,1,0.0,1,1,4,0
10,0,571,0,1,0.0,1,1,2,1
17,4,22912,0,1,0.0,1,1,3,0
15,0,13855,0,1,0.0,1,1,0,1
13,6,20622,0,1,0.0,1,1,2,1
16,6,10642,1,1,0.0,1,1,2,1
12,1,18354,0,1,1.0,0,1,2,1
10,3,0,0,1,5.0,1,0,3,1
14,4,25936,0,1,0.0,1,1,1,0
10,0,15749,0,1,1.0,1,1,2,1
17,2,27498,0,1,1.0,1,1,4,1
10,1,4240,1,1,0.0,1,1,4,1
9,5,10613,0,1,0.0,1,1,1,0
13,6,26352,0,1,0.0,1,1,0,1
13,1,22448,0,1,0.0,1,1,3,1
12,2,2435,0,1,0.0,1,0,2,1
9,0,18818,0,1,1.0,1,1,4,1
11,1,28529,0,1,1.0,1,1,3,1
7,4,2627,0,1,0.0,1,1,0,1
15,6,4083,0,1,0.0,1,1,0,1
13,4,19697,0,1,0.0,1,1,4,1
15,1,19330,0,1,0.0,1,1,3,1
12,3,21782,0,1,0.0,1,1,3,1
18,5,6053,2,1,0.0,1,1,0,1
10,0,4375,0,1,0.0,1,1,3,0
13,0,18023,0,1,0.0,1,1,3,1
13,2,1005,0,1,0.0,1,1,2,0
11,6,5361,0,1,0.0,1,1,1,1
12,4,12196,0,1,0.0,1,0,0,0
13,1,27802,0,1,0.0,1,1,2,1
7,5,22844,0,1,0.0,1,1,0,1
14,3,15031,2,1,0.0,0,0,4,1
11,1,10938,0,1,0.0,1,1,4,1
9,4,7715,0,1,0.0,1,1,1,0
15,0,1621,0,1,0.0,1,1,2,0
16,0,13613,1,1,0.0,1,1,3,1
9,5,8186,0,1,0.0,1,1,3,0
11,1,4658,0,1,0.0,1,1,1,1
14,0,22886,0,1,0.0,1,1,4,0
16,0,21603,0,1,0.0,1,1,4,0
17,6,8459,2,1,0.0,1,0,1,1
13,0,26646,1,1,0.0,1,1,4,1
14,3,12970,0,1,1.0,0,1,2,1
15,3,21793,1,1,0.0,1,1,2,1
13,6,19220,0,1,0.0,1,1,4,1
13,4,22349,2,1,0.0,1,1,4,1
18,4,10994,1,1,0.0,1,1,1,1
12,4,23522,0,1,0.0,1,0,0,1
8,3,10184,0,1,0.0,1,1,2,0
15,6,6843,0,1,0.0,1,1,3,1
14,0,5262,0,1,0.0,1,1,1,1
12,2,20724,0,1,0.0,1,1,3,1
8,3,6831,0,1,0.0,1,1,3,0
9,5,10446,0,1,1.0,1,1,3,1
8,6,5481,3,1,0.0,1,1,3,1
14,6,28470,3,1,0.0,1,1,0,1
12,6,15526,0,1,0.0,1,0,3,1
13,0,1041,2,1,0.0,1,1,0,1
12,5,27460,0,1,0.0,1,1,3,1
8,3,7120,0,1,0.0,0,0,4,0
13,5,15935,0,1,0.0,1,0,2,1
16,0,7586,2,1,0.0,1,1,3,1
18,3,15870,0,1,0.0,1,1,3,0
16,6,5662,0,1,0.0,1,1,1,0
6,6,3280,0,1,0.0,1,1,1,1
11,6,14292,0,1,0.0,1,1,0,1
11,4,27112,0,1,0.0,1,1,0,1
13,6,20312,0,1,0.0,1,1,3,1
12,4,14903,0,1,0.0,1,1,2,1
13,1,25754,0,1,0.0,1,1,2,1
20,0,16416,0,1,0.0,1,1,2,0
9,2,14131,0,1,0.0,1,1,1,1
18,2,19493,0,1,0.0,1,0,3,1
8,2,27403,1,1,0.0,1,1,4,1
10,4,14428,0,1,0.0,1,1,2,1
17,4,17318,0,1,0.0,1,1,3,0
10,5,12787,0,1,0.0,1,1,2,1
19,2,3303,2,1,1.0,1,1,1,1
14,1,7154,0,1,0.0,1,1,3,1
10,1,1648,0,1,0.0,1,1,1,1
13,3,0,0,1,5.0,1,0,3,1
10,2,16830,0,1,0.0,1,1,2,1
6,4,5049,0,1,0.0,1,1,2,1
7,2,3257,0,1,0.0,1,1,2,0
8,1,3402,3,1,1.0,1,1,4,1
19,3,8097,0,1,0.0,1,0,2,0
13,3,0,0,1,5.0,1,0,3,1
13,2,12410,0,1,0.0,1,1,4,1
10,6,26707,0,1,0.0,1,1,3,1
14,0,14921,0,1,0.0,1,1,3,1
11,4,16992,0,1,0.0,1,1,4,1
11,4,9149,0,1,0.0,1,1,2,1
10,3,0,0,1,1.0,0,0,3,1
13,5,22076,0,1,0.0,1,1,2,0
14,4,17926,2,1,0.0,1,1,4,1
10,6,12028,0,1,0.0,1,1,3,1
12,0,99,0,1,0.0,1,1,3,0
17,0,23545,2,1,0.0,1,1,3,1
8,5,22145,0,1,1.0,1,1,4,0
16,5,1133,2,1,0.0,1,1,4,1
14,4,24494,0,1,0.0,1,0,3,1
6,4,10162,0,1,0.0,1,1,1,0
13,2,25282,0,1,0.0,0,1,3,1
15,0,5022,1,1,0.0,1,1,4,1
10,1,7524,0,1,0.0,1,1,4,1
7,2,7665,1,1,0.0,1,1,0,1
8,4,27449,0,1,0.0,1,1,4,1
9,3,8610,0,1,0.0,1,1,3,1
9,2,16017,0,1,0.0,1,1,4,1
13,4,20842,0,1,0.0,1,0,0,1
10,5,23002,0,1,0.0,1,1,4,1
11,0,8009,2,1,0.0,1,1,2,1
11,0,13821,0,1,0.0,1,0,1,1
12,0,22743,0,1,0.0,1,1,4,1
14,2,27364,1,1,0.0,1,1,1,1
12,2,12067,0,1,0.0,1,1,3,1
9,4,6617,3,1,0.0,1,1,4,1
11,5,28616,0,1,0.0,1,1,4,1
11,2,27246,0,1,0.0,1,1,2,1
8,3,26552,0,1,0.0,1,0,3,1
19,2,1524,0,1,0.0,1,1,1,1
12,5,177,0,1,0.0,1,1,1,0
9,3,17311,2,1,0.0,0,0,4,1
10,4,119,1,1,0.0,1,1,4,1
17,3,23494,0,1,0.0,1,1,4,1
13,4,22941,0,1,1.0,1,1,0,0
13,3,25209,2,1,0.0,1,1,1,1
10,4,23816,0,1,0.0,1,1,3,1
13,1,18149,0,1,0.0,1,0,0,1
12,1,14258,2,1,0.0,1,1,0,1
13,0,11312,0,1,0.0,1,1,1,1
11,4,3356,3,1,0.0,1,1,2,1
11,2,22210,0,1,0.0,1,1,3,1
11,2,27623,0,1,0.0,1,1,0,1
9,2,11532,0,1,0.0,1,1,1,1
9,3,3757,2,1,0.0,1,0,3,1
9,0,18825,0,1,0.0,1,1,3,1
15,5,22782,0,1,0.0,1,1,3,1
11,5,15182,0,1,0.0,1,1,2,0
12,6,7922,0,1,0.0,1,1,2,0
9,0,7436,0,1,0.0,1,1,2,1
12,1,15618,0,1,1.0,1,1,2,1
12,6,17318,0,1,0.0,1,1,3,1
12,5,3602,0,1,0.0,1,0,0,0
16,3,22251,1,1,0.0,1,0,3,1
8,3,12408,0,1,0.0,1,1,0,1
15,4,10762,0,1,0.0,1,1,0,1
15,0,24602,2,1,0.0,1,1,4,1
13,2,21652,0,1,0.0,1,1,2,0
12,6,1230,0,1,0.0,1,1,3,1
13,2,4542,0,1,0.0,1,1,4,1
8,0,28641,2,1,0.0,1,1,4,1
18,2,11486,0,1,0.0,1,1,0,1
16,3,5932,0,1,0.0,1,1,0,1
12,1,11637,0,1,1.0,1,1,0,1
16,4,24411,1,1,0.0,1,1,4,1
10,4,4558,0,1,0.0,1,0,0,0
13,2,4165,1,1,0.0,1,1,2,1
9,2,14332,0,1,0.0,1,1,3,1
10,1,11611,3,1,1.0,1,1,4,1
13,5,27407,0,1,0.0,1,0,3,1
16,2,4038,0,1,0.0,1,1,1,1
11,0,8318,3,1,0.0,1,1,1,1
16,5,19810,0,1,1.0,1,1,2,1
17,0,12167,0,1,0.0,1,1,1,0
12,4,26656,0,1,0.0,1,1,2,1
10,0,24531,0,1,0.0,1,1,4,1
11,4,5250,0,1,0.0,1,1,4,1
12,0,19368,0,1,0.0,1,1,3,1
13,3,17651,0,1,0.0,1,1,3,1
10,6,18198,0,1,0.0,1,1,1,1
11,4,18478,0,1,0.0,1,1,0,1
7,0,16463,0,1,0.0,1,1,3,0
11,3,16375,0,1,1.0,1,1,0,0
12,2,2150,0,1,0.0,1,1,3,1
17,3,18698,0,1,0.0,1,0,3,1
16,4,25193,0,1,0.0,1,1,1,0
17,2,22489,0,1,1.0,1,1,3,1
19,4,20431,2,1,0.0,1,0,1,1
12,4,18437,0,1,0.0,1,1,0,1
9,3,9402,2,1,0.0,1,1,0,1
12,3,12683,2,1,0.0,1,1,0,1
17,4,14037,0,1,0.0,1,1,0,1
8,1,18651,3,1,1.0,1,1,2,1
8,6,8405,0,1,0.0,1,1,0,1
12,0,4648,0,1,0.0,1,1,2,0
13,6,27971,0,1,0.0,1,1,1,0
11,2,5846,0,1,0.0,1,0,1,1
13,4,23311,0,1,0.0,1,1,4,0
8,0,24436,0,1,0.0,1,1,3,1
10,0,11218,0,1,0.0,1,1,4,1
12,3,22791,0,1,0.0,1,1,2,1
12,6,25134,0,1,0.0,1,1,1,0
16,0,4582,0,1,0.0,1,1,0,1
15,5,25984,0,1,0.0,1,0,4,1
18,5,1062,0,1,0.0,1,1,1,1
15,0,27234,0,1,2.0,1,1,2,0
11,2,1763,3,1,0.0,1,1,3,1
18,4,6395,3,1,0.0,1,1,3,1
9,5,27758,0,1,0.0,1,1,4,1
18,4,28133,1,1,0.0,1,1,0,1
12,1,9242,0,1,0.0,1,1,4,1
16,6,1112,2,1,0.0,1,0,4,1
11,1,25687,3,1,0.0,1,1,1,1
11,2,16303,0,1,0.0,1,0,3,1
18,5,24627,0,1,0.0,1,1,1,1
11,6,763,1,1,0.0,1,1,1,1
9,5,26127,0,1,0.0,1,1,2,1
9,5,22465,0,1,0.0,1,0,4,1
17,3,22504,3,1,0.0,1,1,3,1
11,3,17008,0,1,1.0,1,1,2,1
10,4,13664,0,1,0.0,1,1,1,0
18,0,21124,3,1,0.0,1,1,1,1
14,4,3959,0,1,0.0,1,1,1,1
16,6,9317,0,1,0.0,1,1,1,1
13,2,21158,0,1,0.0,1,1,2,1
14,4,20543,0,1,0.0,1,1,0,0
15,1,9597,0,1,0.0,1,1,4,1
16,3,2689,3,1,0.0,1,1,3,1
10,4,18356,0,1,0.0,1,1,4,1
18,3,26658,0,1,0.0,1,1,3,1
9,3,23968,0,1,0.0,1,1,4,0
16,1,17603,0,1,0.0,1,1,3,1
18,5,27049,0,1,0.0,1,1,0,1
9,0,22002,0,1,1.0,1,1,0,1
10,2,709,2,1,0.0,1,1,1,1
14,1,19725,0,1,0.0,1,1,0,1
18,1,28313,1,1,0.0,1,1,2,1
13,5,4353,0,1,0.0,1,1,4,1
12,0,11924,0,1,0.0,1,1,0,0
11,4,28144,2,1,0.0,1,1,3,1
18,4,3572,0,1,0.0,1,1,1,1
16,4,13336,0,1,0.0,1,1,1,0
9,5,19440,1,1,0.0,1,0,3,1
15,4,2498,0,1,0.0,1,1,2,1
13,1,26137,0,1,0.0,1,1,4,1
12,5,7681,0,1,0.0,1,1,2,1
11,3,3167,0,1,1.0,1,0,1,1
13,0,17588,0,1,0.0,1,1,2,1
19,0,10766,1,1,0.0,1,1,1,1
14,3,24122,0,1,1.0,1,1,4,1
13,5,26819,0,1,0.0,1,1,2,0
8,5,20012,3,1,0.0,1,1,4,1
12,4,6383,0,1,0.0,1,1,0,1
13,4,5284,2,1,0.0,1,0,4,1
18,2,10270,0,1,0.0,1,1,0,1
13,3,4208,0,1,0.0,1,1,0,1
17,0,17613,0,1,0.0,1,0,0,1
17,0,9614,1,1,0.0,1,1,1,1
17,6,26548,1,1,0.0,1,1,3,1
16,3,22929,0,1,0.0,1,1,3,1
16,0,2775,0,1,0.0,1,1,4,1
16,6,11256,0,1,0.0,1,0,0,1
14,2,24888,0,1,1.0,1,1,2,1
12,4,6033,2,1,0.0,1,1,0,1
7,4,2205,1,1,0.0,1,1,4,1
11,3,7405,1,1,0.0,1,0,4,1
10,3,25706,0,1,0.0,1,1,1,1
9,4,6991,0,1,0.0,1,1,2,1
12,4,27641,0,1,0.0,1,1,4,1
13,4,8915,0,1,0.0,1,1,2,1
8,6,1359,0,1,0.0,1,1,1,1
16,6,15880,0,1,0.0,1,0,0,1
9,6,18758,0,1,0.0,1,1,2,1
15,3,21057,2,1,0.0,1,1,3,1
15,2,7768,0,1,0.0,1,0,2,0
15,6,28056,2,1,0.0,1,1,4,1
13,5,6520,0,1,0.0,0,1,1,1
14,5,22316,0,1,1.0,1,1,2,1
13,1,28623,0,1,0.0,1,1,3,1
10,6,16880,0,1,0.0,1,1,2,0
9,6,12177,1,1,0.0,1,1,2,1
19,0,24003,0,1,0.0,0,1,1,1
12,6,21230,0,1,0.0,1,0,0,1
9,3,25814,0,1,0.0,1,1,3,1
17,1,9017,0,1,0.0,1,1,2,1
15,2,17915,0,1,0.0,1,1,4,0
15,0,19304,1,1,0.0,1,1,3,1
10,2,13488,0,1,0.0,1,1,3,0
11,5,10590,0,1,0.0,1,1,3,0
17,4,6712,1,1,0.0,1,1,4,1
15,0,13019,2,1,0.0,1,1,4,1
9,6,26802,2,1,0.0,1,1,0,1
12,4,20961,0,1,0.0,1,1,3,1
7,3,20976,0,1,0.0,1,1,2,1
14,4,21041,1,1,0.0,1,1,3,1
12,5,13910,0,1,0.0,1,1,4,1
15,0,21924,1,1,0.0,1,1,3,1
7,5,27996,1,1,0.0,1,1,0,1
9,6,20661,0,1,0.0,1,1,2,1
16,4,3226,0,1,1.0,1,1,2,1
16,5,28407,0,1,0.0,1,1,0,1
14,6,1320,0,1,0.0,1,1,2,0
13,0,10389,0,1,1.0,1,1,4,1
11,4,17712,0,1,0.0,1,1,2,1
18,1,6515,0,1,0.0,1,1,4,0
6,3,7219,3,1,0.0,1,1,1,1
6,0,1224,0,1,1.0,1,1,0,1
15,3,0,0,1,4.0,1,0,3,1
10,6,7536,0,1,0.0,1,1,0,1
9,3,14615,1,1,0.0,1,1,1,1
10,3,18884,0,1,0.0,1,1,4,0
11,0,5472,2,1,0.0,1,1,1,1
16,0,11138,0,1,0.0,1,0,1,0
7,3,4295,2,1,0.0,1,1,4,1
15,5,25810,0,1,0.0,1,1,4,1
16,4,0,0,1,4.0,1,0,3,0
10,6,24593,1,1,0.0,1,1,1,1
11,6,18668,3,1,0.0,1,1,3,1
16,3,15151,2,1,0.0,1,1,4,1
14,1,20253,1,1,0.0,1,1,1,1
17,1,24450,2,1,0.0,1,1,1,1
15,5,20280,0,1,0.0,1,1,3,0
11,3,17537,0,1,0.0,1,0,3,1
8,1,15838,2,1,1.0,1,1,4,1
14,3,13613,0,1,0.0,1,1,2,1
17,1,17402,0,1,0.0,1,1,4,0
20,6,26161,2,1,0.0,1,1,2,1
13,5,11075,0,1,0.0,1,1,2,1
12,0,17979,0,1,0.0,1,1,2,1
17,4,19026,2,1,0.0,1,1,1,1
7,0,25085,0,1,0.0,1,1,2,0
13,4,8802,0,1,0.0,1,1,1,1
12,5,25947,1,1,0.0,1,1,2,1
14,6,3603,2,1,0.0,1,1,2,1
10,4,25353,0,1,0.0,1,1,2,1
12,4,21771,0,1,0.0,1,1,3,1
9,6,16687,1,1,0.0,1,1,1,1
8,1,15503,0,1,0.0,1,1,3,1
14,2,25754,1,1,0.0,1,1,3,1
7,4,23943,0,1,0.0,1,1,0,0
11,5,12995,0,1,0.0,1,1,4,1
7,2,19635,1,1,0.0,1,1,0,1
12,5,15291,0,1,0.0,1,1,3,1
12,2,1002,1,1,0.0,1,1,1,1
18,5,18895,0,1,0.0,1,1,3,1
6,0,17996,0,1,0.0,1,0,4,0
11,4,21828,0,1,1.0,1,1,2,1
17,0,14939,1,1,0.0,1,1,3,1
9,0,3244,2,1,0.0,1,1,1,1
8,1,17696,0,1,0.0,1,1,4,0
10,3,17308,1,1,0.0,1,1,0,1
15,1,12105,0,1,0.0,1,1,4,0
14,2,20928,0,1,0.0,1,1,0,1
13,1,10540,0,1,0.0,1,1,0,1
10,4,7085,0,1,1.0,1,0,2,1
12,4,4326,0,1,0.0,1,1,4,1
16,4,10892,0,1,0.0,1,1,2,1
9,3,11809,0,1,0.0,1,1,1,1
17,5,2792,0,1,0.0,1,1,3,1
17,5,12721,0,1,0.0,1,1,0,1
6,4,15879,0,1,0.0,1,1,3,1
14,1,6205,0,1,0.0,1,0,0,1
6,1,11268,0,1,0.0,1,1,4,0
19,5,13645,0,1,0.0,1,1,1,1
16,2,19050,2,1,0.0,1,1,2,1
16,2,26686,0,1,0.0,1,1,2,0
14,5,560,0,1,0.0,1,1,3,1
13,2,7069,0,1,0.0,1,1,3,0
16,0,18527,0,1,1.0,1,1,1,1
13,5,11092,0,1,0.0,1,1,2,1
13,0,19119,0,1,0.0,1,1,0,1
15,3,14833,1,1,1.0,1,1,3,1
12,4,4105,0,1,0.0,1,1,3,1
13,0,11178,1,1,0.0,1,1,0,1
8,2,17710,0,1,0.0,1,1,2,1
14,6,195,0,1,0.0,1,1,1,1
19,2,13948,0,1,0.0,1,1,1,1
14,5,16988,0,1,0.0,1,1,3,1
18,2,10569,3,1,0.0,1,1,3,1
17,4,5168,0,1,0.0,1,1,4,1
11,2,26853,0,1,1.0,1,1,0,1
12,6,14033,0,1,0.0,1,1,4,1
15,0,8442,0,1,0.0,1,1,3,1
17,6,6666,1,1,0.0,1,1,1,1
16,4,22712,0,1,0.0,1,0,3,1
17,6,21260,0,1,0.0,1,1,1,0
9,3,3282,2,1,0.0,0,0,3,1
13,3,1385,0,1,0.0,1,1,4,1
11,2,27155,0,1,0.0,1,0,1,1
14,2,24786,0,1,0.0,1,1,1,1
6,1,10770,3,1,0.0,1,1,3,1
15,0,21983,0,1,0.0,1,1,3,1
11,3,21615,0,1,0.0,1,1,1,1
13,0,14826,0,1,0.0,1,1,2,0
7,2,13535,0,1,0.0,1,1,1,0
11,1,998,0,1,0.0,1,1,4,1
11,2,20982,0,1,0.0,1,0,2,1
11,1,27188,1,1,0.0,1,1,4,1
10,2,9544,0,1,0.0,1,1,2,1
14,6,1467,0,1,0.0,1,1,1,1
8,6,8981,0,1,0.0,1,1,0,1
20,4,1424,0,1,0.0,1,1,2,1
10,4,22161,0,1,1.0,1,1,1,1
8,1,13079,3,1,0.0,1,1,4,1
15,3,12026,0,1,0.0,1,0,2,1
6,5,21132,1,1,0.0,1,1,1,1
11,4,10114,0,1,0.0,1,1,3,0
16,0,5311,0,1,1.0,1,1,1,1
9,1,15003,1,1,0.0,1,1,3,1
10,1,1590,0,1,0.0,1,1,1,1
9,3,22320,2,1,0.0,1,1,3,1
14,0,912,0,1,0.0,1,1,4,1
9,2,15864,0,1,0.0,1,1,2,0
15,1,14998,1,1,0.0,1,1,0,1
10,6,2669,0,1,0.0,1,0,3,1
17,4,3052,2,1,0.0,1,0,1,1
14,5,7571,0,1,0.0,1,1,4,0
14,3,3024,0,1,0.0,1,1,4,1
10,4,8305,1,1,0.0,1,1,3,1
12,1,11518,1,1,0.0,1,1,1,1
16,3,19563,0,1,0.0,1,1,3,1
16,1,22462,0,1,0.0,1,1,3,0
12,1,13965,0,1,0.0,1,0,3,0
14,1,8342,0,1,0.0,1,1,2,1
10,1,18952,0,1,0.0,1,1,2,0
13,3,21137,0,1,1.0,1,1,2,1
12,5,3557,1,1,0.0,1,1,2,1
8,6,3978,0,1,0.0,1,1,4,1
12,0,22670,0,1,0.0,1,1,0,0
17,6,23341,2,1,0.0,1,1,1,1
17,2,7918,2,1,1.0,1,1,0,1
10,0,22166,1,1,0.0,1,1,2,1
9,4,2599,0,1,1.0,1,1,1,0
11,1,4289,0,1,0.0,1,1,0,0
12,0,12087,0,1,0.0,1,1,3,1
10,1,26073,0,1,0.0,1,1,2,0
11,1,2631,1,1,0.0,1,1,1,1
15,4,5830,0,1,0.0,1,1,0,1
11,6,23927,0,1,0.0,1,1,0,1
9,6,5636,1,1,0.0,1,1,3,1
10,4,19804,0,1,1.0,1,1,4,1
12,6,11463,0,1,1.0,1,1,4,1
12,5,3880,3,1,0.0,1,1,1,1
10,3,773,0,1,0.0,1,1,3,1
10,3,17591,0,1,0.0,1,1,1,1
16,5,26492,0,1,0.0,1,1,2,1
18,5,24600,0,1,1.0,1,1,1,0
15,5,5275,0,1,0.0,1,1,1,1
13,2,16230,0,1,0.0,1,1,4,1
14,1,699,1,1,0.0,1,1,0,1
14,1,5469,0,1,0.0,1,0,2,1
7,3,7799,1,1,0.0,1,1,1,1
11,3,18432,1,1,0.0,1,1,1,1
14,0,16252,0,1,0.0,1,1,4,1
13,1,3122,3,1,0.0,1,1,3,1
10,5,22983,0,1,0.0,1,0,4,1
9,1,7117,0,1,1.0,1,1,2,1
18,2,26371,0,1,0.0,1,1,2,0
19,0,18216,0,1,0.0,1,1,4,1
12,3,20377,0,1,1.0,1,1,1,1
12,1,16680,2,1,0.0,1,1,3,1
15,0,11301,0,1,0.0,1,1,0,0
16,2,16388,0,1,0.0,1,1,1,1
7,0,8199,0,1,0.0,1,1,1,1
12,3,14529,0,1,0.0,1,0,1,1
13,0,10470,0,1,0.0,1,1,3,1
9,6,19524,0,1,0.0,1,0,0,1
7,2,21557,0,1,0.0,1,1,0,1
15,4,12044,0,1,1.0,1,1,3,1
12,1,26627,0,1,0.0,1,1,4,1
10,2,14995,0,1,0.0,1,1,2,0
12,6,15389,0,1,0.0,1,1,2,1
15,2,20354,0,1,0.0,1,1,3,1
15,6,14901,1,1,0.0,1,1,0,1
13,1,11233,0,1,0.0,1,1,0,1
15,5,14109,0,1,1.0,1,1,4,1
16,2,17325,0,1,0.0,1,1,3,1
10,2,7137,0,1,0.0,1,0,1,1
12,5,26997,0,1,0.0,1,1,0,1
6,4,18504,1,1,0.0,1,1,4,1
11,0,7971,0,1,0.0,1,1,1,1
20,2,24664,0,1,1.0,1,1,0,1
9,6,18223,0,1,0.0,1,1,1,1
18,2,6055,0,1,0.0,1,1,3,1
15,1,25809,0,1,0.0,1,1,4,1
14,2,6204,2,1,0.0,1,1,0,1
12,0,6894,0,1,0.0,1,1,0,1
13,6,26781,0,1,0.0,0,1,4,1
14,4,13911,0,1,0.0,1,1,0,1
16,2,21453,3,1,0.0,1,1,1,1
16,3,863,0,1,0.0,1,1,4,1
14,2,5935,0,1,0.0,1,1,4,1
8,4,8382,0,1,0.0,1,0,3,1
15,4,14668,3,1,0.0,1,1,2,1
14,0,27020,0,1,0.0,1,1,4,1
14,4,21507,0,1,0.0,1,1,2,0
17,0,28274,0,1,0.0,1,1,0,0
14,0,18342,0,1,0.0,1,1,3,1
12,2,6846,0,1,0.0,1,1,1,1
18,4,25905,0,1,0.0,1,1,0,0
8,4,28063,0,1,0.0,1,1,3,1
16,4,19604,0,1,0.0,1,1,4,1
12,3,1286,0,1,0.0,0,1,3,1
18,6,2310,0,1,0.0,1,0,4,1
19,3,8530,0,1,0.0,1,1,1,1
6,6,4862,0,1,1.0,1,1,4,1
8,0,5960,0,1,0.0,1,1,0,0
14,2,24816,0,1,0.0,1,0,1,1
16,2,26407,0,1,0.0,1,1,2,0
9,2,2681,0,1,0.0,1,1,3,0
14,4,26224,1,1,0.0,1,1,4,1
15,3,24563,0,1,0.0,1,1,1,1
12,6,17600,0,1,0.0,1,1,3,1
9,2,786,0,1,0.0,1,0,2,1
14,2,27199,0,1,0.0,1,1,3,1
9,2,23097,0,1,0.0,1,1,2,0
17,3,14860,0,1,0.0,1,1,3,1
17,4,527,2,1,0.0,1,1,3,1
17,4,22128,0,1,0.0,1,1,2,1
12,6,10813,0,1,0.0,1,1,0,1
13,5,27596,0,1,0.0,1,1,3,0
6,3,24992,0,1,0.0,1,1,4,1
11,1,15084,2,1,0.0,1,1,1,1
9,3,7091,2,1,0.0,0,0,3,1
9,6,14690,0,1,0.0,1,1,0,1
11,3,8324,1,1,0.0,1,1,2,1
15,5,7445,0,1,0.0,1,1,0,1
15,4,22306,0,1,0.0,1,1,0,1
9,0,20069,1,1,1.0,1,1,1,1
12,4,22540,0,1,0.0,1,1,0,1
16,1,18688,1,1,0.0,1,1,0,1
7,4,26921,0,1,0.0,1,1,4,0
19,4,23045,0,1,1.0,1,0,1,1
11,0,11385,0,1,0.0,1,1,4,1
11,2,27684,0,1,0.0,1,1,4,1
8,3,17780,1,1,0.0,1,1,4,1
6,3,0,0,1,5.0,1,0,3,1
17,3,14271,0,1,0.0,1,1,1,1
17,0,241,0,1,0.0,1,1,3,1
12,6,14523,0,1,0.0,1,1,4,1
7,5,27822,0,1,0.0,1,1,4,0
17,4,22294,2,1,0.0,1,1,0,1
9,0,19627,0,1,0.0,0,1,4,1
7,6,20601,0,1,0.0,1,0,4,1
12,1,21395,0,1,0.0,1,1,4,0
7,5,10280,0,1,0.0,1,1,3,1
12,4,25146,0,1,1.0,1,1,3,1
10,1,8998,3,1,0.0,1,1,3,1
14,2,13894,0,1,0.0,1,1,3,1
14,0,22572,0,1,0.0,1,1,0,1
12,2,5421,1,1,0.0,1,1,2,1
9,6,9150,0,1,1.0,1,1,3,1
13,3,16693,0,1,0.0,1,1,3,1
18,0,19812,0,1,0.0,1,1,4,1
18,4,16493,0,1,1.0,1,1,1,1
12,3,14946,0,1,0.0,1,0,0,1
14,3,21151,2,1,0.0,1,1,1,1
13,6,15903,0,1,0.0,1,0,1,1
10,2,18704,0,1,0.0,1,1,1,1
9,4,14510,0,1,0.0,1,1,2,0
11,1,27932,1,1,0.0,1,1,0,1
17,1,23895,0,1,0.0,1,1,3,1
15,5,8388,0,1,0.0,1,1,4,1
13,6,17868,0,1,0.0,1,1,0,1
15,3,3162,0,1,0.0,1,1,1,0
9,3,27705,0,1,0.0,1,1,3,1
16,6,6889,2,1,0.0,1,1,1,1
8,2,1019,0,1,0.0,1,1,4,1
14,4,17906,0,1,0.0,1,1,3,1
14,3,24232,0,1,0.0,1,1,0,1
15,3,12766,0,1,0.0,1,1,4,1
15,1,4131,0,1,0.0,1,1,4,1
11,3,17226,0,1,0.0,1,1,4,1
13,4,16329,0,1,0.0,1,1,2,1
10,2,23081,0,1,0.0,1,1,4,0
11,5,9172,0,1,1.0,1,1,3,1
14,5,9531,0,1,0.0,1,1,2,0
11,1,26608,0,1,0.0,1,1,1,0
8,3,24736,1,1,0.0,1,1,3,1
12,6,4099,0,1,0.0,1,1,3,1
14,3,16670,0,1,0.0,1,1,0,0
16,3,8883,0,1,0.0,1,1,2,1
13,5,13814,0,1,0.0,1,1,3,1
11,2,4533,0,1,0.0,1,1,3,1
9,3,8972,0,1,0.0,0,0,4,0
13,1,12553,0,1,0.0,1,1,3,1
15,1,2572,1,1,0.0,1,1,1,1
17,1,21727,0,1,0.0,1,1,3,1
13,3,18410,0,1,0.0,1,1,0,1
14,4,0,0,1,5.0,1,0,3,1
11,1,17496,0,1,0.0,1,1,4,0
10,4,3611,0,1,0.0,1,1,3,1
16,4,17633,0,1,0.0,1,1,0,1
13,2,28002,0,1,0.0,1,1,3,1
15,5,3909,0,1,0.0,1,1,4,1
13,3,0,0,1,5.0,1,0,3,1
12,1,14482,0,1,0.0,1,1,2,0
13,3,4713,0,1,0.0,1,1,4,0
15,1,16100,0,1,0.0,1,1,2,0
13,1,8823,0,1,0.0,1,1,4,0
17,0,9416,2,1,0.0,1,1,3,1
14,3,0,0,1,2.0,1,0,3,1
11,0,16639,0,1,0.0,1,1,2,0
12,0,28374,0,1,0.0,1,1,3,0
8,0,356,0,1,0.0,1,1,3,1
19,3,20894,0,1,0.0,1,1,4,0
7,6,9967,1,1,0.0,1,1,0,1
13,2,14193,0,1,0.0,1,1,4,1
10,1,13737,0,1,0.0,1,1,3,1
9,3,9601,0,1,0.0,1,1,3,1
12,2,17521,0,1,0.0,1,1,3,1
14,4,28436,3,1,0.0,1,1,2,1
13,1,12422,0,1,0.0,1,1,1,1
6,6,28101,0,1,0.0,1,1,3,1
15,1,784,0,1,0.0,1,1,3,1
16,6,84,0,1,0.0,1,1,2,1
13,3,22520,0,1,0.0,1,1,4,1
11,6,9848,0,1,0.0,1,1,3,1
11,1,1259,1,1,0.0,1,1,0,1
9,6,8835,2,1,0.0,1,1,0,1
10,4,24370,0,1,0.0,1,1,0,1
9,0,16051,0,1,0.0,1,1,1,1
14,1,2314,0,1,0.0,1,1,2,1
14,4,21731,0,1,0.0,1,1,3,1
12,5,8088,0,1,1.0,1,1,2,1
16,1,7731,0,1,0.0,1,1,4,1
16,0,14808,0,1,0.0,1,1,4,1
16,6,8127,0,1,0.0,1,1,1,0
11,3,9645,0,1,0.0,1,1,4,1
7,0,6361,0,1,0.0,1,1,4,1
9,5,6544,1,1,0.0,1,1,3,1
13,6,10286,2,1,0.0,1,1,4,1
16,2,21799,0,1,0.0,1,1,2,1
13,2,23940,0,1,1.0,1,1,3,0
17,6,23075,0,1,0.0,1,1,2,0
13,4,15949,0,1,0.0,1,0,1,1
12,2,20472,0,1,0.0,1,1,2,0
12,4,9498,0,1,0.0,1,1,3,1
11,3,16479,0,1,0.0,1,1,3,1
15,2,23134,0,1,0.0,1,1,3,1
13,5,7183,0,1,0.0,1,1,3,1
6,5,18611,0,1,0.0,1,1,3,1
13,5,28265,0,1,0.0,1,1,1,0
13,2,13703,0,1,0.0,1,1,3,1
8,0,1846,0,1,0.0,1,1,2,0
13,2,8160,2,1,0.0,1,1,3,1
16,6,23027,0,1,0.0,1,1,2,1
6,4,14458,0,1,0.0,1,1,4,0
10,1,6447,3,1,0.0,1,1,1,1
9,4,19982,0,1,0.0,1,1,1,1
10,1,28769,1,1,0.0,1,1,1,1
14,5,28498,0,1,0.0,1,1,3,1
17,0,6043,0,1,0.0,1,1,4,1
17,5,5618,0,1,0.0,1,0,3,1
11,3,6260,2,1,0.0,1,1,2,1
11,5,6670,0,1,0.0,1,1,2,1
17,0,26115,1,1,0.0,1,1,1,1
15,0,13951,0,1,0.0,1,0,0,1
18,0,18311,0,1,0.0,1,1,1,1
12,5,26447,0,1,1.0,1,1,1,1
12,3,26682,0,1,0.0,1,1,2,1
16,3,22233,0,1,0.0,1,1,4,1
10,1,2418,0,1,0.0,1,1,1,1
7,6,25809,0,1,0.0,1,1,0,1
13,3,25299,0,1,0.0,1,1,3,1
9,5,18867,2,1,1.0,1,1,1,1
14,1,20983,2,1,0.0,1,1,3,1
8,6,11145,0,1,0.0,1,1,4,0
16,3,17371,0,1,0.0,1,1,3,1
9,4,14893,0,1,1.0,1,1,2,0
7,6,12358,0,1,0.0,1,1,3,0
15,3,16740,2,1,1.0,1,1,4,1
10,3,8157,1,1,0.0,1,1,0,1
11,3,19945,0,1,0.0,1,1,2,0
7,1,7032,0,1,0.0,1,1,4,0
11,2,26718,0,1,0.0,1,1,3,1
11,6,11422,3,1,0.0,1,0,0,1
16,3,24954,0,1,0.0,1,1,0,1
12,4,8453,2,1,0.0,1,1,4,1
11,6,3813,0,1,0.0,1,1,0,1
14,3,3983,3,1,0.0,1,1,4,1
12,3,26061,1,1,0.0,1,1,4,1
11,5,27981,0,1,0.0,1,1,2,1
14,4,12150,0,1,0.0,1,1,2,1
14,1,24249,0,1,0.0,1,1,4,0
6,0,21569,0,1,1.0,1,1,2,1
12,2,8545,2,1,0.0,1,1,2,1
14,0,8701,0,1,0.0,1,1,4,1
9,3,4730,0,1,0.0,1,1,3,1
11,6,21095,0,1,0.0,1,1,4,0
14,2,27991,0,1,0.0,1,1,4,0
13,4,12557,0,1,0.0,1,0,3,0
8,0,18882,0,1,0.0,1,1,4,1
8,4,0,0,1,5.0,1,0,3,1
10,0,16975,3,1,0.0,1,1,1,1
12,4,654,0,1,0.0,1,0,2,1
14,0,16481,0,1,0.0,1,1,3,1
12,6,1225,0,1,0.0,1,1,1,1
15,4,17106,0,1,0.0,1,1,1,0
7,3,0,0,1,5.0,1,0,3,1
8,2,6908,0,1,0.0,1,1,4,0
15,1,12190,0,1,0.0,1,1,0,0
16,5,12259,1,1,0.0,1,1,3,1
15,0,21445,3,1,0.0,1,1,3,1
16,1,9435,0,1,0.0,1,1,1,1
11,0,11476,0,1,0.0,1,1,4,1
11,1,6829,2,1,0.0,1,1,3,1
13,4,20679,0,1,0.0,1,1,1,1
13,6,24886,1,1,1.0,1,1,4,1
11,3,5574,0,1,1.0,1,1,3,1
14,4,18744,0,1,0.0,1,1,0,1
12,6,11661,3,1,1.0,1,0,4,1
11,2,21558,0,1,0.0,1,1,0,1
9,1,9202,0,1,0.0,1,1,4,0
19,5,3606,0,1,0.0,1,1,1,1
10,0,28038,1,1,0.0,1,1,0,1
13,3,8323,1,1,1.0,1,1,1,1
14,5,26690,0,1,0.0,1,1,1,0
11,1,24656,0,1,0.0,1,1,2,1
12,1,274,0,1,0.0,1,1,2,1
15,1,24436,0,1,0.0,1,1,4,0
17,1,9362,0,1,0.0,1,1,1,1
9,3,25479,0,1,0.0,0,0,2,1
8,4,2904,0,1,0.0,1,1,4,1
11,3,12248,2,1,0.0,1,1,4,1
13,3,10057,0,1,1.0,1,1,2,1
14,3,23978,0,1,0.0,1,1,4,1
18,6,5153,0,1,0.0,1,1,1,1
14,5,1771,0,1,0.0,1,1,1,0
17,4,6409,0,1,0.0,1,1,3,0
10,6,27005,2,1,0.0,1,1,0,1
17,3,25262,0,1,0.0,1,1,1,1
14,1,19985,3,1,1.0,1,1,4,1
16,4,6781,0,1,0.0,1,1,3,1
10,3,14510,0,1,0.0,0,0,4,1
11,3,5398,0,1,0.0,1,1,4,0
14,3,10032,2,1,0.0,1,0,2,1
16,3,19626,2,1,0.0,1,1,1,1
10,2,26432,2,1,0.0,1,0,3,1
18,5,25633,1,1,0.0,1,0,3,1
8,4,7685,0,1,0.0,1,1,3,0
14,3,7700,0,1,0.0,1,1,3,1
13,3,12222,0,1,0.0,1,1,4,0
10,4,14272,0,1,0.0,1,1,0,1
12,4,12449,0,1,0.0,1,1,3,1
15,3,28486,3,1,0.0,1,0,2,1
14,0,22698,0,1,0.0,1,1,0,1
16,3,8681,3,1,0.0,1,1,2,1
10,4,1721,0,1,0.0,1,1,4,1
12,4,9187,0,1,0.0,1,1,3,1
11,4,28253,0,1,1.0,1,1,0,1
16,1,14574,1,1,0.0,1,1,0,1
18,0,28397,0,1,0.0,1,1,2,0
11,5,11050,1,1,0.0,1,1,1,1
17,0,11119,0,1,0.0,1,1,3,1
8,3,16082,0,1,0.0,1,1,3,1
10,1,22144,2,1,0.0,1,1,4,1
14,1,19824,1,1,0.0,1,1,1,1
13,0,24975,3,1,0.0,1,1,0,1
8,1,25762,0,1,0.0,1,1,3,0
16,4,24042,0,1,0.0,1,1,0,1
10,5,13217,0,1,0.0,1,1,0,1
14,0,18629,0,1,0.0,1,1,3,1
19,4,2905,0,1,0.0,1,1,3,1
16,2,21701,0,1,0.0,1,1,0,1
6,3,5139,0,1,0.0,1,1,1,1
12,6,7322,0,1,0.0,1,1,0,0
10,2,2147,0,1,0.0,1,1,2,1
12,6,2706,0,1,0.0,1,1,2,1
11,0,3791,0,1,0.0,1,1,3,0
11,0,13457,0,1,1.0,1,1,0,1
15,4,7458,0,1,0.0,1,1,4,1
10,4,12244,0,1,0.0,1,1,3,1
9,6,20123,0,1,0.0,1,1,4,0
15,6,6786,0,1,0.0,1,1,2,1
13,2,13388,0,1,0.0,1,1,3,1
16,3,21531,1,1,0.0,1,1,1,1
10,6,2006,0,1,0.0,1,1,4,1
18,4,7788,0,1,0.0,1,1,3,1
15,6,7108,0,1,1.0,1,1,4,0
12,4,21803,0,1,0.0,1,1,1,1
15,2,8349,0,1,0.0,1,1,2,1
8,1,1379,0,1,0.0,1,1,0,1
12,3,9446,0,1,0.0,1,0,3,0
13,5,8793,0,1,0.0,1,1,3,1
13,6,20064,0,1,0.0,1,1,0,1
12,1,13320,0,1,0.0,1,1,2,0
11,4,25884,0,1,0.0,1,1,4,0
14,5,26477,0,1,0.0,1,0,0,1
17,4,8564,0,1,0.0,1,1,0,1
9,5,8780,3,1,0.0,1,1,1,1
17,2,25428,2,1,0.0,1,1,0,1
13,6,20848,0,1,0.0,1,1,3,1
15,3,8528,0,1,0.0,1,0,3,0
13,6,28764,2,1,0.0,1,1,2,1
8,6,6900,0,1,0.0,1,1,3,1
10,5,23866,0,1,0.0,1,1,4,1
15,3,2900,0,1,0.0,1,1,4,1
12,4,16691,1,1,0.0,1,0,0,1
17,5,11890,0,1,0.0,1,1,0,0
11,0,616,0,1,0.0,1,1,2,1
12,1,8217,0,1,0.0,1,1,0,0
14,1,7138,1,1,0.0,1,1,1,1
13,3,10088,0,1,0.0,1,1,1,0
11,1,18417,1,1,0.0,1,1,1,1
15,6,15967,0,1,0.0,1,1,2,1
14,1,14719,0,1,0.0,1,0,3,1
11,3,4995,0,1,0.0,1,1,2,0
14,3,11754,0,1,0.0,1,1,1,0
13,6,2028,0,1,0.0,1,1,3,0
9,3,14981,0,1,0.0,1,1,1,1
10,4,20229,0,1,0.0,1,1,4,0
16,3,23882,0,1,0.0,0,0,1,1
14,1,4246,3,1,0.0,1,1,4,1
8,0,26010,0,1,1.0,1,1,2,1
15,2,3973,0,1,0.0,1,1,0,1
13,2,10407,0,1,0.0,0,1,0,1
17,5,3517,0,1,0.0,1,1,3,1
12,3,25751,0,1,0.0,1,1,1,1
13,0,27311,0,1,0.0,1,1,4,1
9,5,0,0,1,5.0,1,0,3,1
12,5,21807,1,1,0.0,1,0,0,1
13,3,24571,0,1,0.0,1,1,1,1
11,2,20524,3,1,0.0,1,1,4,1
12,4,22994,0,1,0.0,1,1,4,0
14,5,5135,0,1,0.0,1,1,4,1
11,2,2308,1,1,0.0,1,1,4,1
12,4,11789,0,1,0.0,1,1,4,1
17,6,4348,0,1,0.0,1,0,0,1
18,4,26324,0,1,0.0,1,1,3,0
14,5,5030,0,1,1.0,1,1,3,1
10,4,18383,0,1,0.0,1,0,4,1
10,4,0,0,1,5.0,1,0,3,1
14,5,24568,0,1,0.0,1,1,4,1
15,1,5686,0,1,0.0,1,1,3,1
11,4,1246,0,1,0.0,1,1,0,1
14,3,24313,0,1,0.0,1,1,0,1
10,0,17621,0,1,0.0,1,1,4,1
11,4,19942,0,1,0.0,1,0,3,1
13,4,16019,0,1,0.0,1,1,1,0
16,1,28191,0,1,0.0,1,0,0,1
14,1,20370,0,1,0.0,1,1,2,0
14,1,15741,0,1,0.0,1,1,1,1
14,6,18477,0,1,0.0,1,1,2,1
15,6,23307,0,1,0.0,1,0,1,1
17,2,21116,0,1,0.0,1,1,0,1
10,3,963,0,1,1.0,1,1,1,1
9,3,8472,0,1,0.0,1,1,3,1
14,2,762,1,1,0.0,1,1,1,1
11,5,19576,0,1,0.0,1,0,2,0
20,4,1491,3,1,0.0,1,1,4,1
15,3,21192,3,1,0.0,0,0,0,1
14,2,22632,0,1,0.0,1,1,4,1
16,2,18469,0,1,0.0,1,1,3,1
10,4,22379,0,1,0.0,1,0,4,1
14,2,21967,2,1,0.0,1,1,3,1
10,0,13622,0,1,1.0,1,1,2,0
12,3,21357,0,1,0.0,1,0,3,0
15,5,2679,0,1,1.0,1,1,1,1
17,3,15819,1,1,0.0,1,1,0,1
8,3,11891,0,1,0.0,1,1,2,1
18,2,2420,0,1,0.0,1,1,1,1
15,3,19062,0,1,0.0,1,1,3,1
11,4,1237,0,1,0.0,1,1,1,1
14,4,5403,0,1,0.0,1,1,0,1
8,3,0,0,1,5.0,1,0,3,1
16,2,9507,0,1,0.0,1,1,0,1
13,3,4155,0,1,0.0,1,0,2,1
8,3,10126,0,1,0.0,1,1,3,1
13,5,285,0,1,0.0,1,1,2,1
13,2,24812,0,1,0.0,1,1,2,1
13,4,5224,0,1,0.0,1,1,4,1
13,2,17388,0,1,1.0,1,1,1,1
13,1,2385,0,1,0.0,1,1,2,1
16,1,12410,0,1,0.0,1,1,1,1
11,1,15235,0,1,0.0,1,0,2,1
11,4,16113,0,1,0.0,1,1,2,1
16,4,1413,0,1,0.0,1,1,3,0
9,1,21505,2,1,0.0,1,1,4,1
15,0,27085,0,1,0.0,1,1,3,1
13,3,22920,0,1,0.0,1,1,3,1
11,3,25908,0,1,1.0,1,1,0,1
15,0,5806,0,1,0.0,1,1,2,1
17,6,18042,0,1,0.0,1,1,0,1
11,3,13031,2,1,0.0,1,1,0,1
9,4,24557,0,1,0.0,1,1,3,1
8,6,21804,0,1,0.0,1,1,3,1
14,2,1161,0,1,0.0,1,1,4,1
9,0,10865,3,1,0.0,1,1,1,1
14,4,16671,0,1,0.0,1,1,4,0
10,0,12237,0,1,0.0,1,1,4,0
19,0,18346,0,1,0.0,1,1,0,1
16,3,4101,0,1,0.0,1,1,4,1
15,3,15967,0,1,0.0,1,1,2,1
10,6,1974,0,1,0.0,1,1,3,1
8,0,2652,1,1,0.0,1,1,0,1
10,4,8381,0,1,0.0,1,1,4,0
16,5,10032,2,1,0.0,1,1,3,1
16,6,27851,0,1,1.0,1,0,0,1
8,3,22582,0,1,0.0,1,1,2,1
9,0,3195,0,1,0.0,1,1,0,1
14,3,13847,2,1,0.0,1,1,3,1
10,3,8083,0,1,1.0,1,1,1,1
18,3,15287,0,1,0.0,1,1,1,1
10,0,9857,0,1,0.0,1,1,3,1
15,5,9922,0,1,0.0,1,0,4,0
13,5,2082,0,1,0.0,1,1,2,0
14,5,22725,0,1,0.0,1,1,1,1
12,3,3101,0,1,0.0,1,1,1,1
13,1,25336,1,1,0.0,1,1,4,1
13,0,21316,0,1,0.0,1,1,0,1
11,3,22148,0,1,1.0,1,1,4,1
14,0,1737,0,1,0.0,1,0,1,1
14,5,7821,0,1,0.0,1,1,1,1
12,3,18428,0,1,0.0,1,0,3,0
11,3,21112,0,1,0.0,1,1,3,1
10,3,28293,0,1,1.0,1,1,2,1
15,5,13701,0,1,1.0,1,1,0,1
14,0,217,0,1,0.0,1,1,4,1
19,6,14078,0,1,0.0,1,1,3,1
16,3,18085,0,1,0.0,1,0,1,1
14,5,5224,1,1,0.0,1,1,4,1
13,4,27599,1,1,0.0,0,1,1,1
10,1,23677,0,1,0.0,1,1,3,1
7,4,514,0,1,1.0,1,1,3,1
10,3,25996,0,1,0.0,1,0,0,1
10,5,15164,3,1,0.0,1,1,3,1
8,4,1717,0,1,2.0,1,1,2,1
14,4,18600,0,1,0.0,1,1,1,1
12,5,16482,0,1,0.0,1,1,2,0
14,5,10726,0,1,0.0,1,1,3,0
13,6,22203,0,1,0.0,1,0,0,1
8,2,11940,0,1,0.0,1,1,3,0
13,0,20282,1,1,0.0,1,0,1,1
19,1,17793,0,1,0.0,1,1,1,0
17,3,2813,3,1,0.0,1,1,3,1
16,5,18533,2,1,0.0,1,1,2,1
13,2,25774,0,1,0.0,1,1,4,1
11,3,7068,0,1,0.0,1,1,0,1
9,2,23038,0,1,0.0,1,1,0,1
12,5,2117,2,1,0.0,1,1,3,1
12,0,21260,1,1,1.0,1,1,3,1
14,5,8085,0,1,0.0,1,1,0,1
13,5,6370,0,1,2.0,1,1,3,1
19,6,25191,0,1,0.0,1,1,2,1
13,1,15571,1,1,1.0,1,1,2,1
13,3,22617,2,1,0.0,1,1,0,1
14,4,16624,0,1,0.0,1,0,2,1
15,5,7412,0,1,0.0,1,1,2,1
14,2,13034,0,1,0.0,1,1,4,0
6,2,9275,0,1,0.0,1,1,0,1
11,1,4414,0,1,0.0,1,1,3,1
15,1,27510,0,1,0.0,1,1,0,1
15,0,4600,0,1,1.0,1,1,3,1
15,6,13381,0,1,1.0,1,1,3,1
15,3,7245,0,1,0.0,1,1,3,0
14,5,1170,0,1,0.0,1,0,1,1
15,4,21633,2,1,0.0,1,1,0,1
12,6,4554,0,1,0.0,1,1,4,1
13,4,3551,0,1,0.0,1,1,3,1
20,4,28702,0,1,0.0,1,1,1,1
12,1,6224,0,1,0.0,1,1,4,1
12,2,9116,0,1,1.0,1,0,1,1
18,6,12576,2,1,0.0,1,1,4,1
13,4,6380,0,1,0.0,1,1,1,1
17,6,25610,0,1,0.0,1,1,1,1
9,0,3590,1,1,0.0,1,1,1,1
9,3,15410,0,1,0.0,1,1,1,1
16,5,7791,0,1,0.0,1,1,4,0
14,6,28519,0,1,0.0,1,1,2,0
15,2,444,0,1,0.0,1,0,2,1
16,1,18105,0,1,0.0,1,1,1,1
18,4,11816,0,1,0.0,1,1,4,0
12,5,3007,0,1,0.0,1,1,4,1
12,6,22872,2,1,0.0,1,1,2,1
13,3,15220,0,1,0.0,1,1,1,1
14,2,4836,0,1,0.0,1,1,1,1
10,1,27504,0,1,0.0,1,1,1,1
9,2,8337,0,1,0.0,1,1,3,1
8,3,0,0,1,5.0,1,0,3,1
15,1,10028,0,1,0.0,1,1,3,1
9,0,21258,1,1,0.0,1,0,1,1
16,2,26307,0,1,0.0,1,1,1,1
9,0,23932,0,1,0.0,1,1,0,1
10,4,23494,0,1,1.0,1,1,4,0
13,3,1837,0,1,0.0,1,1,4,1
13,4,10348,1,1,0.0,1,1,1,1
18,2,3044,0,1,0.0,1,1,0,1
10,4,6150,1,1,1.0,1,1,4,1
20,6,13206,1,1,0.0,1,1,2,1
9,0,2829,0,1,0.0,1,0,3,1
12,6,5236,3,1,0.0,1,1,0,1
17,4,27902,1,1,0.0,1,1,2,1
12,0,949,3,1,0.0,1,0,4,1
16,3,20859,0,1,0.0,0,1,4,1
12,1,8189,1,1,0.0,1,1,1,1
15,6,19828,0,1,0.0,1,1,1,0
15,1,7520,0,1,0.0,1,1,2,0
15,1,14809,0,1,0.0,1,1,0,1
10,4,2789,0,1,0.0,1,1,2,0
19,3,28747,0,1,0.0,1,1,2,1
10,4,11328,0,1,0.0,1,1,2,1
10,0,20415,2,1,0.0,1,1,2,1
9,0,14715,0,1,0.0,1,1,2,1
12,4,26003,1,1,0.0,1,0,3,1
15,2,11614,0,1,0.0,1,1,2,0
15,3,22557,0,1,0.0,1,1,0,0
10,4,23740,1,1,0.0,1,1,3,1
14,4,16635,3,1,0.0,1,1,1,1
11,4,16838,0,1,0.0,1,1,3,1
14,5,10867,2,1,0.0,1,0,2,1
9,1,27578,0,1,0.0,1,1,3,0
10,5,27856,0,1,0.0,1,0,2,0
12,6,27818,0,1,0.0,1,1,3,1
11,5,13284,0,1,0.0,1,1,1,1
12,3,4943,0,1,0.0,1,1,2,0
16,0,22884,0,1,0.0,1,1,4,1
7,5,10934,0,1,0.0,1,1,4,1
8,6,10938,3,1,0.0,1,1,3,1
10,6,16740,0,1,0.0,1,1,4,1
18,3,8331,0,1,1.0,1,1,1,1
17,1,17877,0,1,0.0,1,0,2,1
15,2,4471,0,1,0.0,1,1,3,0
8,4,13125,0,1,0.0,1,1,0,1
10,1,20576,2,1,0.0,1,1,3,1
15,4,90,1,1,0.0,1,1,1,1
11,5,15406,2,1,0.0,1,1,4,1
19,1,5304,0,1,0.0,1,0,4,0
10,6,21722,0,1,0.0,1,1,3,0
13,3,10539,0,1,0.0,1,1,4,1
9,4,9984,0,1,0.0,1,1,4,0
6,1,6684,0,1,0.0,1,1,4,1
13,0,14336,0,1,0.0,1,1,0,1
11,5,15310,0,1,0.0,1,1,4,1
11,4,28343,0,1,0.0,1,0,1,0
12,3,0,0,1,5.0,1,0,3,1
12,4,12367,0,1,0.0,1,0,2,1
18,4,18727,3,1,0.0,1,1,1,1
17,3,21675,0,1,0.0,1,1,3,1
17,6,27687,0,1,0.0,1,1,0,1
6,6,15717,1,1,0.0,1,1,0,1
13,5,24405,0,1,0.0,1,0,0,1
10,4,9563,0,1,0.0,1,1,3,1
11,6,4326,0,1,0.0,1,1,4,1
11,0,22643,2,1,0.0,0,1,4,1
10,6,24456,0,1,1.0,1,1,2,1
9,0,18871,2,1,0.0,1,0,3,1
8,1,24182,0,1,0.0,1,1,2,0
11,6,17369,0,1,0.0,1,1,4,0
11,3,9407,0,1,0.0,1,1,2,0
11,3,7693,0,1,0.0,1,1,2,0
16,1,28415,3,1,0.0,1,1,2,1
11,6,24384,3,1,0.0,1,0,1,1
8,6,7560,0,1,0.0,1,1,3,0
14,3,15325,1,1,0.0,1,1,4,1
12,1,10713,2,1,0.0,1,1,0,1
14,3,7377,0,1,0.0,1,1,3,0
8,2,24546,0,1,0.0,1,1,3,0
17,1,13685,0,1,0.0,1,1,3,1
7,4,15713,0,1,0.0,1,1,3,1
14,3,9000,2,1,0.0,1,1,2,1
15,3,4985,0,1,0.0,1,1,0,0
8,4,2155,0,1,0.0,1,1,3,0
12,4,24994,3,1,0.0,1,1,3,1
10,3,22143,0,1,1.0,1,1,1,0
18,1,13627,0,1,0.0,1,1,3,1
13,2,10746,2,1,1.0,1,1,4,1
7,6,12924,0,1,0.0,1,1,1,1
13,2,7053,0,1,0.0,1,1,1,1
10,4,2734,2,1,0.0,1,1,2,1
10,3,8680,2,1,0.0,1,1,1,1
14,4,14079,0,1,0.0,1,1,3,1
11,2,8160,0,1,0.0,1,1,2,1
16,3,16515,0,1,0.0,1,1,3,1
12,0,596,0,1,0.0,1,1,0,1
10,4,21288,1,1,0.0,1,1,4,1
12,5,12218,0,1,0.0,1,1,1,1
14,3,27103,1,1,0.0,1,1,1,1
17,1,28546,1,1,0.0,1,1,3,1
15,2,23065,0,1,0.0,1,1,2,0
9,2,21512,0,1,0.0,1,0,3,1
14,0,11197,1,1,0.0,1,1,4,1
16,4,22755,0,1,0.0,1,1,0,1
11,3,14718,0,1,0.0,0,0,3,1
13,5,10998,0,1,0.0,1,1,0,1
14,3,15649,0,1,0.0,1,1,1,0
10,2,4188,0,1,0.0,1,1,4,1
11,1,25168,0,1,1.0,1,1,2,1
10,2,10052,0,1,0.0,1,1,3,1
19,0,14130,0,1,0.0,1,1,4,1
7,4,3212,0,1,1.0,1,1,3,1
16,6,22943,0,1,1.0,1,1,1,1
14,3,10725,0,1,0.0,0,1,3,1
17,1,3139,0,1,0.0,1,1,4,1
18,4,18029,2,1,0.0,1,1,1,1
14,1,539,0,1,1.0,1,1,3,1
13,3,5170,0,1,0.0,1,1,3,0
17,1,14153,0,1,0.0,1,1,1,1
13,1,8315,1,1,0.0,1,1,3,1
14,6,22229,0,1,0.0,1,1,2,1
15,4,28144,0,1,0.0,1,1,4,1
8,3,6890,0,1,0.0,1,1,1,1
14,2,6557,2,1,0.0,1,1,1,1
10,4,6849,0,1,0.0,1,1,1,0
10,2,22848,0,1,0.0,1,1,2,1
16,2,5299,2,1,0.0,1,1,0,1
12,3,22199,0,1,0.0,1,1,2,1
15,4,7343,0,1,0.0,1,1,3,0
15,5,14041,0,1,0.0,1,1,1,1
12,2,8370,3,1,0.0,1,0,4,1
19,4,28629,0,1,0.0,1,1,3,1
12,6,16569,0,1,0.0,1,1,2,1
16,5,2608,0,1,0.0,1,1,4,0
13,2,23584,1,1,0.0,1,1,0,1
16,4,18892,0,1,0.0,1,0,3,1
9,4,20153,0,1,0.0,1,1,2,0
13,5,26608,0,1,1.0,1,1,3,1
15,2,12513,0,1,0.0,1,1,0,0
15,6,8353,0,1,1.0,1,1,4,1
18,2,27994,1,1,0.0,1,1,1,1
15,6,13301,2,1,0.0,1,1,0,1
14,4,0,0,1,5.0,1,0,3,1
13,0,24488,0,1,1.0,1,1,3,1
9,6,3533,0,1,0.0,1,1,0,1
12,0,25841,2,1,0.0,1,1,3,1
7,0,9495,0,1,0.0,1,1,0,1
9,5,17751,3,1,0.0,1,1,1,1
11,4,9335,0,1,0.0,0,1,0,0
13,6,28646,0,1,0.0,1,1,1,1
12,3,1162,2,1,0.0,1,1,1,1
7,3,27419,0,1,0.0,1,1,3,1
13,1,25436,0,1,0.0,1,1,1,1
15,3,17804,0,1,0.0,0,1,3,1
11,0,21279,0,1,0.0,1,1,4,1
17,5,9337,3,1,0.0,1,1,2,1
15,4,25090,2,1,0.0,1,0,3,1
10,2,27452,0,1,0.0,1,0,0,1
14,1,19288,1,1,0.0,1,1,4,1
12,1,27174,0,1,0.0,1,1,2,1
15,5,17385,0,1,0.0,1,1,0,1
12,6,21100,0,1,0.0,1,1,2,0
14,1,24870,0,1,0.0,1,1,1,1
10,6,26167,0,1,0.0,1,0,1,1
13,1,26819,0,1,0.0,1,1,4,0
12,5,15696,0,1,1.0,1,1,0,1
18,6,27102,0,1,0.0,1,1,4,1
14,2,20641,0,1,0.0,1,0,4,1
8,0,13438,1,1,0.0,1,1,3,1
16,0,11801,0,1,0.0,1,1,0,0
15,3,26374,2,1,0.0,1,1,4,1
8,2,6534,2,1,0.0,1,1,0,1
9,0,172,3,1,0.0,1,0,4,1
13,3,8656,0,1,0.0,1,1,3,1
16,3,7987,0,1,0.0,1,1,3,0
10,5,9903,1,1,0.0,1,1,2,1
11,3,24032,0,1,1.0,1,1,4,1
12,1,22314,0,1,0.0,1,1,3,1
15,3,27380,0,1,0.0,1,1,3,1
13,6,11533,1,1,0.0,1,1,1,1
17,3,14873,1,1,0.0,1,1,2,1
18,4,28710,0,1,0.0,1,1,1,1
12,1,3213,0,1,0.0,1,1,0,1
10,5,16028,0,1,0.0,1,0,1,1
12,6,25302,1,1,0.0,1,0,1,1
8,2,1747,1,1,0.0,1,1,4,1
11,3,19150,0,1,0.0,1,1,0,1
17,2,3318,1,1,0.0,1,1,0,1
9,6,9301,0,1,0.0,1,0,0,1
11,5,4276,3,1,1.0,1,1,4,1
14,0,19610,3,1,0.0,1,1,2,1
7,6,18391,0,1,0.0,1,1,0,1
17,6,22051,0,1,0.0,1,1,1,1
16,6,6767,0,1,0.0,1,1,3,0
11,5,25305,3,1,0.0,1,1,1,1
17,2,19161,0,1,0.0,1,1,2,1
16,5,27350,0,1,0.0,1,1,4,1
9,2,26389,0,1,0.0,1,1,3,1
11,0,13311,1,1,0.0,1,1,0,1
19,4,4416,0,1,0.0,1,1,4,1
12,4,14400,0,1,0.0,1,1,4,0
12,5,26609,0,1,1.0,1,1,3,1
8,6,27135,0,1,0.0,1,1,2,1
13,4,0,0,1,5.0,1,0,3,1
11,3,22498,0,1,0.0,0,0,4,0
14,2,15396,0,1,0.0,1,1,1,0
9,4,4443,0,1,0.0,1,1,4,1
15,3,6876,1,1,0.0,1,1,2,1
14,5,14278,0,1,0.0,1,1,4,1
18,6,19784,0,1,0.0,1,1,1,1
14,1,23805,0,1,0.0,1,1,4,0
11,6,17232,0,1,0.0,1,1,1,0
16,3,9811,0,1,0.0,1,1,2,1
10,1,13463,0,1,0.0,1,1,1,1
13,1,9112,0,1,0.0,1,1,1,1
9,6,4075,0,1,0.0,1,0,3,1
14,5,27026,0,1,0.0,1,1,0,1
6,4,20710,0,1,0.0,1,1,4,1
9,6,2678,0,1,0.0,1,1,0,1
13,3,20894,0,1,0.0,1,1,3,1
12,5,3314,0,1,0.0,1,1,1,0
11,2,19975,1,1,0.0,1,1,1,1
8,0,26717,0,1,0.0,1,1,1,1
7,4,7386,2,1,0.0,1,1,2,1
13,3,15571,0,1,0.0,1,1,1,1
7,3,7550,0,1,0.0,0,0,0,1
13,3,13370,0,1,0.0,1,1,1,1
12,4,25292,2,1,0.0,1,1,3,1
12,1,14083,0,1,0.0,1,1,3,0
11,4,9565,0,1,1.0,1,1,4,1
11,4,510,0,1,0.0,0,1,1,1
14,2,22527,0,1,0.0,1,1,3,1
12,3,27984,1,1,0.0,0,0,3,1
8,2,2038,0,1,0.0,1,1,4,0
19,5,21367,0,1,0.0,1,1,3,1
9,2,20483,0,1,0.0,1,0,1,1
15,1,20756,0,1,0.0,1,1,4,1
12,4,25250,0,1,0.0,1,0,4,1
12,3,19109,0,1,1.0,1,1,2,0
10,0,18790,3,1,0.0,1,1,4,1
17,1,12403,2,1,1.0,1,1,2,1
10,6,16122,0,1,0.0,1,1,4,1
18,6,27136,0,1,0.0,1,1,1,1
10,5,25684,2,1,0.0,1,1,3,1
11,1,4763,0,1,0.0,1,1,2,1
19,5,11938,0,1,0.0,1,1,4,0
11,1,5625,0,1,0.0,1,1,2,0
9,5,11529,2,1,0.0,1,1,1,1
14,2,4336,0,1,0.0,1,1,3,1
12,3,20780,0,1,0.0,1,1,2,1
13,1,18994,0,1,0.0,1,1,0,1
8,2,26322,0,1,1.0,1,1,3,1
16,6,5777,0,1,0.0,1,0,4,1
10,0,11155,0,1,0.0,1,1,0,1
13,5,17112,1,1,0.0,1,1,3,1
14,6,16579,0,1,1.0,1,1,4,1
7,5,26576,0,1,0.0,1,1,1,0
17,4,16634,1,1,0.0,1,0,3,1
13,6,18962,0,1,0.0,1,1,1,0
7,2,12949,2,1,0.0,1,1,0,1
14,5,21287,0,1,0.0,1,1,0,1
18,4,19924,0,1,0.0,1,0,0,1
9,3,6175,2,1,0.0,1,1,1,1
17,0,2110,0,1,0.0,1,1,0,1
12,6,1223,0,1,1.0,1,1,3,0
13,6,16657,0,1,0.0,1,1,4,1
9,3,2474,0,1,1.0,1,1,2,1
17,1,17259,0,1,1.0,1,0,2,0
16,2,16009,0,1,0.0,1,1,0,0
11,4,1559,0,1,0.0,1,1,3,1
14,6,18127,2,1,0.0,1,1,3,1
15,1,3509,0,1,0.0,1,1,3,1
13,0,11544,0,1,0.0,1,1,0,1
10,3,0,0,1,5.0,1,0,3,1
13,1,7294,0,1,0.0,1,1,3,1
10,4,21973,0,1,0.0,1,0,4,1
14,1,20895,0,1,0.0,1,1,0,0
14,2,28567,0,1,0.0,1,1,0,1
12,3,3740,0,1,0.0,1,1,4,1
12,5,19886,0,1,0.0,1,1,2,0
14,3,14502,0,1,0.0,1,1,3,1
16,1,26949,0,1,0.0,1,1,2,1
13,3,6673,0,1,0.0,1,1,2,1
14,4,735,0,1,0.0,1,1,2,1
13,6,9092,0,1,0.0,1,1,1,1
9,5,8095,0,1,0.0,1,1,4,0
10,5,14036,0,1,0.0,1,1,1,1
15,5,14405,1,1,0.0,1,1,1,1
9,6,25370,2,1,0.0,1,1,0,1
12,2,2161,0,1,0.0,1,1,1,1
15,4,16517,2,1,0.0,1,1,2,1
16,4,22806,0,1,0.0,1,1,2,1
7,0,27011,0,1,0.0,1,1,4,1
15,3,15913,0,1,0.0,1,0,1,1
15,1,2857,2,1,0.0,1,1,4,1
9,4,1109,0,1,0.0,0,1,3,1
17,6,17772,0,1,0.0,1,1,4,1
9,3,13884,0,1,0.0,1,1,3,1
6,1,26098,0,1,0.0,1,1,0,1
12,5,22285,2,1,0.0,1,1,4,1
13,6,9955,1,1,0.0,1,1,1,1
10,4,0,0,1,5.0,1,0,3,1
14,1,3252,0,1,0.0,1,1,2,1
14,5,26343,0,1,0.0,1,1,2,1
14,0,21883,0,1,0.0,1,1,1,1
11,1,15340,0,1,0.0,1,1,2,1
10,3,16726,0,1,0.0,1,1,3,1
11,1,25839,2,1,1.0,1,1,4,1
12,0,7366,0,1,0.0,1,1,3,1
15,5,24425,0,1,0.0,1,1,3,1
16,4,2005,0,1,0.0,1,1,0,1
11,2,14712,2,1,0.0,1,1,0,1
13,6,17998,0,1,0.0,1,1,4,1
19,0,9103,0,1,0.0,0,1,0,0
11,3,26434,0,1,1.0,1,1,1,1
15,3,11332,1,1,0.0,1,1,3,1
16,6,2058,1,1,0.0,1,1,0,1
7,6,9899,0,1,0.0,1,1,0,1
15,4,14648,0,1,1.0,1,1,3,1
16,3,11630,3,1,0.0,1,1,0,1
14,1,7598,0,1,0.0,1,1,3,1
6,0,22942,0,1,0.0,1,1,3,1
14,3,0,0,1,5.0,1,0,3,1
13,2,7709,0,1,0.0,1,1,3,1
10,0,23972,1,1,0.0,1,1,2,1
15,5,7463,0,1,0.0,1,1,4,1
9,2,20781,2,1,0.0,1,1,4,1
12,1,12757,0,1,0.0,1,1,3,1
15,5,8718,0,1,0.0,1,1,3,1
12,5,12477,2,1,1.0,1,1,3,1
11,1,24656,0,1,0.0,1,1,2,1
7,3,4168,0,1,0.0,1,1,4,1
16,4,19930,0,1,0.0,1,1,3,1
14,0,7941,0,1,0.0,1,1,4,1
9,5,17684,0,1,0.0,1,1,0,0
15,4,0,0,1,5.0,1,0,3,0
13,5,11385,1,1,0.0,1,1,4,1
7,4,19416,1,1,1.0,1,1,1,1
14,2,24227,3,1,0.0,1,1,2,1
11,4,13396,0,1,0.0,1,1,2,1
15,3,12802,1,1,0.0,1,1,3,1
16,6,18926,0,1,0.0,1,0,0,1
9,6,2419,1,1,0.0,1,1,4,1
11,3,6693,0,1,0.0,1,1,0,1
13,5,20576,1,1,0.0,1,1,3,1
11,4,17091,0,1,0.0,1,1,0,1
12,1,8244,2,1,0.0,1,1,3,1
8,6,25621,0,1,0.0,1,1,3,1
9,3,22659,0,1,1.0,1,1,3,0
12,4,26222,0,1,0.0,1,1,0,1
14,1,14317,0,1,0.0,1,1,0,1
12,5,545,0,1,0.0,1,1,4,1
19,1,27925,2,1,1.0,1,1,0,1
15,2,2177,2,1,0.0,1,1,4,1
12,6,22700,1,1,0.0,1,1,1,1
11,5,11370,0,1,0.0,1,1,3,0
10,5,21194,0,1,0.0,1,1,0,1
15,4,24021,0,1,0.0,1,1,2,0
11,5,4668,0,1,0.0,1,1,0,1
11,3,23067,2,1,0.0,1,1,3,1
12,2,1591,0,1,0.0,1,1,3,1
8,5,14898,0,1,0.0,1,1,2,1
11,4,23513,0,1,0.0,1,1,0,1
12,4,21358,0,1,0.0,1,1,2,1
11,4,24013,0,1,0.0,1,1,3,1
11,6,20979,0,1,0.0,1,1,2,1
10,4,8449,1,1,0.0,1,1,3,1
20,6,1834,0,1,0.0,1,1,4,1
9,1,13725,2,1,0.0,1,1,3,1
15,2,1928,0,1,0.0,1,1,1,1
13,5,5333,0,1,0.0,1,1,4,1
6,0,22764,0,1,0.0,1,1,4,1
8,5,20663,3,1,0.0,1,0,2,1
12,2,17031,0,1,1.0,1,1,4,1
14,4,771,0,1,0.0,1,0,2,0
17,4,16498,0,1,0.0,1,1,1,1
16,6,27114,2,1,0.0,1,1,0,1
18,5,23018,0,1,0.0,1,1,1,1
14,0,20520,0,1,0.0,1,1,3,1
14,5,3717,0,1,0.0,1,0,3,0
11,0,18845,0,1,2.0,1,1,4,1
14,4,25354,1,1,0.0,1,0,4,1
9,0,13551,0,1,1.0,1,1,4,1
7,0,13470,0,1,0.0,1,1,4,1
13,1,18738,0,1,0.0,1,1,4,1
9,3,18759,3,1,0.0,1,1,4,1
14,2,28407,2,1,0.0,1,1,4,1
8,3,25131,0,1,0.0,1,1,0,0
13,2,22462,0,1,0.0,1,1,4,1
16,3,2616,0,1,0.0,1,1,3,1
19,2,3195,0,1,0.0,1,1,0,1
18,6,1930,1,1,0.0,1,1,1,1
10,2,12199,0,1,0.0,1,1,3,1
14,1,16808,0,1,0.0,1,1,3,1
17,3,11251,0,1,0.0,1,1,4,1
14,5,16071,0,1,0.0,1,1,4,1
10,5,8853,0,1,0.0,1,1,0,1
7,4,25068,0,1,0.0,1,1,1,1
7,5,25227,0,1,1.0,1,1,2,1
12,4,17130,1,1,0.0,1,1,4,1
12,0,9882,0,1,0.0,1,1,3,1
9,5,10576,0,1,0.0,1,1,3,1
19,3,22409,1,1,0.0,1,1,2,1
11,0,26428,1,1,0.0,1,1,0,1
9,6,4355,0,1,0.0,1,1,2,1
15,5,6135,3,1,0.0,1,1,4,1
8,6,475,1,1,0.0,1,1,2,1
7,5,6723,0,1,0.0,1,1,4,0
9,3,18295,0,1,0.0,1,1,3,1
14,1,11518,1,1,0.0,1,1,2,1
13,5,4820,0,1,0.0,1,1,3,1
15,4,26023,0,1,0.0,1,1,3,0
9,3,2934,0,1,0.0,1,0,4,0
16,3,22812,2,1,0.0,1,1,4,1
14,1,21342,0,1,0.0,1,1,4,1
12,3,1468,0,1,0.0,1,1,4,1
12,2,18515,0,1,0.0,1,1,3,1
14,4,27646,0,1,0.0,1,1,0,0
14,4,28117,0,1,0.0,1,1,4,1
6,5,10644,0,1,0.0,1,1,2,1
15,2,21689,0,1,0.0,1,1,4,1
15,4,6829,0,1,1.0,1,1,3,0
14,3,5795,0,1,0.0,1,1,0,1
15,6,13463,0,1,0.0,1,1,2,0
17,4,25920,0,1,0.0,1,1,3,0
14,0,24800,0,1,0.0,1,1,1,1
9,6,19484,0,1,0.0,1,1,2,0
14,0,14282,0,1,0.0,1,1,2,1
11,4,17958,0,1,0.0,1,0,2,1
9,3,16906,2,1,0.0,1,1,3,1
12,4,4053,0,1,0.0,1,1,2,1
15,4,13879,0,1,0.0,1,1,4,1
14,2,12857,0,1,0.0,1,0,0,1
9,6,4005,2,1,0.0,1,1,4,1
8,6,21655,0,1,0.0,1,1,0,1
14,4,13220,0,1,1.0,1,1,4,0
16,0,27805,0,1,0.0,1,1,3,0
15,5,28328,2,1,0.0,1,1,0,1
9,1,22527,0,1,0.0,1,1,0,1
6,3,0,0,1,5.0,1,0,3,1
14,6,11626,0,1,1.0,1,1,0,1
15,1,13607,0,1,0.0,1,1,2,0
7,2,3472,3,1,0.0,1,1,2,1
16,4,10304,2,1,0.0,1,1,1,1
16,4,22159,0,1,0.0,1,1,3,1
17,4,12598,0,1,0.0,0,1,3,0
11,3,16345,0,1,0.0,1,0,4,1
18,1,5322,0,1,0.0,1,1,4,1
18,3,7327,0,1,0.0,1,1,3,1
18,1,17604,0,1,1.0,1,1,4,1
18,4,6090,0,1,0.0,1,0,4,1
16,2,3825,0,1,0.0,1,1,3,0
15,3,2128,0,1,0.0,0,0,1,1
16,3,27099,0,1,0.0,1,1,1,1
17,2,24265,2,1,0.0,1,1,4,1
12,0,17206,0,1,0.0,1,1,3,1
14,0,13916,0,1,0.0,1,1,4,1
14,1,23637,0,1,0.0,1,1,3,0
11,0,28783,0,1,0.0,1,1,3,1
9,1,23710,1,1,0.0,1,1,3,1
12,2,20571,0,1,0.0,1,1,4,1
13,3,6441,0,1,0.0,1,1,2,1
7,1,21917,0,1,0.0,1,1,3,1
14,4,28732,0,1,0.0,1,1,4,1
14,4,11046,1,1,1.0,1,1,3,1
11,5,7803,0,1,0.0,1,1,4,0
10,6,13853,0,1,1.0,1,1,3,0
11,4,15796,0,1,0.0,1,1,2,0
11,4,3975,2,1,0.0,1,1,0,1
11,5,9135,1,1,0.0,1,1,0,1
13,3,23456,0,1,0.0,1,1,0,1
16,4,19218,0,1,0.0,1,1,4,1
17,4,3609,0,1,0.0,1,1,4,1
14,3,5213,0,1,0.0,1,1,4,1
12,4,12871,1,1,0.0,1,1,4,1
18,6,13580,0,1,0.0,1,1,0,1
16,0,17470,0,1,0.0,1,1,3,1
11,1,11188,0,1,0.0,1,1,3,0
12,2,20704,0,1,0.0,1,1,2,0
16,5,22207,0,1,0.0,1,1,4,0
12,5,13450,0,1,0.0,1,1,2,1
12,6,5506,0,1,0.0,1,1,2,1
17,3,8494,0,1,0.0,1,1,4,1
12,4,5022,0,1,0.0,1,1,4,1
12,3,847,0,1,1.0,1,1,3,1
13,0,25041,0,1,0.0,1,1,4,1
8,3,11997,0,1,0.0,1,0,0,1
10,6,20202,1,1,0.0,1,1,0,1
8,3,20915,0,1,0.0,0,0,1,0
18,1,9018,0,1,0.0,1,1,3,0
8,5,28153,1,1,0.0,1,1,1,1
16,1,23756,1,1,0.0,1,1,3,1
14,6,23711,0,1,0.0,1,1,1,1
12,1,9931,0,1,0.0,1,1,3,1
13,0,26813,0,1,0.0,1,0,0,0
13,2,19720,0,1,0.0,1,1,4,1
10,0,14559,0,1,0.0,1,1,2,0
16,0,16975,2,1,0.0,1,1,1,1
12,0,19005,1,1,0.0,1,1,2,1
14,2,26062,0,1,0.0,1,1,4,0
16,4,11450,0,1,0.0,1,0,1,1
11,0,18417,0,1,0.0,1,1,4,0
8,3,7220,0,1,0.0,1,1,1,1
13,4,21633,0,1,1.0,1,1,3,1
10,3,11105,0,1,0.0,1,1,0,1
8,6,13930,0,1,0.0,1,1,4,1
18,0,17957,0,1,0.0,1,1,0,0
6,4,20971,0,1,0.0,1,1,4,1
13,5,8071,0,1,0.0,1,1,4,1
10,4,27905,1,1,0.0,1,1,2,1
8,2,7449,0,1,0.0,1,1,0,1
15,0,1924,0,1,0.0,1,1,4,1
18,4,13267,0,1,0.0,1,0,0,0
6,5,27622,1,1,0.0,1,1,2,1
9,4,11259,0,1,0.0,1,1,2,1
7,3,3166,0,1,0.0,1,1,0,1
16,3,3968,0,1,0.0,1,1,4,1
11,0,17446,0,1,0.0,1,1,2,0
16,4,8519,0,1,0.0,0,0,2,1
10,4,23166,0,1,0.0,1,1,0,0
15,0,16543,0,1,0.0,1,1,2,1
16,2,721,0,1,0.0,1,1,1,1
12,3,0,0,1,5.0,1,0,3,1
15,5,6102,0,1,0.0,1,1,4,0
7,2,26429,0,1,0.0,1,1,2,1
10,6,9883,0,1,0.0,1,1,4,1
14,4,27991,0,1,0.0,0,0,2,1
13,4,4682,0,1,0.0,1,1,1,1
14,6,21341,2,1,1.0,1,1,4,1
15,4,2520,0,1,0.0,1,1,1,1
7,4,25881,0,1,0.0,1,1,1,0
9,0,6583,3,1,0.0,1,1,2,1
10,1,27787,2,1,0.0,1,1,1,1
16,1,8577,1,1,0.0,1,1,2,1
13,3,0,0,1,5.0,1,0,3,1
11,0,10389,0,1,0.0,1,1,3,1
8,5,12950,0,1,0.0,1,1,0,1
15,3,15363,0,1,0.0,0,0,1,0
18,6,13957,0,1,0.0,1,1,2,0
15,4,3228,0,1,0.0,1,1,4,1
8,3,2463,0,1,0.0,0,0,3,0
14,0,13930,0,1,0.0,1,1,0,1
18,5,16818,0,1,0.0,1,1,3,1
13,0,17674,1,1,0.0,1,1,0,1
13,2,9996,0,1,0.0,1,1,2,1
13,3,18030,0,1,0.0,1,1,0,1
18,4,1397,0,1,0.0,1,1,1,1
12,6,9401,3,1,0.0,1,1,3,1
14,4,12424,0,1,0.0,1,1,3,1
14,2,14542,0,1,0.0,1,0,2,1
15,6,22586,0,1,0.0,1,1,3,1
16,4,25087,2,1,0.0,1,1,4,1
15,5,24101,0,1,0.0,1,1,3,1
12,0,23749,0,1,0.0,1,1,2,1
15,4,18485,0,1,0.0,1,1,0,1
13,5,22791,0,1,0.0,1,1,0,1
14,4,20217,0,1,0.0,1,1,0,1
13,1,21049,0,1,0.0,1,1,0,1
13,0,15802,0,1,0.0,1,1,2,0
11,4,26686,0,1,0.0,1,1,2,0
12,4,10714,0,1,0.0,1,1,0,1
15,4,12236,0,1,0.0,1,1,1,1
11,5,1633,0,1,0.0,1,1,2,1
9,6,13712,0,1,0.0,1,1,1,1
11,3,9697,0,1,0.0,1,1,4,1
15,4,24396,0,1,0.0,1,1,3,0
12,4,14984,0,1,0.0,1,1,4,1
18,3,24630,0,1,0.0,1,1,3,1
17,4,16456,3,1,0.0,1,1,2,1
13,4,20815,1,1,1.0,1,1,3,1
10,2,1861,0,1,0.0,1,1,3,1
12,1,21774,0,1,0.0,1,1,4,1
12,1,16517,2,1,1.0,1,0,3,1
6,2,17613,0,1,0.0,1,1,3,0
8,6,17378,0,1,0.0,1,0,2,1
13,2,20415,0,1,0.0,1,1,4,0
14,6,24448,3,1,0.0,1,0,2,1
16,0,3408,0,1,0.0,1,1,2,1
15,3,12848,3,1,0.0,1,1,0,1
9,1,19392,0,1,0.0,1,0,2,1
11,4,27027,0,1,0.0,1,1,1,1
15,2,14657,0,1,0.0,1,0,3,1
15,2,5347,0,1,0.0,1,1,2,0
10,2,1869,0,1,0.0,1,1,3,0
20,0,19125,0,1,0.0,1,1,1,1
18,5,19896,0,1,0.0,1,1,3,1
15,6,24601,0,1,0.0,1,1,2,1
7,1,21997,1,1,0.0,1,1,0,1
6,0,12337,0,1,0.0,1,1,3,1
13,3,0,0,1,5.0,1,0,3,0
13,3,0,0,1,5.0,1,0,3,1
13,4,24148,1,1,0.0,1,1,4,1
14,2,24105,0,1,0.0,1,1,3,1
8,4,3381,0,1,0.0,1,1,2,1
12,1,21271,0,1,2.0,1,1,0,1
11,4,20943,0,1,0.0,1,1,2,1
19,4,16369,0,1,1.0,1,1,1,1
11,3,6819,0,1,0.0,1,1,2,1
7,4,19744,0,1,0.0,1,1,3,1
9,0,19765,0,1,0.0,1,1,0,1
9,0,28023,0,1,0.0,1,0,4,1
12,1,13186,0,1,0.0,1,1,4,1
15,6,1853,1,1,0.0,1,1,0,1
17,2,1237,0,1,0.0,1,1,1,0
15,4,16992,0,1,0.0,1,1,2,0
14,2,26143,2,1,1.0,1,1,0,1
17,5,19658,0,1,0.0,1,1,2,1
10,3,27823,0,1,1.0,1,1,0,1
7,3,7281,0,1,0.0,0,0,2,1
9,3,27704,0,1,0.0,1,1,2,1
10,3,14598,0,1,0.0,1,1,3,1
13,0,6515,0,1,0.0,1,0,1,1
14,0,9244,0,1,0.0,1,1,3,1
10,0,28580,0,1,0.0,1,1,4,1
16,6,19580,0,1,1.0,1,1,4,1
13,6,28783,2,1,0.0,1,1,0,1
7,5,8168,0,1,0.0,1,1,1,0
14,4,2835,0,1,1.0,1,1,2,1
11,0,9056,0,1,0.0,1,1,2,1
16,0,11896,0,1,0.0,1,1,4,0
14,4,25883,0,1,0.0,1,1,4,1
12,1,27883,0,1,1.0,1,1,1,1
14,1,859,0,1,0.0,1,1,4,1
13,2,938,0,1,0.0,1,1,4,1
19,3,23704,0,1,0.0,1,1,1,1
8,5,18783,3,1,0.0,1,1,1,1
14,4,26988,1,1,0.0,1,1,3,1
7,3,16917,0,1,0.0,1,1,4,1
11,0,16718,0,1,0.0,1,1,3,0
10,1,14155,0,1,0.0,1,0,4,1
11,0,5266,0,1,0.0,1,1,1,1
18,6,10904,0,1,0.0,1,1,0,1
18,1,12900,0,1,0.0,1,1,4,1
11,5,8533,3,1,0.0,1,1,1,1
18,5,7221,0,1,0.0,1,1,4,1
12,4,16131,0,1,0.0,1,1,4,1
12,6,23049,0,1,0.0,1,1,3,1
7,3,18373,2,1,0.0,1,0,0,1
10,4,2687,0,1,0.0,1,0,1,1
8,2,10440,0,1,1.0,1,1,1,0
14,0,13661,2,1,0.0,1,1,2,1
14,5,10260,0,1,0.0,1,1,2,1
17,0,6752,0,1,0.0,1,1,0,1
7,1,9957,0,1,0.0,0,1,4,0
13,1,8676,0,1,0.0,1,1,4,1
10,2,13595,1,1,0.0,1,1,1,1
10,3,16088,3,1,0.0,1,0,1,1
8,1,5605,2,1,0.0,1,1,3,1
17,5,27577,0,1,0.0,1,0,4,1
12,6,22894,0,1,0.0,1,1,0,0
13,0,17565,0,1,0.0,1,1,2,0
16,0,20574,0,1,0.0,1,1,0,1
13,2,9045,0,1,1.0,1,1,0,1
14,4,19511,0,1,0.0,1,1,0,1
14,5,24465,1,1,1.0,1,1,1,1
10,0,2575,0,1,0.0,1,1,2,1
13,5,27313,0,1,0.0,1,1,2,1
18,6,18777,0,1,0.0,1,1,1,1
15,6,25319,0,1,0.0,1,1,0,1
13,1,11666,0,1,0.0,1,1,4,1
9,6,12325,0,1,0.0,1,1,2,0
15,3,6296,0,1,0.0,1,1,4,1
12,4,17095,0,1,0.0,1,1,1,1
13,1,23206,0,1,0.0,1,1,0,1
14,3,26296,0,1,0.0,1,1,3,0
14,1,23259,0,1,0.0,1,1,4,0
13,2,28184,0,1,0.0,1,1,4,1
14,1,13510,0,1,0.0,1,1,4,1
15,6,22920,0,1,0.0,1,1,4,1
7,2,19452,0,1,0.0,1,1,3,1
11,4,19918,1,1,0.0,1,1,0,1
7,6,20199,0,1,1.0,1,1,4,1
8,4,27851,0,1,0.0,1,1,4,1
13,1,28068,0,1,0.0,1,1,3,1
12,5,23088,0,1,0.0,1,1,4,1
19,4,2624,2,1,0.0,1,1,0,1
9,1,20921,2,1,0.0,1,1,0,1
10,2,25590,0,1,0.0,1,0,4,1
18,2,10989,0,1,0.0,1,1,2,0
16,1,20549,1,1,0.0,1,1,4,1
15,5,429,0,1,0.0,1,1,0,1
17,0,12961,1,1,0.0,1,1,2,1
17,1,275,0,1,0.0,1,1,2,1
10,4,17780,0,1,0.0,1,1,4,1
14,6,20827,0,1,1.0,1,1,1,1
11,0,21547,3,1,0.0,1,1,4,1
9,3,15279,0,1,0.0,1,1,4,1
10,4,9765,0,1,0.0,1,0,2,1
9,0,27648,0,1,0.0,1,1,3,1
19,1,26884,0,1,0.0,1,1,4,1
17,6,7282,0,1,0.0,1,1,3,1
7,5,8354,0,1,0.0,1,1,2,0
19,5,1595,3,1,0.0,1,1,1,1
14,1,10088,0,1,0.0,1,1,3,1
14,1,14936,0,1,0.0,1,1,2,1
12,1,17120,1,1,0.0,1,1,0,1
10,4,23396,0,1,0.0,1,1,2,1
17,4,502,1,1,0.0,1,1,3,1
11,4,7306,0,1,0.0,1,1,0,1
13,6,5932,2,1,0.0,1,0,0,1
11,6,13374,0,1,0.0,1,1,4,1
11,3,22983,0,1,0.0,0,0,3,1
11,3,16063,0,1,0.0,0,0,3,1
10,3,11338,0,1,0.0,1,1,3,1
13,4,27219,2,1,0.0,1,1,2,1
7,4,1720,0,1,0.0,1,1,4,1
19,5,12249,3,1,0.0,1,1,3,1
14,6,19858,0,1,0.0,1,1,2,0
14,1,19399,0,1,0.0,1,1,3,1
14,1,17115,2,1,0.0,1,1,3,1
17,5,21596,0,1,0.0,1,1,3,1
11,6,7186,0,1,0.0,1,1,3,1
16,1,23328,1,1,1.0,1,1,4,1
17,2,26959,0,1,0.0,1,1,4,1
11,4,9540,2,1,0.0,1,1,4,1
8,5,24228,3,1,0.0,1,1,1,1
16,3,1163,0,1,0.0,1,1,1,1
14,6,4863,0,1,0.0,1,1,0,1
16,1,9993,0,1,0.0,1,0,3,1
7,5,12704,0,1,0.0,1,1,4,1
6,3,7317,0,1,0.0,0,0,3,1
12,4,27849,0,1,0.0,1,0,2,0
17,6,14128,0,1,0.0,1,1,0,1
14,0,7877,0,1,0.0,1,1,1,0
16,3,27506,3,1,0.0,1,0,1,1
18,4,25727,1,1,1.0,1,1,1,1
11,3,12329,0,1,0.0,1,1,2,0
11,1,6042,0,1,0.0,1,1,1,1
16,4,15508,0,1,0.0,1,1,4,1
17,6,25481,0,1,1.0,1,1,4,1
16,5,4027,0,1,0.0,1,1,0,1
17,6,17999,0,1,0.0,1,1,2,1
16,4,24673,0,1,1.0,1,0,4,0
18,2,21159,0,1,1.0,1,1,1,1
15,1,7282,1,1,0.0,1,1,1,1
17,4,21882,0,1,0.0,1,1,3,1
15,3,19287,0,1,0.0,1,0,0,1
16,6,21461,1,1,0.0,1,1,1,1
13,3,21007,0,1,0.0,1,1,3,1
18,1,21554,0,1,1.0,1,1,3,0
15,2,10604,0,1,0.0,1,1,1,1
17,6,14492,0,1,0.0,1,1,3,0
9,5,12509,0,1,0.0,1,1,0,1
8,5,17230,0,1,0.0,1,1,2,1
14,3,27409,0,1,0.0,1,1,4,1
7,0,7419,0,1,0.0,1,0,0,1
15,1,21564,0,1,0.0,1,1,4,1
12,2,15285,2,1,0.0,1,1,4,1
17,4,26847,0,1,0.0,1,1,3,1
15,5,9259,0,1,0.0,1,1,2,1
14,3,1261,0,1,0.0,1,1,4,1
6,1,3223,0,1,0.0,1,1,2,1
12,0,15350,1,1,0.0,1,1,1,1
11,0,9467,2,1,0.0,1,1,0,1
13,3,10746,0,1,0.0,1,1,4,1
9,0,4038,0,1,0.0,1,1,4,1
9,5,20624,0,1,0.0,1,1,4,1
10,5,10039,0,1,0.0,1,1,1,1
17,4,9766,0,1,0.0,1,1,0,1
9,6,2437,0,1,0.0,1,1,3,0
7,4,12563,1,1,0.0,1,0,2,1
18,0,12620,0,1,0.0,1,1,1,1
15,4,1817,0,1,0.0,1,1,1,1
11,3,4789,0,1,0.0,1,1,1,1
9,3,3731,0,1,0.0,1,0,1,1
18,1,10451,0,1,0.0,1,1,4,1
11,5,21105,0,1,1.0,1,1,3,1
15,3,1619,0,1,0.0,1,1,3,1
13,3,10014,0,1,0.0,1,1,3,0
12,3,28215,0,1,0.0,0,0,2,1
8,1,13768,0,1,0.0,1,1,4,1
10,3,27194,0,1,0.0,1,1,4,1
16,6,17645,0,1,0.0,1,1,2,1
11,0,10248,0,1,0.0,1,1,2,1
7,6,25636,0,1,0.0,1,1,4,0
7,4,0,0,1,5.0,1,0,3,1
14,6,16169,2,1,0.0,1,1,4,1
16,6,13899,2,1,0.0,1,0,3,1
10,6,23990,3,1,0.0,1,1,1,1
15,1,20698,0,1,0.0,1,1,0,1
17,5,18496,0,1,0.0,1,1,4,1
12,5,520,0,1,0.0,1,1,1,0
8,3,6153,0,1,0.0,1,1,3,1
11,4,3631,0,1,0.0,1,1,3,1
11,1,9059,3,1,0.0,1,1,1,1
20,3,8071,0,1,0.0,1,1,2,0
13,5,18299,0,1,0.0,1,1,4,1
16,1,8784,0,1,1.0,1,1,1,1
12,3,0,0,1,5.0,1,0,3,1
12,3,14784,0,1,1.0,1,1,0,0
9,4,10174,0,1,0.0,1,1,4,1
17,3,18266,0,1,0.0,1,0,3,1
15,3,3310,0,1,0.0,1,1,4,1
8,4,1767,0,1,1.0,1,1,3,1
11,0,17091,0,1,2.0,1,1,1,0
13,5,9962,0,1,0.0,1,1,3,0
12,4,20698,0,1,0.0,1,1,3,0
16,0,9980,1,1,0.0,1,1,0,1
18,3,10475,0,1,0.0,1,1,4,0
16,4,2054,0,1,0.0,1,1,2,1
12,1,12717,0,1,0.0,1,1,2,0
19,4,9543,0,1,0.0,1,1,3,1
8,0,8240,3,1,0.0,1,1,4,1
11,4,1652,0,1,0.0,1,1,4,0
13,5,10870,0,1,0.0,1,1,4,0
15,1,20610,0,1,0.0,1,1,2,1
14,4,22109,0,1,1.0,1,1,3,0
11,3,4654,0,1,0.0,1,1,1,1
14,1,14266,0,1,0.0,1,1,2,1
12,1,10533,0,1,0.0,1,1,1,1
13,1,16045,0,1,0.0,1,1,0,1
11,2,10932,0,1,0.0,1,1,4,1
12,3,7355,1,1,0.0,1,1,2,1
15,1,7100,0,1,0.0,1,1,2,1
15,3,11272,0,1,0.0,1,1,4,1
9,1,6731,2,1,0.0,1,1,2,1
11,5,16154,1,1,0.0,1,1,3,1
8,0,6536,0,1,0.0,1,1,3,0
19,6,15001,0,1,1.0,1,1,0,1
10,2,25462,0,1,0.0,1,0,2,0
12,4,26104,1,1,0.0,1,1,4,1
17,3,11193,0,1,0.0,1,1,4,1
14,4,4817,0,1,0.0,1,1,0,0
6,4,16924,0,1,0.0,1,1,1,0
11,0,11166,0,1,0.0,1,1,4,0
10,5,20809,0,1,0.0,1,1,1,1
13,1,15516,0,1,0.0,1,0,0,1
14,1,4468,0,1,0.0,1,1,2,1
16,6,4036,0,1,0.0,1,1,2,0
16,2,25756,0,1,0.0,1,1,3,0
12,0,5867,2,1,0.0,1,1,2,1
8,2,12894,0,1,0.0,1,1,0,1
9,3,9638,3,1,0.0,1,1,0,1
13,4,695,1,1,0.0,1,1,4,1
13,6,20504,0,1,0.0,1,1,3,1
12,2,15212,1,1,0.0,1,1,1,1
14,4,0,0,1,5.0,1,0,3,1
17,2,2738,3,1,0.0,1,1,2,1
12,0,23602,0,1,0.0,1,1,3,1
13,3,11147,0,1,0.0,0,0,1,0
14,3,822,0,1,0.0,0,0,2,1
16,0,13249,1,1,0.0,1,1,4,1
16,6,23417,0,1,1.0,1,1,3,0
12,5,17289,0,1,0.0,1,1,3,1
13,0,19146,0,1,0.0,1,1,1,0
15,5,653,2,1,0.0,1,1,1,1
10,2,5160,0,1,0.0,1,1,0,1
7,2,22671,0,1,0.0,1,1,1,1
11,1,26900,0,1,0.0,1,1,0,0
11,4,7986,2,1,0.0,1,1,4,1
9,0,2810,0,1,0.0,1,1,3,1
18,3,21457,0,1,0.0,1,1,1,1
7,6,19677,0,1,0.0,1,1,4,1
13,3,5141,0,1,0.0,1,1,2,1
20,4,7403,0,1,0.0,1,1,1,1
15,4,2252,0,1,0.0,1,1,0,1
16,4,9170,1,1,0.0,1,1,1,1
14,1,13102,0,1,0.0,1,1,0,1
8,3,21718,0,1,0.0,1,1,0,1
10,2,25180,0,1,0.0,1,1,3,1
11,3,12433,1,1,0.0,1,1,3,1
12,5,5810,0,1,0.0,1,1,4,1
15,3,26484,0,1,0.0,1,1,3,1
8,2,73,0,1,1.0,1,1,1,0
11,3,3485,0,1,0.0,1,1,4,1
14,5,4858,0,1,0.0,1,1,3,1
18,5,1543,0,1,0.0,1,1,0,0
11,3,13372,0,1,0.0,0,0,0,1
11,5,8361,0,1,0.0,1,1,4,1
9,4,1329,0,1,0.0,1,0,0,1
14,1,20075,0,1,0.0,1,1,2,0
11,1,1797,0,1,0.0,1,1,1,1
9,3,1761,2,1,0.0,1,1,0,1
18,5,17466,1,1,0.0,1,1,3,1
17,4,13125,0,1,0.0,1,1,3,1
16,4,17602,0,1,0.0,1,1,4,1
10,4,4448,1,1,0.0,1,1,4,1
14,4,15115,0,1,0.0,1,1,4,0
16,1,24864,1,1,0.0,1,1,1,1
7,6,21143,0,1,0.0,1,1,1,0
15,5,19780,0,1,0.0,1,1,4,1
8,6,17479,0,1,0.0,1,1,0,1
11,6,17976,0,1,0.0,1,0,1,1
8,2,22891,0,1,1.0,1,1,1,1
12,3,13107,0,1,0.0,1,0,2,1
10,6,8274,0,1,1.0,0,1,2,1
8,2,2341,0,1,0.0,1,0,2,1
12,5,2589,0,1,0.0,1,1,4,1
15,4,2381,2,1,0.0,1,1,1,1
9,0,14788,0,1,0.0,1,1,3,1
10,6,14639,0,1,1.0,1,1,1,1
16,3,25759,0,1,0.0,1,1,1,1
13,4,1032,0,1,0.0,1,1,4,1
16,5,2717,0,1,0.0,1,1,1,1
13,1,20630,0,1,0.0,1,1,1,1
8,4,21362,0,1,0.0,1,1,3,0
15,3,20304,0,1,0.0,1,1,3,1
18,0,20404,0,1,1.0,1,1,1,0
10,3,1365,0,1,0.0,1,1,2,1
11,6,2610,0,1,0.0,1,1,2,1
17,0,5607,0,1,0.0,1,1,1,1
8,5,17866,0,1,0.0,1,1,4,1
15,6,24136,1,1,0.0,1,1,1,1
13,2,9430,0,1,0.0,1,1,1,1
17,3,18513,0,1,0.0,1,1,4,0
9,4,23013,2,1,0.0,1,1,4,1
13,4,25681,0,1,0.0,1,1,4,1
12,1,6444,1,1,0.0,1,1,4,1
11,5,23666,0,1,0.0,1,1,1,1
14,1,2745,0,1,0.0,1,0,2,0
11,2,15767,0,1,0.0,1,1,0,1
13,0,23233,0,1,0.0,1,1,1,1
10,1,3507,0,1,0.0,1,1,3,1
10,4,23642,0,1,0.0,1,1,3,1
16,3,28665,3,1,0.0,1,1,4,1
12,6,17729,0,1,0.0,1,1,4,1
13,4,17931,0,1,0.0,1,1,4,1
19,6,1795,0,1,0.0,1,1,4,1
13,4,0,0,1,5.0,1,0,3,1
18,6,26581,2,1,0.0,1,1,0,1
12,0,854,0,1,0.0,1,1,1,1
6,0,24873,0,1,0.0,1,0,3,0
16,3,20656,0,1,0.0,1,1,2,1
11,5,25908,0,1,0.0,1,1,4,0
17,4,7103,0,1,0.0,1,1,0,1
18,1,7595,2,1,0.0,1,1,2,1
20,6,9743,2,1,0.0,1,1,2,1
17,5,13063,2,1,0.0,1,1,4,1
12,4,9540,2,1,0.0,1,1,0,1
11,5,10441,0,1,0.0,1,1,2,1
14,2,6648,0,1,0.0,1,1,2,1
8,3,16615,0,1,0.0,1,1,0,0
6,4,20801,0,1,0.0,0,1,4,1
13,6,11355,0,1,0.0,1,1,2,0
9,0,20491,0,1,0.0,1,1,3,1
15,5,513,1,1,0.0,0,0,4,1
15,5,19116,2,1,0.0,1,1,3,1
11,0,23484,0,1,1.0,1,0,2,0
12,2,20822,0,1,0.0,1,1,3,1
6,3,17351,2,1,0.0,1,1,4,1
12,6,23650,0,1,0.0,1,1,3,1
17,3,26214,0,1,0.0,1,0,4,1
14,3,22002,0,1,0.0,1,1,4,1
8,4,1970,0,1,0.0,1,0,4,1
18,1,17319,0,1,0.0,1,1,0,0
19,3,521,0,1,0.0,1,1,2,1
16,0,25647,0,1,0.0,1,1,0,1
16,2,21667,0,1,0.0,1,0,4,1
6,2,15724,0,1,0.0,1,1,4,1
9,3,18265,0,1,0.0,1,1,1,1
14,3,4684,0,1,0.0,1,1,2,1
13,5,22306,0,1,0.0,1,1,1,0
14,0,10974,2,1,0.0,1,1,4,1
11,3,9426,0,1,0.0,1,1,4,1
16,2,16207,1,1,0.0,1,1,4,1
14,6,27305,1,1,0.0,1,1,3,1
17,3,24554,0,1,0.0,1,1,1,1
8,4,28692,0,1,0.0,0,0,4,1
8,3,4136,0,1,0.0,1,1,1,0
9,6,2990,0,1,0.0,1,1,0,1
13,2,10593,0,1,0.0,1,1,4,1
15,1,5329,1,1,0.0,1,1,2,1
13,1,11866,0,1,0.0,1,1,1,0
11,6,15246,0,1,1.0,1,1,4,1
17,1,11108,0,1,0.0,1,0,3,1
15,3,22946,0,1,0.0,1,0,2,1
8,0,27484,0,1,0.0,1,1,3,1
7,0,14377,0,1,0.0,1,1,4,0
13,5,4702,0,1,0.0,1,1,1,0
10,5,16174,0,1,1.0,1,1,2,0
7,1,27422,1,1,0.0,1,1,4,1
15,4,24523,0,1,0.0,1,1,2,0
8,5,27777,0,1,1.0,1,0,0,1
14,1,13320,0,1,0.0,1,1,0,0
16,6,2865,0,1,0.0,1,1,0,1
16,6,15675,0,1,0.0,1,1,0,1
18,0,7511,0,1,0.0,0,1,3,1
10,1,7418,2,1,0.0,1,0,1,1
18,0,18446,0,1,1.0,1,1,4,1
13,5,4468,0,1,0.0,1,0,0,1
10,3,4472,0,1,0.0,1,1,2,1
8,5,21880,0,1,0.0,1,1,1,1
16,6,15728,0,1,0.0,1,1,4,1
17,1,17595,0,1,0.0,1,0,2,0
8,0,13889,0,1,0.0,1,1,3,1
14,0,23430,0,1,0.0,1,1,3,1
11,3,27628,0,1,1.0,1,1,1,1
7,5,26450,0,1,0.0,1,1,3,1
14,6,15319,0,1,0.0,1,1,2,1
12,1,10713,0,1,0.0,1,1,0,1
17,5,4468,0,1,0.0,1,0,3,1
18,4,2132,0,1,0.0,1,1,1,1
17,6,26334,0,1,0.0,1,1,3,0
11,2,12985,0,1,1.0,1,1,4,1
11,0,8142,3,1,1.0,1,1,3,1
12,1,14438,0,1,0.0,1,1,0,1
10,3,24594,0,1,0.0,1,0,3,1
16,4,1164,0,1,0.0,1,1,3,1
14,6,11632,0,1,0.0,1,1,0,1
19,4,5183,0,1,0.0,1,1,1,1
15,0,9599,2,1,0.0,1,1,4,1
11,6,14209,0,1,0.0,1,1,0,1
9,5,4371,1,1,0.0,1,1,2,1
14,3,1595,0,1,0.0,0,0,1,0
14,3,23982,1,1,0.0,1,1,3,1
17,4,12531,0,1,0.0,1,1,2,0
14,2,24191,0,1,0.0,1,1,2,1
7,3,0,0,1,5.0,1,0,3,1
8,4,4638,1,1,0.0,1,1,0,1
10,5,12628,0,1,1.0,1,1,4,1
10,6,17561,0,1,0.0,1,1,0,1
9,2,22928,0,1,1.0,1,0,4,1
8,4,21604,0,1,0.0,1,1,2,1
12,3,20662,0,1,0.0,1,1,3,1
10,1,14371,0,1,0.0,1,0,1,1
12,2,1944,0,1,0.0,1,1,4,1
20,3,17591,0,1,0.0,1,1,2,1
10,4,18065,1,1,0.0,1,1,0,1
12,5,7911,2,1,0.0,1,1,4,1
17,0,17992,0,1,0.0,1,1,3,1
5,3,0,0,1,2.0,1,0,3,1
14,4,8257,1,1,0.0,1,1,3,1
9,3,19221,0,1,0.0,1,1,0,1
13,3,25774,0,1,0.0,1,1,1,1
10,3,23298,0,1,0.0,0,0,4,1
9,1,10076,0,1,0.0,1,0,2,1
16,5,8676,1,1,0.0,1,0,3,1
13,4,17363,0,1,0.0,1,1,4,1
11,3,19673,1,1,1.0,1,1,4,1
11,2,26346,0,1,0.0,1,1,2,0
13,4,0,0,1,5.0,1,0,3,1
12,3,8832,2,1,0.0,1,1,4,1
13,4,1474,0,1,0.0,1,0,1,0
15,2,22418,1,1,0.0,1,1,2,1
12,3,1983,0,1,0.0,1,0,2,0
7,5,20779,0,1,0.0,1,1,3,1
11,6,25155,0,1,1.0,1,1,2,1
13,0,1665,0,1,0.0,1,1,1,0
9,2,22539,1,1,0.0,1,1,2,1
14,0,15170,0,1,0.0,1,1,4,1
12,5,19445,0,1,1.0,1,1,3,1
15,0,11381,0,1,0.0,1,1,4,1
16,4,28100,0,1,1.0,1,1,2,1
10,3,22042,2,1,1.0,1,1,3,1
16,5,14543,2,1,1.0,1,1,1,1
16,0,24798,0,1,0.0,1,1,2,1
14,1,15054,0,1,0.0,1,1,1,1
12,3,12434,0,1,0.0,1,1,1,1
13,5,2557,0,1,1.0,1,1,2,0
14,6,21783,0,1,1.0,1,1,2,1
16,6,24246,1,1,0.0,1,1,1,1
12,6,5154,0,1,0.0,1,1,3,1
13,3,12899,0,1,0.0,1,1,2,1
14,0,28596,3,1,0.0,1,1,4,1
10,6,26970,0,1,0.0,1,1,1,0
15,6,107,0,1,0.0,1,0,4,1
13,3,15706,0,1,0.0,1,1,1,0
12,1,3289,0,1,0.0,1,1,0,0
14,2,8552,0,1,0.0,1,1,1,1
16,5,2487,0,1,0.0,1,1,4,0
11,5,10067,0,1,0.0,1,1,3,1
16,5,4664,0,1,0.0,1,1,2,1
16,6,27024,0,1,0.0,1,1,2,0
12,5,27193,0,1,0.0,1,1,2,0
16,4,11119,0,1,0.0,1,1,4,1
14,2,7866,0,1,0.0,1,1,3,1
9,5,12415,0,1,0.0,1,1,0,1
13,0,12618,0,1,0.0,1,1,1,1
12,2,10757,0,1,0.0,1,1,2,0
14,6,24016,0,1,0.0,1,1,3,1
12,6,9189,0,1,0.0,1,1,3,1
7,6,16541,0,1,0.0,1,1,4,1
8,1,20447,0,1,0.0,0,1,0,1
14,6,19210,0,1,0.0,1,1,4,1
19,3,17378,0,1,0.0,1,1,2,1
13,1,24199,0,1,0.0,1,1,3,1
8,2,7812,0,1,0.0,1,1,1,1
16,1,13561,2,1,0.0,1,1,0,1
18,6,12016,3,1,1.0,1,1,2,1
12,6,5579,2,1,0.0,1,1,2,1
12,1,2599,0,1,0.0,1,1,4,1
15,4,15117,0,1,0.0,1,1,3,1
15,5,1953,0,1,0.0,1,1,0,1
13,2,4967,0,1,0.0,1,1,3,1
7,3,21997,0,1,0.0,1,1,0,1
19,0,14503,0,1,0.0,1,1,2,1
16,2,7286,0,1,0.0,1,1,0,1
11,0,1824,0,1,0.0,1,1,4,1
7,6,11028,0,1,0.0,1,1,1,1
11,0,24100,0,1,0.0,1,1,2,1
14,2,23935,0,1,0.0,1,1,1,1
14,2,27680,0,1,1.0,1,0,4,0
13,4,9712,3,1,0.0,1,1,4,1
10,5,3941,0,1,0.0,1,1,3,0
13,4,6747,0,1,0.0,1,0,2,1
10,1,26834,0,1,0.0,1,1,4,0
14,0,10167,0,1,0.0,1,1,0,1
11,4,25009,2,1,0.0,1,1,0,1
9,5,934,1,1,0.0,1,1,3,1
10,3,4592,0,1,0.0,1,1,4,0
10,4,20078,1,1,0.0,1,1,3,1
12,4,11073,0,1,0.0,1,1,1,1
12,5,7518,0,1,0.0,1,1,1,1
12,5,6273,0,1,0.0,1,1,0,1
10,0,20618,0,1,0.0,0,0,1,1
9,4,13323,0,1,0.0,1,1,0,0
11,1,2246,2,1,0.0,1,1,3,1
11,5,670,0,1,0.0,1,1,1,0
7,4,17930,2,1,0.0,1,1,4,1
19,1,1553,0,1,0.0,1,1,4,0
10,6,15686,0,1,0.0,1,0,1,1
10,5,27712,0,1,0.0,1,0,3,1
6,3,7188,0,1,0.0,1,1,2,1
18,0,7993,0,1,0.0,1,1,1,1
12,1,1576,0,1,0.0,1,1,2,0
8,4,17678,0,1,1.0,1,1,4,1
14,1,17344,0,1,0.0,1,1,4,0
9,3,1489,0,1,0.0,0,0,4,0
17,4,24517,0,1,4.0,1,1,1,0
9,3,5982,0,1,0.0,1,1,0,1
12,6,4592,0,1,0.0,1,1,0,0
14,2,15978,0,1,0.0,1,1,0,1
6,0,1637,0,1,0.0,1,1,1,1
11,0,11128,0,1,0.0,1,1,3,1
18,3,13536,0,1,0.0,1,1,2,0
19,6,23293,0,1,0.0,1,1,0,1
8,2,19049,0,1,0.0,1,1,3,1
12,2,19339,3,1,0.0,1,1,3,1
15,3,15599,0,1,0.0,1,1,0,0
17,5,26005,0,1,1.0,1,1,1,1
11,4,16057,0,1,0.0,1,1,4,1
9,5,28268,2,1,0.0,1,1,0,1
15,5,22435,0,1,0.0,1,1,2,0
11,4,25528,0,1,0.0,1,1,4,1
15,1,4516,1,1,0.0,1,1,4,1
18,1,23254,3,1,1.0,1,1,2,1
14,3,24398,0,1,0.0,1,1,1,0
15,5,1882,1,1,0.0,1,1,1,1
11,0,2529,1,1,0.0,1,1,1,1
11,5,18247,0,1,0.0,1,1,0,1
13,2,15049,1,1,0.0,1,1,4,1
9,4,8686,0,1,0.0,1,1,0,0
13,3,12803,0,1,0.0,1,1,4,1
10,0,18541,1,1,0.0,1,1,0,1
11,2,26382,0,1,0.0,1,1,1,0
15,1,20297,0,1,1.0,1,1,2,0
8,6,12371,0,1,0.0,1,1,4,1
12,6,15808,0,1,0.0,1,1,3,1
12,0,22043,0,1,0.0,1,1,2,1
11,0,1596,0,1,0.0,1,1,2,1
16,3,16827,0,1,0.0,1,1,2,1
15,4,10410,0,1,0.0,1,1,1,1
13,1,28486,0,1,1.0,1,1,2,1
9,4,2669,0,1,0.0,0,0,4,1
9,0,26749,0,1,0.0,1,1,1,0
16,1,16744,0,1,0.0,1,1,1,1
11,0,25843,0,1,0.0,1,1,3,1
19,1,6789,0,1,0.0,1,1,1,1
13,4,18415,0,1,0.0,0,1,0,1
15,3,15582,0,1,1.0,1,0,1,0
7,4,17504,0,1,1.0,1,1,2,0
10,0,18679,0,1,0.0,1,1,0,0
14,3,7771,0,1,0.0,1,1,0,1
19,5,5619,0,1,0.0,1,1,0,0
16,6,1749,0,1,0.0,1,1,2,1
13,6,1267,0,1,0.0,1,1,1,1
10,5,10608,0,1,1.0,1,1,0,0
14,0,20378,0,1,0.0,1,1,3,1
10,5,8873,0,1,0.0,1,1,3,0
10,4,21031,0,1,0.0,1,0,2,1
12,2,13810,0,1,0.0,1,1,1,1
11,3,25249,1,1,0.0,1,1,1,1
12,4,7213,0,1,0.0,0,0,3,1
9,1,7417,0,1,0.0,1,1,2,1
10,1,7482,0,1,0.0,1,1,4,1
9,4,27840,0,1,0.0,1,1,1,1
14,0,5310,3,1,0.0,1,1,3,1
13,1,11185,0,1,0.0,1,0,4,1
14,0,19545,0,1,0.0,1,1,3,1
18,6,23094,0,1,0.0,1,0,3,1
9,3,22331,0,1,0.0,0,0,2,0
10,3,24845,0,1,0.0,1,0,2,1
14,1,5923,2,1,0.0,1,1,1,1
17,2,26875,0,1,0.0,1,1,3,1
12,3,5551,0,1,0.0,1,1,4,0
15,4,25028,0,1,0.0,1,1,4,1
11,0,5457,0,1,0.0,1,1,1,1
14,2,2096,0,1,0.0,1,1,2,1
10,2,892,0,1,0.0,1,1,4,1
9,0,8667,0,1,0.0,1,1,0,1
12,2,5713,0,1,0.0,1,1,3,1
8,5,21309,0,1,0.0,1,1,4,1
17,4,11952,0,1,0.0,1,1,1,1
15,0,15421,0,1,0.0,1,1,2,0
13,0,18208,3,1,0.0,1,1,2,1
15,5,13289,0,1,0.0,1,1,3,0
13,4,9141,0,1,0.0,1,1,1,0
14,1,9310,0,1,0.0,1,1,0,1
15,6,10557,0,1,0.0,1,1,1,0
13,0,538,0,1,0.0,1,0,1,1
17,2,27227,0,1,0.0,1,1,4,1
17,0,14848,2,1,0.0,1,1,1,1
12,4,27933,1,1,0.0,1,1,2,1
17,5,16734,0,1,2.0,1,1,4,1
12,6,6136,0,1,0.0,1,1,0,1
13,0,28167,0,1,0.0,1,1,3,1
16,2,14812,0,1,0.0,1,1,3,1
11,0,9792,2,1,0.0,1,1,2,1
11,0,3604,0,1,0.0,1,1,1,1
10,5,17156,0,1,0.0,1,1,4,1
14,4,20463,0,1,0.0,1,1,0,1
9,5,21766,0,1,0.0,1,1,0,1
8,3,14132,0,1,0.0,1,1,2,1
15,6,3856,0,1,0.0,1,1,1,1
7,6,7030,0,1,0.0,1,1,2,1
15,6,13797,0,1,0.0,1,1,4,1
14,3,15963,0,1,0.0,1,1,3,1
11,3,16841,0,1,0.0,1,1,2,1
8,3,6277,2,1,0.0,1,1,4,1
11,2,16407,0,1,0.0,1,1,0,1
12,1,18873,3,1,0.0,1,1,1,1
10,2,16335,0,1,0.0,1,1,2,1
10,2,28127,0,1,0.0,1,1,2,1
16,3,19932,2,1,0.0,1,1,1,1
13,3,21529,0,1,0.0,1,1,3,0
11,6,23700,0,1,0.0,1,1,2,0
13,5,9059,0,1,0.0,1,0,0,0
11,2,18747,3,1,0.0,1,1,2,1
11,3,1392,0,1,0.0,1,0,3,1
9,4,17467,0,1,0.0,1,1,3,1
9,3,20677,2,1,0.0,0,0,4,1
14,0,5667,0,1,0.0,1,1,4,1
13,1,16343,1,1,0.0,1,0,0,1
7,4,18116,0,1,1.0,1,1,2,1
8,0,9508,0,1,0.0,1,0,0,1
14,5,19558,0,1,0.0,1,1,3,1
17,3,13687,2,1,0.0,1,1,1,1
10,5,14101,0,1,0.0,1,0,3,1
18,1,26503,0,1,1.0,1,0,3,1
10,6,5313,0,1,0.0,1,1,0,1
11,4,9473,0,1,0.0,1,1,0,1
9,4,6454,0,1,0.0,1,1,1,1
12,3,0,0,1,5.0,1,0,3,1
18,0,2723,1,1,0.0,1,1,1,1
10,3,3619,2,1,0.0,1,1,4,1
13,1,21327,2,1,0.0,1,1,3,1
9,5,8298,0,1,0.0,1,1,3,0
17,1,25489,0,1,0.0,1,1,0,0
9,5,8442,0,1,0.0,1,1,2,1
18,2,24731,2,1,0.0,1,1,3,1
11,3,19447,0,1,0.0,1,1,1,1
16,4,15867,1,1,0.0,1,1,4,1
9,0,16267,0,1,0.0,1,1,1,1
17,0,4053,0,1,0.0,1,1,2,1
14,0,1675,0,1,0.0,1,1,0,0
10,6,10282,0,1,1.0,1,1,3,1
17,5,8549,0,1,0.0,1,1,3,1
12,5,9500,2,1,0.0,1,1,1,1
12,1,28564,0,1,1.0,1,1,4,1
8,4,26070,0,1,0.0,1,1,2,1
13,4,23678,2,1,0.0,1,1,4,1
7,3,0,0,1,2.0,1,0,3,1
17,4,24167,0,1,0.0,1,1,4,1
9,3,25191,1,1,0.0,0,0,3,1
11,5,27780,0,1,2.0,1,1,4,1
11,4,13008,0,1,0.0,1,0,0,1
15,4,2816,0,1,0.0,1,0,4,1
12,3,11233,0,1,0.0,1,0,3,1
17,4,25767,0,1,0.0,1,1,1,1
10,1,6073,0,1,0.0,1,1,1,1
17,5,16232,1,1,0.0,1,1,0,1
12,5,23285,0,1,0.0,1,1,3,1
13,3,28414,0,1,0.0,1,1,2,0
11,0,14709,0,1,0.0,1,0,0,1
6,5,4651,0,1,0.0,0,0,1,1
14,3,13144,1,1,0.0,0,0,3,1
12,4,19866,0,1,0.0,1,1,0,0
10,2,3138,0,1,0.0,1,1,2,1
11,0,19423,0,1,0.0,1,1,4,1
19,2,17422,1,1,0.0,1,1,1,1
8,1,9173,1,1,0.0,1,1,3,1
11,5,18377,1,1,0.0,1,1,0,1
15,3,15494,0,1,0.0,1,1,3,0
8,2,19832,0,1,0.0,1,1,1,0
